0xfe222BD8FcC0d6Cbec595d2eE000FC4C5f91b906,80
0x3a79262632AbD073bA445aefDAfF1a5488e20B70,46
0x31CA194dF1fF4A7bB0c1B874dB4e530Ef1cfD911,40
0xa027d8d063237bAbFCcd82E0E9d4D97ff45b9321,32
0xb357082eE428826efDb752af040cbF3Efdb84049,32
0x0000000000000000000000000000000000000000,28
0x0d61f6f25E12d74B8eA7bC9A83526441be832F61,20
0x50ED192cbe8A4e0B5F94C1Cdd245a92F454b76c5,17
0x475Cce96552F6Ea23bdf7370Ffb9eb7B3e23b168,12
0xC4907Fc03ba7B2Cf25Ca52b598C243b7479EDC87,12
0x10034CD27ED599bB54870E84B4bf25B090ec6d2D,10
0xDDcB91313B1744e366a088061739D138BCcA56bC,9
0x91bf28E62b7752097aFc4aF2FdbD27d0B41f778f,9
0xdD61b2a56E18b1cABAbbCd4184e23Cf270218EcB,7
0x8ae06d2a588F6A507E0997dcfaeBe5ccf6976bCC,5
0xcCA02C00Ba4A580eB3EBfa20A317CdC17Caed4D5,5
0xAc2aF0Ed1B7185e4346Cdbf439BDE79d897698Be,5
0x7b56efC5039eaC595a175712F34344a7Ee105d1D,5
0xC2d118937292ed6614Cdef46ffE336E40731a7a8,5
0xF3A60FD05491731F6004a88CaA91f7f2dc01461B,5
0x01D8C737Cf92bAAd532a9F5D5eFb3193d639A9E2,5
0x03A507043314ef13A83aFFFbAf15d89055F64666,5
0x0a5503295a0cf364f39B9E175c4b08Ec8fc82D28,4
0xDBbD65026a07cFbFa1aa92744E4D69951686077d,4
0x66633Cc6B84CD127A0bb84864c1a4eA0172469A6,4
0x3E52151b9F13c1F73c095BE69f6CF4fa3Eac14A2,4
0xefBEe49244701f596E49FB649b46A8853f085020,4
0x2C21E5bDF5A29C6D6Dc89838C4815B539f9f8B89,4
0x656b51e1CEaD1d5C2dD64fA68A76aFB7eF91a528,4
0x560545E7f8A76D47056e3928abBF44D4432afc2D,4
0x27c1c08A4a12B005DB81521e42e3679710a8C5C8,4
0x56c202807C8caf656f6818cDC66C51fAf2eA1628,4
0x7B4D11a3E5eaD71AD66fD70eff0Be1a5DD09336B,3
0x560e1C866725eDC4C3AaABE38683A7Ec8420C31F,3
0x22Ad71c076288AF6C73d10eaBaA27178eD243DDD,3
0x43f591061e0c77f6cc4B2f6539c4e8A1f9aFFaa9,3
0xd553Fe129584198F36DcF6e54Cd3176Af2d5BE0b,3
0x0332A05C57a3c9C56F06329fef7B12f30dff8085,3
0x84c9c7dc5091AD2cd6a196Cd86581D3A71D551fA,3
0x7185F37F81D132a185C2f4d19b8108C4a705bB3c,3
0xe40bBd3CD595b1B834719c3E113ea64bBAc20052,3
0x29168cce1A88138e9cdD3aEb509F1DfC6E21a857,3
0x7d4053510C0E2cE0f127cf890FdB84F1A36cDC6D,3
0xA200369d36d9a1040bDddDf7F83995220E87211C,2
0x7a0FB632f86a8C8236aC8960b3a9cada3e7E0B30,2
0xf705Cb1501D04462aB7FF142F1F0ad198175725e,2
0xc560Dfbc06927840cFCDcd75C6662471733CEaBf,2
0x144579Ca8832050eEb8853e1A3793AC99F4b318a,2
0xdbfEaF48cBaD9b9B9AA3d46642c8cC65bBE73E88,2
0x30790ccD8d366552484a27BD0f42E9c980D1C3E9,2
0x052f6f1b6629c3d3982130dd80eD571F63033eDe,2
0xb1Ee654Fe244379FA80487eC0687E2cC16BCB435,2
0x9aFaeAf7baD7349b4B992EB5505A9660C1A8A5Ce,2
0xF4b40B20572D117EAD7b5ca3C7eFf7d3CBdC4067,2
0x525132158d6966AD6BA7b729295a73616a8A06a8,2
0x1e2C165400D6Ea634771F4c2B3892515a1b6725b,2
0x408570441054B712a9F8b4c96101915C75e3f044,2
0xC7b2E791ee0491C8DF611d5CcfD87B17a0cB9897,2
0x38afAEdb78E2A0018860b06FE231292184CA14c3,2
0xa0Cbee656Ef5d7B49882b3D61Fd086082256dfB2,2
0x59C5EF981ddF319e7Dae5328B4f54E8D1EA1d430,2
0x41477A57A8916237A8ff512bA3D9bF487D9cbb79,2
0xeBb28d2c512Ed1786b246C7a96328ab308ce0f42,2
0x9D3714cCEFf1e57D9653158c877dEF1E74bd6f20,2
0xcF8373446363216f0daC6ace39cd3dB12cF8689b,2
0x1D54eE6c2e15B168F35a578Ca2BCf49F6A46c473,2
0xAaF48B7705Bf11f95D439d45053188D559a33983,2
0xc047AC8BF1aa561b2385d39E129Aad4c27ea9237,2
0x10495E143d79296d5222497b7245294dc9e2D596,2
0x500799f9Be283ac2f4D035c83b7BcF55D9d24245,2
0xF8613CDdC962b2Edd5d10cC6feA6e7CeA7A2F423,2
0x98D6716059fE3e1B8a0808d85FE6B9C5795B2E7C,2
0x2Abe15781B310e861Bf70d8988DC5b954F9a2b37,2
0x30D00eEe6abBF2588437D7b9E80CD7F3234111F2,2
0x4fc0e1BaFd06f57aE67c0145d50619Aeae946986,2
0xc60b91e889EFcB261b778E9E49834BCCd316E1bC,2
0xDb87085756AEa0645A690313c4713C74d1457E37,2
0xb0C0f73f84CE7355E755846C123f0a5848304B52,2
0x0EBA3c1E84866A65D99B116b2B3EA4529dA8916f,2
0xAcdb39B36AF8B5AF9394d46258FAdbAaC5da819C,2
0x3B3FC24d1732e4593CcaBCe3A89B7c25102ed3ce,2
0xd3932209fd8a5011931334ac99b8c6D526E035b0,2
0x04c650b361A9f9DEcba87c6b87db11a67bfFcC4E,2
0x1d2622961ef6997Deb6B4Ffd3a81627A3Fdc13A5,2
0x82E0D9d0DC14027BE54C44317542fD680A7766dc,2
0xE272eD5c779119AF2b12cD560cB9bB8D8a09A539,2
0x6134379f4D8E3a39CaAeF3bdd2b713Dd7461A1Ee,2
0x7FCd58B46f76a7B9aADc27CD0A607D5702bc182A,2
0xBf1e5F1808C47E50d3f0E99E23c4Ecf664FcC594,2
0xf4bD058B86946dff0A6EF2a2977Ee4C40EFe8756,2
0x110cF16FC17F24a6df36357f3468e775BEb2AA90,2
0x6fF5723435b7dfC2371B57Fb5cB4c373E5995C78,2
0xFDD867CC29822F89194F0F9c089f9903183d5423,2
0xA55B83A593c2b076B0A9c165090cB5363fb1fE3B,2
0xb0a8B427EE85f03bfa78D278CCe007Cd90B31AAb,2
0x21BF63C0418D4f1D13f884C50498B2259B321b43,1
0xeEfA41FE64f28526123a92Afe87827B6F6F4c2A6,1
0xf66d4094d0c66fC43494B453008f6853b4A45c89,1
0x78b8A76BEa31733777556033e2a116df66C4C41C,1
0x6B2b94B69F03f3B3A917778e610F41F1318A5bf0,1
0x7bae01034704381D3f7B09D3C1F1FBd17D71Acb4,1
0xed641737351A56b75C6C7da7f5AcB2eaBF11Bd36,1
0xED0342BB918e4a237C641f90df08F43F808947c5,1
0xb69ADef1596b2b0f600452581C786E3Db7B87De6,1
0x415799b4Eecc6D561d7Ab97bBD494d469e1155a2,1
0xAdfa6eF1D6223225FEb30478601f69105010492E,1
0x660F8e66D1183A54e85F586b61b9973Eb410A881,1
0xEC9201F6e3C6140F3db587096E25D2f58849Fb6E,1
0x48b6F47b4fb9C69B2597056C90BD8fc71987deE7,1
0x78067EB0b1620d7130898d97AA5510aF0cA3F6D6,1
0xaEF1E5ab36D4f9F7227Fb216f0107F05CE2B1967,1
0xCd02389AC7857Df86301bFc1fF5E0E29779083db,1
0xc2703ea9da719578d5627f2D7E5B471E9281A268,1
0x568f948b6F9476f92107445C24e090283D042C7C,1
0x3bae0F9811fB3869267CaFf8B5a1bAF00a352935,1
0x1604EfA11c5b7392BFd161f6194EB7d636e01C31,1
0x0b493Af26Fa61E5FF84290cA934b7c85E3195505,1
0x5f20a0eE72Cab0162479874316fE6c199a0D5b67,1
0x043AC44F8Cec7e359A31415f1e54459A8c2599a0,1
0x465c63680F2a0B4277d9b4CEcC3f3310e531A77f,1
0x37642f150b392cCbadBa784e7941e58Cb109B639,1
0x2799aaa2c28425B6554914c459da470C5198BC4F,1
0x2f6B67A9E7Ca9f025b786e455261EFe3C65FF7E8,1
0xb3662165450188c938272A3D2Ee8C8790B8D9EC4,1
0xb03c98Ce46Ceeb5489D017a17Ff1534cf155fD8d,1
0xBc741cD9B39F8be9cE7e4bcfFa267DA29f1Aeba7,1
0x5D2e73DD5A395384961d60982A64CEa4Aea2dcFE,1
0xEB29596e0765097C07372ea19f544749C07c9b1E,1
0xFAC219Be81D0236e4167163111298934B53a6D95,1
0x9168a80AF210c511e4BE5b32d7de75124D0a4996,1
0x12924049E2D21664E35387C69429c98E9891a820,1
0x3CF282CD2DF98D8589598fdE938eEcD1Dac9671f,1
0xAEEc8893388B023956441C4e06D637904aaf182C,1
0x473F1332D5352C99A38C7f4F6cf7c35db4c72508,1
0x4215a881dfA38fA2FAced28778c9366eF3E5FBb6,1
0x506685ad6E1D208d37547FD8d10a9124444251aC,1
0x137E0d8152048a33a8e0267614B224AE4DCaa3E6,1
0x282d656A9d95c64522F6Bc1a42EE759DE81e8dc0,1
0x97f156Cd2542629D7ce897D7a8d4966233b1AcC5,1
0x0CBb5995Ea0C30A62F19BC055f9848250063d0C8,1
0x98147e0F0d4fFce4eC2F95861B08FCAFfb555Aac,1
0x8D1F338F8abd714fd09ec13C100A0d7dF693cd5D,1
0xB37403945e54cF0b44A62fD661c55a79fC6809bF,1
0x30b33e450735Eb5A617C2a4B5C66323079730532,1
0x1C670dc214de4819730e7305703ec8C986B8C7fc,1
0x2B062E868df35D6B9749e3d9062Ab2313B3C1a5f,1
0xb6704dfe3AaD48EB2755ADDD7328654479787961,1
0x06902641aFCf24472E29807784042F46950028e8,1
0x7911ED1EeC934F1c3719D5C760c01Cf77F6f38F8,1
0x4C0F3359A4Ef3a4A2BBEe138A34777C102E40848,1
0x2eCcfFD5c709830f440912ca911e37e6043fefE0,1
0xd39785493E981ff6dbB7a8959E468A08541A41F0,1
0xDF4a612ebC3A4135D55b576bbB6b78543c8Be261,1
0x229adB9002A8e42e5f7b8762D09612E9FfD6337F,1
0x3F9d4869D78d34Bb5102A8743D236Dc8BE5703ea,1
0xD069AC7b2dbE28460126952F9c890010E7470227,1
0x85EE7B2f099578e4d4a4358A60dee344D02b2F38,1
0x157e14AEaA74Da672E1C6C36d4d86DC29cc436Cd,1
0xF249cddE7020193D2c836A81b58DD2c1993005FB,1
0x1118003aeb105955eaC012884cB07B36e76e0181,1
0xD9A83FBBC3718D751C5D3Ba14EAFf234B9744976,1
0xdC065fB9bd6D5D6651E257E5799Bd38Eaf005FC6,1
0xDE29E31A9B1032c2f511d53b46253c4D096636Bc,1
0x13192B1056ED57eaa06BB7E49d70964A668e8604,1
0x81360EB964e55441cC587955b9A039F1b60995D2,1
0x0DBb9D306dDCd839f698Adad757C95d30538603A,1
0x928df1cC5eCb8659151e41B86FddBcbe1bEA6B73,1
0x7D39522cCe8312E29aC57DB307f93FAb57d810Dc,1
0xa5f146cBd3eE13F482315dD0F873c2bFbBc5F2C4,1
0x0792980A7E8D858F2ba40E6ddC5F7Ba77fd147f7,1
0x7415a096eC3D3fC08bCDFfa632DcbADb840a2286,1
0x5572905d0c9Ae6387C0EbEa4F8f3CAFF501036B1,1
0x617761e7f8f93A2E817618c910EB5C558e0f99Dc,1
0x7B5C0F647dd507Fbe0e124dfeefDE250c0Fba106,1
0x4288c99A0E2b43D780ed45822E40AE64E2376dCa,1
0xdb6C66aca162d109304d59203E035F89708Bd5aa,1
0xaE03Eb4633D9d47E89787A9361c582DB845Df88b,1
0x5e7c7470dc26377EFa765d2B6797f136B9f6d380,1
0x8aA192f1e2523ed09b32638b16585Fb14903f1f4,1
0xf46d36A35eCA074DAC347baB4F70D969E8Cbce59,1
0x28a62f5c002401683d63Be20f53768f5C1c6E2cF,1
0xd48d4F3E8D226293046E7c6ebA8cB04D4cD89821,1
0xe5b0f31b041E7730c3f8AEf407B0B4C0633EE4eE,1
0x6E703F9264375b88791c958053Be7834eD49d769,1
0xddD8e889e1fA1F6acf7f5Bc76Cef10e4dd965d49,1
0x492b30e7B576aC749F2A398BC31F08d8436Ba504,1
0x96539455E49b8DE5738f85C2347cf7955775f502,1
0x0EAeA94B84Ef62FA7E30624041051537561ea470,1
0xB3566586517495b68f150bbb87136c875598A02a,1
0xfDDeE88c50537eCbf1532cbB29aA9F247A969BBb,1
0xB8e1f0f1E0AaB629eC07aE9e4FA680B58732c643,1
0x672C3b982325bE86E221fe5d0Eb5391ffA9CC8fC,1
0x7848C2D074e2F74D9aBE2C284aEe5F8c997Eab58,1
0x0189af79aD1522909CBDb64BEe0048bb6A5d9d78,1
0x5418c2A09109c285365Fb307632C91F093d8Cc9E,1
0xB024C97E187892CA5da51eA942f136F72635bF50,1
0x45B5D28e8DFF0868E13Da1693C712450422Ab057,1
0x9C88367275f6eA7d8F0b9416Ee927D22d9Ff7D28,1
0x42EeD31a8BB26099364b301ae087ACFB037Ba864,1
0x9e053EA35cEc4d1f274127A799676F85B15be92c,1
0x2Ed27928F116323742dfa0AF99dacD680cD7C495,1
0x10D9A274C8Fd85B9C16D57ae69ea7eb0A72f5876,1
0xdB75103d154F190734cBb4409d6Fe71169e2F7D3,1
0x45a1FE688c01CCfd4606aC31D1F7b10FE2aa875e,1
0x12846A6Da4e729a6B5c33d32F93bf52EE3CAe8C3,1
0x7923220F1a903C4AfEC0e0A7A3a271c3ed04393c,1
0x0EB036276f40f1f0B98000dE40f7e193F02A3178,1
0x431AE3dAa822837C8fDAf0119D6d3A2BAc9cCD36,1
0xcEC96fed4B9866fb3C0CaeB5a9C52Ebc693f8e53,1
0x36229b786b2Cc1cc79E77A225C22C8Cfed8c6c8D,1
0xe5eB3553199604b98f2e7861Dea4420CD58C34D5,1
0x43e65F8116174d1c38Eed3545d21fC37ea34B565,1
0xC05aC07b7FEDB964c993220B6675645c88EAcF5F,1
0x11B9dd6d3129Eb740011b1A948aDCbCB67758a10,1
0x99b17456eD9C3EB3E2F4f292bCB515F8bb9F4640,1
0x3f622411fC576310EDC34c8dF703bD856C490f1e,1
0xE6118452150354c495fCB9F67bb7162f465cF273,1
0xD89Fa527A6BbD17Dc8B201482c0A410583FaDB63,1
0x13Ad89D1C63b07c629492b4e5D1B1039135355BD,1
0x209e39cEEdAaB165fB41E3c29BF3123be9e3d196,1
0x288A4e70Eba5d4f92e28F8CCc561E9fC947304A1,1
0x3Ed6dAE6cC1422e8759bfd2B4f4A253B5b6c6d84,1
0x19655b64BC180742F8CC62129D2B29A4b76897De,1
0x8B2D84AbEa4De54c8dDa04537730948d51358788,1
0xF6A1F53026dC95152269aB4fD5De04CbaffDb528,1
0x76ce075e6CcB713099dEe965F4124fb204c741ab,1
0xAB277F0ADdAbADa86A1222D125d80753216cAAD1,1
0xbBA58B57dA6c6A89aA64Fc0D534Db505366dc5b9,1
0xB0fb231c58Ef465b720e8Bef705C0Cf0FB56572e,1
0xaf45524B83fAd0a9C21C4Bd3b19743151DAe7Cc1,1
0xc4DA6319585Ff59912013338108ca895e48Ac733,1
0x5B8a6044777fe74CB09b1F4b6aD628afA89c80cd,1
0xFDC47b435Bd37c6A93034F7F602580A5a52a99dD,1
0x52F0D610518DF0CB6A4830F0f2f609c327b15290,1
0x037B628d51b6e2921C85d098C823AFe33541bD6A,1
0x55E7e2842D98Ab1909dE75DD49dBc5aF763a215b,1
0x073bd72a224946a368148399C1c8b558605D90bd,1
0x54e0296bD7Bbb2734BE155811Af400Bf338f0C64,1
0x1920a2f2368A6d9B4e20ee4F26ee42c40b4182d9,1
0x39afE2176De832BE2A5164e5fC91E27D1355c88d,1
0x2Bf7145B9dA25567569C15C57758E6A13BBc00f2,1
0xe5D71dDF0dD88F2D7eEcFE0A962f3DfE7023CF5C,1
0xa884DeB7E52522201118058a8981A5A18D99F60C,1
0x9A3B2361ff56AC88888e69034251EF171b9d9FbE,1
0xE69453bD9Cf83f7a3d12B5bAA2E555D76A0c8947,1
0x91628188530F7B93919C81eb4D5dFE9D93ECb5bE,1
0x5B191DEE6A09918C6b729547Dd15ce8Eb83A7085,1
0x34610Fd74786DC3a4384b83FECE9d22D1199A83d,1
0x080BE6ddb9d0E2Afa36F05B2199b06A08826EE4E,1
0x63A43A24DE2CE6B1BFED393f6FAD714B172a977e,1
0x80B21C49b2cB7b3D8956e028a7776DF7863f4538,1
0x572669Ea66380e5eF0df6d0F768791d0f0b014a7,1
0x0B01168b77425d8a4Df02F794d2ceD416EC6e7d4,1
0x1db5Fd3c59e8A3723AB3F044304fDBfE6Dc4Aaba,1
0xB1AC95A15aB91E6746DDf1c1735F8E524aad8D19,1
0xd5Be83b342B5AD3D661Bc47D9531416A5ED94ede,1
0x7Edd0D7532AD40bB85d891C2E7201D656029060F,1
0xCd0A87c465F768CF17A59E8b85691810a368e68A,1
0xEa43e51cb4BAc05e8352157bfBfC15c1d8Fda8a6,1
0x33Ac259b25367E44141D0Ae0Bf089a75806b8038,1
0xE2D435Be0c6A8380e55b6f7cb75a0b5E7D2565f9,1
0x1d1DC008ef7E70acc6251858710fE2C7D4e8e431,1
0xc9e791996Fbc748DC6f5763488ddaDEd4FF925d5,1
0x9C01672bCA7C85b7D0422B8cf93A1D4794DbF08A,1
0x534D4E798B2644266E4C431545925aEB2cE764bb,1
0x323C52594De60819F2009d54dE7d7Ad8D4b1a8F2,1
0x5A254fB84E4b88932072C00D6B5b3114aeEDA153,1
0xbf20064C795362e7A87F6d21fe3C57Bd99e4a9A5,1
0x4913CFF514B8F77b0F1e89507E6CA835eFcd68f3,1
0x0413B621da3adD63B35a88f9C7abE1521DCE587a,1
0xA1bF0B4dB89c0dE39d01d82Df30946BBB777497A,1
0x0FB6B07c2E7e9EaDa6548b3DA9997A19A9658841,1
0x1676c4D77a30F1d9E7fAf0D54459bfcC207A14A1,1
0xf5f985c6758699c44A7e31477EE75C5Cf1Ba487b,1
0xDF25c88Ee68bc2Bc364ac184F67b8854Ef0B0832,1
0xf845A40a01763ba1b83462BEeCee331bc4653ED1,1
0x864d94ad6F71CEb83dF70864063fc31eA9127B2F,1
0xbbc91096961EDD3659D136f8ab3cb8C35b6a88F6,1
0x20313BF6f3071fAe1F44E23f1aED6950030BD1Db,1
0x5b301B69704dC9bfBDfeD62F36B6f8973aC84e51,1
0x642a2deCc241887927B3bE5a3a4f857f0b877ccF,1
0x9830d6B37fe7488707cC4AD7F8B481D75eB2a8C2,1
0x95B040599Eb3Ab880A4291E38b0598cC33993dE3,1
0xF33797902a452D02F06d6EEf1ADf7FCE89630678,1
0x97ac402A98C33cA0194bC51377159c635Ce2f672,1
0x9046F76AD22f913BbCF95A73336C569e1ac2e59a,1
0x42F826A51243e72DE658eb5274316F13163A9d84,1
0x519290b3641D881a6AB5Df4C1b4494FaF1ccBC64,1
0xFED1b842a85B9F8402f716B24C2fB28A5BA42ebc,1
0xE8dB79D4675Da12242Ff24E74ad532834c6900ab,1
0x3c698d1E054A921dcf46Bc213CA407E39AE4Db8d,1
0x25A04Bc7379FAAbc0bE0421DA74191ea51713c8c,1
0x314fd5D24E1Db1fd89c5b5B96025724ac51cE18c,1
0xDa370FFb09574d557eEfAd2F41bd4fd3A53F27a0,1
0x8e78845d990B5e101f44918bfA175eE1d8e70B87,1
0xF1D7561FDaa52e9bc783F4bdF88eAd334afA2dCe,1
0x8ED07226eFac3F6e3543626aCCf302095008b613,1
0x9e602c1920443F01Cb100a57A7F894df8Eb42f66,1
0xEF87243Fe29c2453F87549e02982108a3B832952,1
0xEc9c38f0A06ef3Ab2C549b3EB90c97e69E1E4E9F,1
0xef664bC9783C4F09adbD708C51E682c73F19899D,1
0xB9Dac5C3965e5C582faDdE3B383622747b22E1Ae,1
0x156AC784BaE328f6aFb6403460145BA8B029d3b5,1
0x533230eD2657e7eBA5AE94520fe78955a6548238,1
0xB4c5efF3c5FA2E8c4D9B42c347AE8971D90E69a1,1
0xB7e7b0bFF7e556d033675CaDdcb496f44eFaa14e,1
0xCba3cb170669f8E671BCc44A3b53445A354fa7c1,1
0xA3CbE2F0f98f124c8bCEE4133631beD416669Bd7,1
0x09b93AbCA90eC10B8572d257Ed691c8F82Fc1A3c,1
0x3A505722A21c66c3143BBA976Bb83Ac82AEBfB48,1
0x644e420066Bc23683AB77bA8250079C5BCD4dCa7,1
0x3D635c7E8545710535544E816c54f82deB3BDDb3,1
0xb1a3EB48091fcfC4EdD53745d4afb1763F004B88,1
0xda3b62C6f1611894e578c908EC90Ec2765872088,1
0x89f80508845277300e5bCd612904F7B4bf0d8369,1
0xc1bc64efc56D7dBe2116c93d7CB7AA751c6E1a33,1
0xaebAea3A77E0Fa4784654b32C5d49370e742c93C,1
0xA2c0905a8a1E66CC1633D2031ee21B18D4A42fA6,1
0xADE4FBED97eF37F3BfbaF36B575a1B114DA92155,1
0x163819612F2177b0C09900D8968Fec8F6222d29C,1
0x2b3cF70D77052Cc4e352d6ebF9CE887B225413f9,1
0xDe7945f99f8dF3C03822c91656783699f0fFd7F8,1
0x3a79822d218D9ab9fd4E5c4c992665F0206bA84f,1
0xEFC40d2a2bDF6BC11a12588D254ccF129a7029Cf,1
0x8055F8af78DaDCbcC80a18EbaF9927f2Cb8930EA,1
0x9C5d711cfCB6e0818924F7CfcF02D439b431591E,1
0x1Ad1326Ae5caD3c912D7899649286AFBcf908925,1
0xC62Ac571927CE6675c00e1f8f1906EdaC76316Ff,1
0x88B0BE658E72C5518B37cE0A5625D3fD494dBAFA,1
0x9307FC7ba25f62803Bf666B4Cc6d19662550B25f,1
0xd3674289914F66dddfb316c01245c3167C3Bfab1,1
0x17B04bbA47f1DdAfF1519A98A5f5923B66Aa1407,1
0x4184eA1bf797A9713d418894845121558d4DCDA1,1
0xc6F38CA3B9F12a7C9B17c6d8E832779adC4F548D,1
0x8c49A34F8fa8e2b5eBD748394b8685E0275e657d,1
0x7199c101324F3Af4E1089AA865f7D358696A8acB,1
0xA9fDEbd982B235e8d434E7406f56371FB2B8A9eC,1
0xFD9Eb712D62d2660C23e68C625D53Cd551865271,1
0xE9a1697047d75976142F8b0fDdFe943E664423a1,1
0x33833d4C0C9cF00ffcc8A5D7048A6C5d2821aBa9,1
0xd17c9f8432f057031eA2705902C36729a7E3c66a,1
0xd1a5b91957530E1B3e9cfac1543467C60c352F69,1
0x46e5fAE6F86DB953B1fBfD7EFd2d56B90AF16876,1
0xc4ba929015d42a58c4Dc29C63847d7a81D6284d3,1
0x4442E8F31023A9BC1f13fAeE9239bC79b3dBFa85,1
0xC06d834FB0cAd4C7A3aD1754E42F938A6DDbC2A1,1
0x10b6e1a1EDA38cdFa5c6D92891cA69876d363501,1
0x8C58C739cc456091C0D1CeE900988059b32F4b19,1
0x413D1BF5d32a2d74ad78ff3C1aA110876e6B0629,1
0x5532A4b9B98bc29Ac0B136c745d291C4132a17b4,1
0x83eE33564EA39Cc2152baD87F1D0d464D07FA3aB,1
0xa7Ab74309974C46269E90b001a9a8858172a97b0,1
0xFAb9933Ef539b812A17E4206B314147286cF2a74,1
0xF4Cc8A6a89cEFdbdb515EaB3AC7d76C7F32BD61B,1
0xd002E731B302286009AbAAFD5E05A9853f5f3002,1
0xF7b8de5F139F24f4760460475EcB61e0e1319cAf,1
0x2Bf08f2E7bf56A5aA496ccC0D71a1D86e4b2910a,1
0xbC8Fa485caAF8e4bEbE2A2540eFE29731835DB67,1
0x8b007d95cEC8Cd06293A0EaCc9b2108dDAfAfD91,1
0x144C1dba38B2AD72Ce9125Fc8e0B917aE75e2046,1
0x15Cee7Ac10A4208Ff96f340C237C4Cd531463CB9,1
0x99FDd2a67ba5eC9fb98f451F0e88d0fbEc1eE121,1
0x1F27b0482ace1B82cf7A4f0c55dfc2A05dfCfD75,1
0x262065ce46F223D9A15DD1737B1dE2869Fc21e65,1
0x3989242c1D1FE5D650A17A041C4A277FED777D6D,1
0x54cF78C31739B97F87381b19937d13F04DC9819f,1
0x40F518b319cb0EEe96e0E34462b81C4C5a93FD3a,1
0x1Be49f4c800ec9DE69D3D906ADC995c52B9A23D5,1
0xEd9bBf4711Eb9b8EE73f2B17aF40606069DEF6e2,1
0xafEad6a1601C06493921bdf063B74b8DA8a3993C,1
0x4b0101B75A868c84B5927F172AfC4BDe558152A6,1
0xDf61Fb3147892b8D6010836F77b1b25ccEEbA900,1
0x3aD8b08FAbD4480Db468c3606e3C56AB0fAE2104,1
0xaF2519792Caf949318a7ed676509646D38f42FDf,1
0x4bda94Aa5fa42e9e3747d9cC7f405a04E966fe8C,1
0x157Ea7465237654286Ba3FdfAeFD145cafc8859E,1
0xcC4Cf561Ff49Ec0B8529aa745C6225123dc8B499,1
0x100d878FCe93e8dA7a0866f24425CB4f410c41eE,1
0x506e09E43a9f36493b4Dd91944f6fccEd3681d5a,1
0x4FdbB5d791E3e1157e1e464D3862E21B0EFC0979,1
0xaAC9c28e3DE6c2b2F26A005Ca87B8A5Bb29CA301,1
0x2e7735AdB640c4A1f6C72657c66FbD892D487d5D,1
0x161b1d3aB6cFd2b9F42Ec758FD5a9CEbD0808952,1
0x86c16F44BC75851a9E2E16e28366aDD78169fEA9,1
0x45E13B5680B07Cb88dC5781Dfb79C66e4773E2E9,1
0xACf1222153e2B795Cc35c57C32edD8B8Eae86279,1
0xF39F35f3eD43b2c2525c28ea17b7b6AaCAf1272a,1
0x65DFd614C0Ab5fcBB63E459fA7bB0E90b7D9b17a,1
0xbF77B8a74Db0844032cFfB3EEB487FC500765C4e,1
0xE5Cc673808A976A994eBB5eC48Af16B4B9780daB,1
0x7efD5BA8c85C674016e2154E4739c20a9af81b44,1
0x206D359900f3becFCe0C0F51cA2234D19D367757,1
0x59139d70FF6908b25C90f07B924CA80C51C43B2D,1
0x0bdEA74FA7a7B8f03986c2933c7461fD0E4bb0C0,1
0xaFB14ED8aF4189C8267b28EA5D8423B98D0B4Dab,1
0x040C54C6FcA911cae7ed4A3Ad3261D860FE8586B,1
0x6198A21292308cE287eb9e36e273c1773c5cA888,1
0x2895FF2286A610FE63c6412FCf2D46127439FA68,1
0x020Ee2b3876d33EdE0D7C751a3a4593CAB11b90b,1
0x1cc42446804338f73C9cBa99B5a0e0A695fe1074,1
0xB24B961C30F5a4A0F599513c52b790c2b369d7e0,1
0x757b8564088F39e235e9E5FB57c6FEf37bDD2506,1
0x908faCd15B6f27ACC848f578d8A2976D36a5e948,1
0x6EA012A3249ccc35D020Dd4124b739956966699e,1
0x64a8B1EBEFC4d2783AF9a123a04D2143dDF55599,1
0x929C4D553B99e1522E8ae4F14d7a55135ccB2101,1
0xC0Bc6A4Fbc6f8d364271A0A21571a224a9680846,1
0xF851CbaEc4C1FDe75b25EF1C2C14EE2C327134AB,1
0x76970f4009C8E061888AE3A42FA7Bfa687434b77,1
0x9674a69D76a3d006e38F6F328172B99ecAE33dC6,1
0x1fF6f3f1873230d20EF3A9d9e85CA64F4421F7e0,1
0xe1cD0040985f35EC2C40E009e8Bf773b4B6FCE78,1
0xec51ef3a781D2f32A3a42Bbc49DFEB7A79A871Dc,1
0x999b98242f5384E225a02aFceBb5Cfc817559e65,1
0xA0cc04B4356B7b8db816030E8bf1977bBd75ECFD,1
0x34c7D0638Dab854c7246623575B7839031b4fEF6,1
0xA0B9ba620028d60430Efc0d7654A2b16cf5c674A,1
0xF7d36A57Cbe154fd3d9134CAC44AB49019180E12,1
0x4842a407Ed161BBc77F489411397Ed8AB1eC9e5e,1
0x97219Ef57A528c1f28A07A8c028b13C25464AEA9,1
0xc070f43A770c6435AE5C587D27b7c53641D645C6,1
0x0F9093c9d7fAD2829180a745e75a075E92C0E086,1
0x52A9693B4718CbEEa7EcF7a5A9a9A6A0Fda5f260,1
0xBc0cbDb5D40aa7c24906f5D0ccaDe1DF844f70AF,1
0x042276489F26ce13ABE72d0f947821D4D1034201,1
0x366F7B03ffa176C0226c2AC40c1615aD5BC649b3,1
0x170C2001B1f97945407714A0eBFe169F45B02E42,1
0xe3f7ADad696F3864edeBbf1cf3B80279301edF91,1
0x3E68FCA5b47bF0510DEBB0fa95d51c54B032A1C8,1
0x8b2244bC61c64c2F5BF90D43C3B93ec73C786E3b,1
0xF37A1e05106bd964E5095B328D6Ac5629a1f6b54,1
0x2f52fD101A9d766A87B3b241Ccbe596337310761,1
0xa7f593C77299AE5Da093d6878E51e3cF529B2DFd,1
0x09872Fa1d78dd6E879f6CB0A6075324995dBd581,1
0x6C45a98B88b48026Fd7bcc7f21D7C35a73c6ac99,1
0x034eb98b10a29Ea619973f0468D615F9b17E0a72,1
0x41f5943221d1dde72B35f803d2A393f2cdaE2Bfc,1
0x79Bdda65C706CBdA69C0AD4C8da1d3e91724f48D,1
0x83bbe9CFCc205bb8E53cBa0b51d6db9386CE58B5,1
0x57Bbf050D8920E133869949C0C3803AFfc4015b2,1
0x55DD7D8Db617E34c37b43DB2e1Ef154e2558c6Df,1
0xdAE80D5547F5B9431829eFeb2f654C17FD270b41,1
0x7babefFca22C2079569d573E7bFfbDA93368868e,1
0x992f80E69DFe5D5feEDcA4c500aE50205f1f9861,1
0xE84414941937b8473CaB39d9dDF3a90e085EBBcf,1
0xB3CC09f18F9bea082829A3a92a338cC1E11d19FE,1
0xDb10c9D924B58F5fad3FF0A72888FA10E740850a,1
0x0782b1906A15dDd2E4e8d1553efb176F392E01c6,1
0x9F8B69EB4C91139cd7a8a8E55F16747b11564C67,1
0x70E7F45634a280A4dC335C5B84498c2c35c80f45,1
0xd011e3875e3D0229b0E186E64295aa47994c40d1,1
0xd4aFC7f0c3DdcBE0460956a2920c6a0B3520aA36,1
0xB04613dfb18B8d5Ae4dAf33d6Bac6DC582aBD0BF,1
0x65B5FD4f66e7Edd967B7cBeeD2dc7d2959f72646,1
0x49000B54784C0359A9ed744a5f3505d39043e451,1
0x05431cD62F011Cb44Ec803Fe4AC96FAC651CA494,1
0x9dd711B0cB4430F429231E5Cb9940DBD1952a36f,1
0x80092f94F8D3f9048624ed68F5a0DaBeAfB9FEDC,1
0xDd61Dc5373A90d2D2bbdfDC5FD8B847fdDF5cA0e,1
0x51D2bF026Fde1Ce087c178d9cE3F91FdEbF054E6,1
0x4310FceD738Ac2D50c199A3c2fF5ea1CA2735b86,1
0xDf120d57D4a1D75f2Cfd6d6b454A4b8Af4f5616E,1
0x5A8285Cb9252A1C702c0766eB47e5743BFE16eBa,1
0xB9C9552dcE65323B5E3C37E4E6B7f3B05b7981d9,1
0x525320d8712AeAB3f3FC6195102ABd477AD998Ff,1
0xDe84399fBdb23E8E8f4c4fdC47Ca5c25cCaF26f4,1
0x290dB8d204833eA62e25D581cBB472CFe09B876D,1
0x1Fea22fa1A2bf9A277bd87418251475fBE64425e,1
0xce9b2365A2ffcB47260698965c1b89E5498770aB,1
0x32f3B99BFb91313310346CeBb5D9782D198dd1D7,1
0x8e8Df6A0cED9830AF7841441d401f4c02647F940,1
0x852B888C15A64d69A1Ef16d26A48C1a1C2Ea4Ab4,1
0x135d94fca9769bd38606F030c079cAE200f29E15,1
0x44686173ac5B0052679cBc4eC9Adffd16808dE27,1
0xd020DcD3ed9A57554D98EB29C91f1746b40d22DC,1
0x6B6597710aC103F998e77F48caAD882788E24471,1
0xF823F9D6f0E68E59B385B252d859782aD6BAdc72,1
0x4B12dA20fFB5a9FcEA8807DDc39cE4f0211a5133,1
0xFF4Bae48a145c44429cA93b6D1bC8E655fcb6055,1
0x0Ee5F43ec8C08e60bC07F8d1f12FCd6D6765e8F6,1
0xa758b893faaD655f6944277eb9ece3fE54820a78,1
0x3D51847413663696741ccC5081c1E9744B01c3E7,1
0xC79A23a1eB78BF7D1c5157c8E19F6458554d7468,1
0xcfFD551499C4f300ACB691b50e328E908962c72F,1
0x7d48D925B43E1FA38Fcb8Dd982844d0749666666,1
0x988d8fE44B28ACAc09f2279B95fb258CeDd36b0b,1
0xB1f0B84Ad466004CFd88D6dce286698588b1B519,1
0xECe84522dD4DAb7CF031007f376Ca77b25dcd98b,1
0x7452Abf81Da1490484F0B5a1C74DdcCbb7Ac1B10,1
0xA7Bd1aA5DEEf48eD3cBfF32B222ce6B14b31C806,1
0xc14e473297603C3e68428EA879BE85A95B1Bd08F,1
0x660Ab3a669641CB38dcBF5cdF6957e466c169168,1
0x0215E88bB59718Db221AEFadfdDD10fA417a56c6,1
0x4AD5E43A67f17eb3D372413Fa66d83bfbcE7C331,1
0x733a2EB9A3c942e0152b9f2267D6108D53E5717C,1
0x58DB7C30C7C67b0cb6145a9ee9a2d6827b51041D,1
0x771be05C078cbE33C6531EaF035D5bEbe52E303e,1
0xaB8D53AD7e700a8431C74D5a638C0E6Fc7317707,1
0x04e82f57Fb3e09cf44Dc794471AE07d7740E34A7,1
0x57E1ba57E4a49C102254aaF25750E64663945e40,1
0x0E40adA7bdcB306D055935ca9857D8401aC062EB,1
0x1eaA50BA7058a3b558835D73686608814b08b789,1
0x7abc1a8Eeed999c0feEF260F53bAA91FC332ee32,1
0x2Be5BC676232f5F1A20956043f8A6C30444a98d4,1
0xA7830B0abE7183D041D821Fd766d354d6C7e66d4,1
0x80D445f4BbD972CfAb5D9708c7b829Fb09305aa1,1
0xbEC17f2c94b5f22AE980440201eB2DB95F12fc26,1
0x2Afe98995B0979CDceb5cd0F4Cdd149CAa017b77,1
0x5ECdFd543CF9F9d30A764a91AbaBA843152a612e,1
0x54f5737DF3068c50d35AB274ec885099Ec26C1C1,1
0xC9C854287ECC2B4ABA94234A8B2DEEE9217eE59e,1
0x90c9188717c31dBAf7Cd9880A09c702A3E66B044,1
0xE33BA03711d95C342c0c85180c4739E44ab29389,1
0xB1b11aa1208B91adbbFB421CE39E8F618f9D8a62,1
0x9F36e1c470EdB6957eB3D4889D41bfBe3084ef5F,1
0xc34E1e7ae15410B37Db674955335E8Fd722cb3e6,1
0x28b44C9cf906e7C7e41a85Aa791ac35e8F6a942f,1
0x895796836f2cc73d63F8EAD4d74B92B73AF9AC66,1
0x5153e77079fb5D7EAE5099278c3DB5AC90A91e20,1
0x68fFb94539b164f26051955Bc4B21b8890660D0e,1
0xf99433637CB142c7a2d304ae41C8F3fcf047d07f,1
0xBb673508a9A784FB316042F57502b3D442fa3ba6,1
0x0944Cb0B3D659761eD7A9894c61715F1E91D367A,1
0x5750C56094E65E7Ae3BA7925ec9B439465756635,1
0x97538e1a3821f3327Fe2a2fF4993f3d154f28B01,1
0x8A04a8AA962184143ceBC4EA9295CB959a8cD259,1
0x1998f627ad0F5904165b1796c4b111492365Dad2,1
0xFA0fa60682CA9E8cdB1266400b65edDDebE3C7a6,1
0x275f16513119F0F9Ab75146fFD97697AC0aEc459,1
0x80a345735FBBEf501B08c36f1bDB96740D833f7F,1
0x8490dbCa29C51AAC0293c80A032D34c27FaA773a,1
0xAb5aCc4E241cE7D533B852AEF548ab867F589459,1
0x98488C8A8005E8cae743d571d2a0f87DB288Ea99,1
0xdD0E8bc42f6126D0D2585b4Bf07692D9B172Fc77,1
0x97AbAcf54bAD03f0Fdb5a9aFC6BC48826d2807Dd,1
0x112f0174E51F3039668a9df8783451772EC9DdA9,1
0x0c5FC2971D6234A6f66869c6Cf9b3e1F1cA48343,1
0xcBABb3d40b4BFd4A707377A5D33566aE816607D5,1
0xb86e54Ae30B95B893aC002da8CF19a5d35108249,1
0x6D67d7C698206857689de8EC6621d60cd6A1D79d,1
0xCA248AfBcC09E474EcfbEe249bA89f90db32cb5a,1
0xf01Dd015Bc442d872275A79b9caE84A6ff9B2A27,1
0x1FC06B01B68461Db6AF20001A171f0a3b4635B5A,1
0xbF530634f854038ba3Cf8Ed3a0f9F1c5D78DA3C1,1
0x2834f1869EC9581fc6bF88D5c551B2E482aF6565,1
0xa5F7A90bAD45094aa676f81D580D8B93284E8506,1
0xAcF74edE037468B5aaaD437fE8691E7f5eBF3441,1
0x5a06BA2C3a18c5d1876907d53e757eEA1ABBCcC7,1
0xa3939CaeCf3f7846CFeDEB50ED717c628bf23193,1
0xa843aBDB5e6F9df9daB95dd3d3FEf26b7C670f17,1
0xEBCd250474C27cBaD3C56f3F34e08F97b370AC2d,1
0xA515F7fB260095eebC860425493b8761B4FC9abd,1
0x73E9fc119F747a5B63A06F705fA5ab1a174B559D,1
0x4061cD993072CC4Ecd092beac12F2965dE04ff72,1
0x468d3175a79038f9882b5563C88A4a449e0A9954,1
0xA12E8b11eD7a5Eb91085c1ca5F8cFD6BE3d26F31,1
0x4f1A185c97e6CBE4AD6Df11342B7FfE71818ccBf,1
0x6b15dfffa58442f2F198F4C0a9E2525D4E53E206,1
0xF4E57D7AC8670437428f67Ea8a0673833124A32e,1
0x8316666E2557B2F92186964bF148134cc064a14c,1
0x1225A61c2a367D7a45197b086AcdCf2c195482C3,1
0x2B39399cB22f7E2e7b450196f915817DFa6E976C,1
0xbAF26D751cBa53E60eC8751C48E3811b154EBdA3,1
0x10789878f00E551B6Cb48f26729c9abDF6C669d7,1
0x7c471e0578638960F36c51560e4B0eb318512FA7,1
0x6e5ff582debBf31C42Ec354FA046136EffD847eB,1
0x7ec9932e7De1Ca2dC93A4EdF382ddF2e5D50a1E3,1
0x82c5B52CCEfC6e2fC0a03871B70d9f0fbDa46d07,1
0x77Bc3254419072c5b554700B4d1C4f4C0c772Db4,1
0xE6C8126C69B5f9D8A295b155C5D95dEd20255Fa4,1
0xb1A97A9070cFaa4d5653911E7D565E1EC819dF4A,1
0x556A257F8Ef54Cc0ab7EaBBfC74302047F528A6D,1
0xCf826B96C2Fb888373A77c3d327b3F19aea01a21,1
0xECD80553022E97804c85DeE2C0DaC59C1a5FEE22,1
0x0a8841c8451F59FDeFE4A41e17E9e4a0B61c8813,1
0x58a51f8d274B639101155Fe79Dd26d16444F9d0d,1
0x134BCeccab8484B600c538fa605fB7d96CDfb22a,1
0xF6d4C06ac39Aa51569cb3C61F2B01c836a145Ec3,1
0x11E14b7A383F3D7B82dD63da8f9B6B4D6c392B6e,1
0xe19CCcD55330c0013096CC4c2Fd6dAB4eD20D829,1
0x0d35fD6928CEd141e6aF4F5e58c02C79aEe7a9ae,1
0xb16fD9113C315861b0E543c075400dA90451CfA6,1
0xe38D5840A51F7dA315b085BAcf144969A8006E72,1
0x3d7505CB6e263EBD907E3dCC49e98E0fF8e6406B,1
0x69bf94b5CB0D5dc859632A69C0C477CB1Ae6202e,1
0xd9cf6912c1ae6626F83f28D2549Fd35c04ebc8bE,1
0xAec1028a1EfcC54Fd702A6fB409C27acb6f71041,1
0xca490E9aB7db457f9D0A5c13191D3e58Da25cA75,1
0xa4E576d058a06429b47350B4A7280BA9ff4e93Ae,1
0xbDC4D6B899a15adb49a8dA53da826691121Ce9B3,1
0x43F64dCdce1f225AB9Cc1AB58aC7056A41FC4880,1
0x069EAF0625FC0205CFa86D5152C07867F13346a0,1
0xE954F4c5249C505876DEC5324754Ac91471Ecc36,1
0xdEcA951FD4dE77F1Aa4e36D7dE549Eee48070427,1
0x350FA31C0d3423106B02cFB45e9F67486343e0b6,1
0x34d7744B16942Be7aEecC1aBB4f841599d5F5F70,1
0x54345787DbC80Cc1beB048d0179D66CbB6A54f9e,1
0xb6571356D810c8aCbB0F2Cf647AF9D8dABb6E563,1
0xBBd39F262e044034b2d6Df7058030439F778a70e,1
0x79C9c4430dD3c7c8E486b23E65Eaf805b64Df50a,1
0x0f3C3349F89f11ca4035B0CcE3027E9Cc5FC0d55,1
0x17A7Aaa564511583E67C0A85DF4362745B2984bC,1
0xFCe600dB2b8de9a6b5AADee798170bc8e4D993c4,1
0x4dD7AfA9C43Ea792E5da4C341054c6435c71c12e,1
0xBf4850E4e8d6CD2319B8808b65bEdf7Cb15358d4,1
0xd67B21c3Ab3DAa6C5F3506EBd581c58f54FE53B6,1
0xfd4f03ad7Da48Fbcb203E168526bB24ab698e6eF,1
0x92750F95C3a9036e4836FE3a64070ea46f8FDeDd,1
0x9D63038e7f74bc089eb38e61Be8Da937918900D6,1
0x0B6CeA641842ae97cb6F387CcE7EF7AbD16887EB,1
0x013969D1a54272E30B54A8B59F47394e2C3246e6,1
0x6c543fbAfc5A4dF7B85ecd09fF5eb3B5Ebf21e5d,1
0xe9ce25d8C5E27E998258E49CaB3E7869920AFaFC,1
0x55c80FD82B8dD363E83aEC55cc149A5fbCF4c505,1
0xC3EE19826F13b3509c8fEDcC5576552c36dd74BC,1
0xA6703cef72eD7536f6648BA375eCF71DcD25d641,1
0x773E38db30035ead0650B20D85732f1cEFA7A1fe,1
0xD574BF8c9b0716e6245c175D23696F5630Fa8C23,1
0x65fd4df72A4041F8F97EeF1f379766a5C4858aC3,1
0xC0E96A12f4B8F0aB8057449b80200C251C502f79,1
0xa9323148B1791532b085B7BCE8527CC253024E11,1
0x18F349A29aF64dAA157e4DDDd5e1325e051f55EA,1
0x0496eF78345e870731b0A596b58686C1570c3Ed6,1
0xb532Ae34eBBFC1d3290bc76816ba030a2a67411c,1