0x4302d1AaC2E1daD1891CaEB4d3Fedbb517c79fA4,166
0x0000000000000000000000000000000000000000,127
0xD267F6CAE94e68B4a040c4722949212853C74f85,16
0xc28f5789399f41aB981Db01855964A9543479183,15
0x5b301B69704dC9bfBDfeD62F36B6f8973aC84e51,14
0xBf022B19A5D389b0129Bc6D0856051aD4838f986,12
0x40594F31B9F2939851fBE64bFf6dff996c75Fbe7,12
0x4cD6FE7ed295A9bc9CeCA96F83750E6be6119426,10
0x5568d637aEfE29D939a724f64e0515B238353Bfb,9
0x8c57D1Fab10D4B78F49ef5C6ABaEB76a63710f61,9
0x646E3BD22B9D2C40De855Dc467af1528307Ae4D5,9
0xf2DC787F600e1180bea8319A9CDb579F4a7D084e,9
0xd49E50089104826d54753ca616998461F81e54FA,9
0xD4648aFa05071c7e2c3E74e64B017Bf0291Be3a6,9
0xC0Aac4eC8335D78Dd049ec5d99178106D7d654fc,9
0x427BA75Ad72f87064151155dF42aeb00e66C85cC,9
0x5dB9e26D5035C124a9b7dDdD545Fd60C23Cf26D0,9
0x30790ccD8d366552484a27BD0f42E9c980D1C3E9,9
0xB388233Fc7f3391C41392545bccf0909E5cf4b41,9
0x90EB7213Cb30Cb671f1057746d8139C5dcf9B6d1,9
0xc036bd59C47207c52187D2d25195D9219d7789f8,9
0x38afAEdb78E2A0018860b06FE231292184CA14c3,9
0xe2cA5521cAC74d2Bb2ce3e1fAD79A1e71eE5b95A,9
0xb4fe2ccDa14c4f4695B542c144a42b9d6008309f,9
0x38a0C07f7288872Eb759534AF7514960A6FCC1a5,9
0x47378d02AD49aA73DB8FA6f4fD187142da3B47B5,9
0x268703Ed376f7Ef210bBa3A8C4bc7B75AD63C630,9
0x2059b5e2754C780410255e415656ba2be546a469,9
0x5Cd6eC6C709990447EEa61040CAC9079e8247Af0,9
0x07029499D002f0BAC847dE418C26Ede67eCfc9F2,9
0x7e77BD0e63ab0b9b0a1935Df2fDf8fBb85A228C0,9
0x0aBA973bA5Fac4Fc20c3Ad7047fBC992611583d4,9
0xD779a7eDEcdd3841C48933bAefe6A29CA52DfA3C,9
0xcFea7E948C0215e46DA3327A8b505aC1C2CAE6D6,9
0xfbF0736EB2ac1C4bB0193AE54c53e182B18037Fc,9
0x4FddD3ABCAf4eEE299D2CB877A1Cb026627066F5,9
0x3a79262632AbD073bA445aefDAfF1a5488e20B70,9
0x2E7FE8551847302a76C9c2201B7228fE382d8a82,9
0x6a1FF2AaAab0837F940ED7471E16d84e8953A035,9
0x0Db489657188e35242B1F23cd7324bC4AFE3727d,9
0xFA1E7B7113Cdca102df05B2aDC1122A3E99c624a,9
0x61edBB3fe3d835b48a770fCBDedC1F988Dd53F82,9
0xA80c3a4062D7C44Bb62013C547d789f1065f0516,9
0x38F0C7d7e92422B68f2d5b4a388c05Df6D531F52,9
0x063eE81FFded3250E624CA1AE7b27cEE612f82aE,9
0x59CE4e774d7fd49B965041a9B3BEA7E2e107a027,9
0x88E385Def57004Ec13a164F32C9E784594561072,9
0xc3D21D7464Db73A7DEA2bA44C8a8BB361450876A,9
0xa7e4e3283f64A3e3d5bD6d48B717D79c3C31FD9F,9
0x20ba40081ee0B8A80D075A167436a80242df7b64,9
0xc60b91e889EFcB261b778E9E49834BCCd316E1bC,9
0x917b4B0E86fC7766695095dD1A5292B3BE8b2D14,9
0x5f203fF3A20c74bae3a723BfF8B34cDA33a52EB2,9
0xe3921277177E0B9ACd49f90D6D02A155d6B3a894,9
0xAb69Ec70B0Fe3A0C9F83ABBeB70F5dBfbf8D99fd,9
0x9aAEA1C9093Fd9524cE54E64aA8dac40c7957c81,9
0x55DD7D8Db617E34c37b43DB2e1Ef154e2558c6Df,9
0x7aE1CD518eCf4546Fc93796dbB26f0Ee0A1B35ba,9
0x20A6A6aCb4f7CaE11D302C52dfdc159154387161,9
0xD2Af694093324Ef79359Ec0B502DcF7f33A2e60d,9
0xeF530dBa0C0Bf455838275E0040102E631901057,9
0x854759239C4B9d1803718F39Ca9b40860d78Cb76,9
0xAb58368030B5cCdab8eE94d5F1e626E75F546A3f,9
0x9A8d4b0F5Ba089A03e89DA86fc4D4DE7BaEc40f1,9
0xE47937123d318348D4cFB849888f120b134E3735,9
0x29b85b666a45a50C358FE5e43fBbc9FF1bA792E1,9
0x2834f1869EC9581fc6bF88D5c551B2E482aF6565,9
0xd7DC3De042153778f7eC91732a2a8d2cBAf848F8,9
0x162AD50b8fedAa690F70642fB697B05Fc4e6328f,9
0x40AC63186d0b997485D02F602e6002BEB1006148,9
0x042F53D7250c49f9DCCc54b1A1CFafB16d8A0633,9
0x4f5f385494A00737E6688f7B345144ac0a6FAc9b,9
0xF87Eb3A8457Ae4e42AACE1733FC321d9D1A10678,9
0xFa4D1Dcc35DD22f71CB079bB2ccf2e152661c40A,8
0x21BF63C0418D4f1D13f884C50498B2259B321b43,8
0xAefCDA6b2cF4EcC7A7E07099C79a729a7c8b91f7,8
0xe324c2478a8C2CB019c32609d60691f2fA362F0b,8
0x59d898caA9cD3318e887B5CE472EcC51a9631Dd8,8
0xd13f5c072A6255961f176F993BE5c5fd31524C1B,8
0xAc2aF0Ed1B7185e4346Cdbf439BDE79d897698Be,8
0x170c81a7451CFaD5DcA2be9681834a5118BA2886,8
0x0a5503295a0cf364f39B9E175c4b08Ec8fc82D28,8
0xA848aBfA0d878bE8616d26B890156f8af8Ee29A3,8
0xD0F55F7E6AC44C9121b655BE7a1E1c425D52106F,8
0x2D4c68C62648dcB47fB44997EfE0906f64A7074d,8
0x47400da4c778655E7E8b4c72557289321Dff098d,8
0x29744bD7B37bDe14F74d281D3BAdBE68b299Be5f,8
0x8Da8a63717bfC7197DBAfef29c6a379dA6F9018a,8
0x8b458561eCaf5197000b4dfFc5757800934f71EF,8
0x69E20D17FdC2ED47395073C47DCBAD51e5b42126,8
0x1e2C165400D6Ea634771F4c2B3892515a1b6725b,8
0x2EFDE0C4A678c6E29109a460C44E2A958d2Ec589,8
0x9C88367275f6eA7d8F0b9416Ee927D22d9Ff7D28,8
0x2308dD5F290986C91028781A75c87844cEaad672,8
0x3E038a5868A52edc67bC3B1f3af78bbF6b78F3f1,8
0x0d61f6f25E12d74B8eA7bC9A83526441be832F61,8
0x994F96722575B64b27CDBe327498F34Aaa2f0043,8
0xcB54ebF9e208ce6b09D6a2512227a7546FbD035f,8
0x2e2D86B5368d2F16691d2A1865269Bc819dc35B1,8
0xeFbacA68f1738103A77c480E271ce77E7997ebCf,8
0xd2578c95C2DAF87E7542D4c305C95cef01295877,8
0x8844529aE133B03DF0098F03575C728388348D63,8
0x86269fE8E5704825c3E5dAd4b678c5dB12182152,8
0xc4DA6319585Ff59912013338108ca895e48Ac733,8
0x0f638C2CC65D72c1aecD056D1fDa2918126fBDFE,8
0xD923dE646D3f0BB9Eb7f9169f259C79C3edE2188,8
0xAE1c825eC8fD25f117FFE8Ef6d3eAd6fcbc6469E,8
0xD2b4Ad96Ff7a5A908054f92799D34B4C0733443C,8
0xe3D871d389BF78c091E29deCe83200E9d6B2B0C2,8
0x3070665ff6e9d9877807C2C7db75dAd710C44d94,8
0x4B947941E0C443001c7Ae69291aACfcBB2526403,8
0x492f2A6DEb1C7E298319d6fFf72CFDde13B4cB55,8
0x593B0c00078A741eB440c7B9Dde999bdD40Aa1F9,8
0x0743542070891051861f8D0a4550f97B43B0B89a,8
0x42BC42766e797183E12112C835779a289Cd1A1FD,8
0xba06deFe02D820e5F04694e808A1e52254BD711C,8
0xc047AC8BF1aa561b2385d39E129Aad4c27ea9237,8
0x473E9efAD7140f5675B9A73A26D38cF9D2d26Bd4,8
0x591e167257177501955D8DDb511304552a86e2cB,8
0x88CAE02d3D7D2bF079dA9ec37F5660B4834dB3d5,8
0x94535DE0Ee84f36343c539285183a98784f5257c,8
0xFa5851723bBfE516015809D91d56b16511162E45,8
0x1f360E0a4632FF219c287053dDA8FF3690ad7aff,8
0x4b97bE965B38c20b7e6C78c1234aC7E13fC2C5ee,8
0x0bF1fEe0f3DBb4031e4C12E2985df93F267D53AB,8
0x49838aA6c98260aa1738fbef639f9793333a5B60,8
0x20672d5837305C75757dFf548068AEb64e248f1B,8
0xDC02781Bd75Fa9102E00440A7E6176985430074D,8
0x38F9a6Cb26747194DeB0f6BfB6B89340aAd1B270,8
0x0f291E90B3c8787c2C44E5f520CF237c234d9Dc8,8
0xcB099C6f758259BB859a8EfeDC7E013B3b1ED09D,8
0x85EE7B2f099578e4d4a4358A60dee344D02b2F38,8
0x2e7e0E27c43bee6660B8E626Bae0F65E4758a63f,8
0x4DA04Ca44eF0A105f159ec8D9595423c1834FEBE,8
0xd020DcD3ed9A57554D98EB29C91f1746b40d22DC,8
0x4889ef178bA0DaF9184b25918d92a3D64B479529,8
0x2c9e70dfEB48aA32B9aD7DA92e79Db921819DFC5,8
0x795621e214c6deB49d2d69404627B2E675607080,8
0x3629b9B7986715a66a7C79fAbb834952C26b460d,8
0x87e696610F11480Ed9D01B1e2E26a90eB5832a02,8
0x320d2F21200F839B0E683769C34ED2D7598C6d24,8
0xFc29552Ed5B83d5E72B2254d9597985a865F1dae,8
0xb2ffA393F0b4072081eB2738EB8340bF877BaE38,8
0xB1fF1674cb691250443C3EEAB401340D2a3DBe74,8
0x365943fbAAe1b764F3bb15E71977Ca58F9ed9a31,8
0x7d5E6E52443433BB8df673844b16a391D770d001,8
0x5bcb86339f2B53CA52EdAdc4C692199a78f06E71,8
0x7Fe0639b003536014466E7F5F137733479932126,8
0xFC07314df7dA17Fa9e8B1CB2B238B37C2038acd3,8
0x6fF5723435b7dfC2371B57Fb5cB4c373E5995C78,8
0xFF4Bae48a145c44429cA93b6D1bC8E655fcb6055,8
0x1e9f7e255F5EE76241eF593b390fFe87FF419079,8
0xAeAdc4DC6b1DB189fc4b2C53Cf09431DC86D1eC3,8
0x0FF97f10C43c61b592efc9C6F012f6145eB1BD99,7
0x7Ac79c369a3585B19e068578d37916259E497616,7
0xEd3f239E704589eF3D978f07781354eFA2e11bB5,7
0x8ae06d2a588F6A507E0997dcfaeBe5ccf6976bCC,7
0x8691C78057F87Dcf6F43B7A8a36fE468087D3947,7
0x592fD5d5709baddba2986BFcD62995F45E0Ed957,7
0xeC5BEe68D85A0277479A192629D00025C2b63D20,7
0x156548113552Bb52AE921a0B44794A6a5F588C9c,7
0xEd6F695F1Db79428c0aFeB1697AB3B553a3a7CB4,7
0xE0EaA12C606267527e270F8b7D88eC5F8F55b54b,7
0xFb91A0D6Dff39F19d0Ea9c988Ad8DfB93244C40b,7
0x2C166d5642eCEA323f3693bb24c5b765d1B30cDA,7
0x5098a31d8b422Cfaa395e4d4eBe1236A0FD876c6,7
0xFAC219Be81D0236e4167163111298934B53a6D95,7
0x08A2AC4c8ABF3b29D18A33508d333eaB9ec29011,7
0x76365F27a33296951De6207a81eC53d5305d06E7,7
0x65eaC6aa92ff49a27b3e73A1FE8FAe9e5a2a726F,7
0x779a391503DDe0e30Ba4e4a9bC17955ecF79Fccb,7
0x8455dA5Ba5F4F739Bbf34E97167f2Aa436287843,7
0x085b2D301b2066E794dA58D6CFECAd8b766d5C72,7
0xb9c967Aa41292Ff7aFE2AdCD0eE04D302A88e8dD,7
0x02fC158EAd1BaD19985A703dc4EAb5d38759031E,7
0xA88882C2833cd62a233c15adD793dB811b708075,7
0x7Fa3470539815c645012d60693ae10AEbE43387C,7
0x018923cF7bec398D51d90d41deCBA688Bb89508b,7
0xa80B9CBA10e137CF1279128523A98430B0f30733,7
0x0D128F54bF580788611D2ca0154a8ac509B3D5Be,7
0x8bcE8da512CEE9191b2C3Ef9aA6d894ece885b01,7
0xb5E890d0dB308154D686856668A3f96BA659bdD2,7
0x26cBdD5cD96833F9912f5F5Ee508537894b990c5,7
0xA8518a2cCDfe353844F2fB553B90D8E8A740b347,7
0xa6498f1E08cCb9BCc688f6c386B4d24aD066b71D,7
0x40fe776230C96619313b1575687880007E64F3b4,7
0x80B21C49b2cB7b3D8956e028a7776DF7863f4538,7
0x972351f4eCe9B2f8b2f19Ea98355014d66969Fe0,7
0xCd0A87c465F768CF17A59E8b85691810a368e68A,7
0x22072c5bb327D004c5419f8e0746a70121735FBC,7
0xc78ED989d84EAe2537dA1079e0A4B314a71A4369,7
0xE054AAC700c9aa60B461Aa552c5a6be9f382521F,7
0xCC459846FF7587A972CaEFF28315c8D20390c4bd,7
0xB772ad4d6F1AcCfd91BEF9b7775ad1599BD51678,7
0x758597A5671231211ed2DD13075c2f66cFaf4A9F,7
0x1aC3ECf7e7D37f9246eABA38B38dC1E3737491F5,7
0xc836bb138D419107e65d22dbb42377142446924E,7
0xb2F56965Aa68595283e1BD82ed0485DA627f9D8C,7
0x156AC784BaE328f6aFb6403460145BA8B029d3b5,7
0x1025782a4236152A7D603b8040c9eBa6764d2F80,7
0x3B1925168A10632760C4fF9DDac7B6Ee7BD476ab,7
0xd67C07e38CC652B41716e0f23BF0A61eb665AD84,7
0x3E52151b9F13c1F73c095BE69f6CF4fa3Eac14A2,7
0xAaF48B7705Bf11f95D439d45053188D559a33983,7
0x8974B25505Fbcf5A8c1Af1E19D61B56409F3bdeF,7
0xC842dF6Bc2aa7f622Ec8D4a43CE89CBe464d51f5,7
0xe1F7E15F3baFE9e2b999bA0758a5238De25113C0,7
0x306b5629D35bC5D2Fbd3AB8C975b911dc1783A21,7
0xA8129913F7961fc3C62325fea1490ECA51b81A71,7
0x32B3f9831C8eDbB70d1cb542c13AC5dA0035A7a7,7
0xc976695a56187cDA775775307194688908B00A4A,7
0xD65dfC1549AFC73375BBE9adA2fb0FD00a544672,7
0xD65ED38DEDEbb0353F89E83d4d4499F9656Ec01B,7
0x40Ef3Ef4225E7c69188B8825F26c84983A468E7c,7
0x5BF5d30f091Bd8d9C4EF12a7fbcE2E6Ce6E9730B,7
0xaAFf1eE99C147DC7D021BFEB49439100ba295FCa,7
0xECe56694505E1faDfAF16cc53306Ea45F76c3a14,7
0xb7eba91e21325d16eAe515948990fbE69e8Cd181,7
0x309E65394C8bfc39091c10Ca723964F88fA4e5eC,7
0xAB4A7E8D16e20D30AA7a3049f75dDb869b7FE491,7
0xA09AA75da763D4aEB692672897C057786Cdd258B,7
0x9A608d9F416518b5F11acf3dC5594C90D6998e2c,7
0x030e3e488576B8FbEF29f84Fcc25088B9cEB7dfa,7
0x05427c09De33ccC5732F033087eBE08086614fFE,7
0xF0eb4675790acBe0cF1A2ADb01FFba1dAB16aeCb,7
0x36fb66ea97A342c0f43CAB3045004C17bc15546a,7
0x9394d6e3c5cf44621a3f4B078F193A66c617A8bd,7
0x59cF5C370817003de55EB4483777413fDC1FDfD3,7
0x2a25BBbb6f6f6C4E514957E5fdB2BD1222502ADc,7
0xfe222BD8FcC0d6Cbec595d2eE000FC4C5f91b906,7
0x5c4C7f7CF710302be5ACC1ffDa304BDE312205B6,7
0x4aaC28b42d754b7418B393263933CAbFD645b14E,7
0x54E801F18b21c4EbD18114f5F5fB06695246a9C8,7
0x84Ff1226dE67066ad96854760eB7410a46070ff8,7
0xDBC9C696Dafd0995F129c81EC7341AfCE6f54D88,7
0x1118003aeb105955eaC012884cB07B36e76e0181,7
0xB04613dfb18B8d5Ae4dAf33d6Bac6DC582aBD0BF,7
0x5b1D63E61D372F5C4B184F186fFE962329e99d0b,7
0x3313BC8138C2e672905c018B303ebC5112794c20,7
0x17A7Aaa564511583E67C0A85DF4362745B2984bC,7
0x24DBB501F9199a88c3f23c06C1a8ffeB48790f1a,7
0xB4ebA1445087d18903A43231cC3ac577C0d87Bfd,7
0x134A1fC52c13eB57Da610595509aAb389140Fdd9,7
0x11e7C5CAa6Dd51649DBa8667B2EdBd0eF65ca5b9,7
0x3eb21666f8822BEb3Ede687F4b1147bf6EBf6a25,7
0x61e61AE4fCefB8FAc53cF628B27e41Dc8C7e64b0,7
0xB5C9364e6BE9c9410Da6C5be314C566FE3821FF0,7
0x028Bd1E65B25CA2fBAa177b5d2c3257142C1FE8e,7
0xA012B32d3568CC93713A5e63DF7a772Af034af9A,7
0xb4C5Df60c6edD2B7A417D9Ff07DFcB127E967AB7,7
0xD38bEE8aEbfb13B1E00cE99c95d0F2F364087bB5,7
0xDCb388aeaa014681e70f06D7BE950d0F25DD0C5e,7
0x98f80320B4De17A81AFB487FE635B75585185705,7
0x97b6653606DbE7075f72AE5c0A13e6691e8b8Dfe,7
0x500bdf8B7680d651a934B8C595b7088553346F43,7
0x2b71A9ef572e8954D1A96c81c27ffCB4DE583973,7
0x0E7c3700B3ad9e741D787eC1dF337A6c71D45b57,7
0x94F9199BEE0abe9a74D6C9eeA2b7751B789132a9,7
0x7CF3a0d9DDdE82Eb46aD96bF6Ee8f8ED69BfA461,7
0x3e2941B292437a81403f443f07D7362E9181C8e5,7
0x03A52d720faa3a92Ae7926A6Af607fbFe84cDf5e,7
0x3c04cc51a389725649c2a330bA81EdA0f7927A30,7
0x5d2b6a03721Ec823015EccE31e8173Ef40cbD369,7
0x3162B3eFF87c94f989d0799F11d61e3cDC8f51F7,7
0x79Bdda65C706CBdA69C0AD4C8da1d3e91724f48D,7
0x6E4F04cE5d6F37D4ce0CD4BDef747a9845792237,7
0xEF3623a9599cB59F916d189346aE02486131A98C,7
0x13DD4bC3fCDcb690689Ab50789B31AbbF93BE6c5,7
0xEbc790D6420Cf02755c05E69B26Aa27b1deBe250,7
0x86D7933192B1fAccb62dB1e893dfe25D1e2104A7,7
0xEd80D5A03e833D05BF190e116f22E5e447b8E39a,7
0xE6369426Ca71D5aD56F3fD768f3725b890b1F80d,7
0x10DbC99C90234E4447f0366e8368d688f622475A,7
0x05e20721d94f5d6b561b5Ec307Aeb6c928a76DE1,7
0x9b2b6D40827896be5693Bab53888a8b4D97c735f,7
0x4dD7AfA9C43Ea792E5da4C341054c6435c71c12e,7
0x5717856A431fCAB27198B18aDCB0215E44F85583,7
0x569a657715B4d708B239B31f1815Ca86093a671C,7
0x2De65707c9181d100dd95529c697DF125Ec85aA9,7
0xB73a62Fd2952Ed68243cbD338a1205a0cD68D300,7
0xa86693888186C3F4632f7EF237ef61C68e983443,7
0xb967688619d045B4feb7134ab9A72E66Bb900F11,7
0xf705Cb1501D04462aB7FF142F1F0ad198175725e,6
0xA1aF9C704783F887dAe66A09ab123AaD6373df9e,6
0xf66d4094d0c66fC43494B453008f6853b4A45c89,6
0x99ae5557D37e36000904f04bDba6Ed5D55EEE04B,6
0xed641737351A56b75C6C7da7f5AcB2eaBF11Bd36,6
0xE401d18F6F835C12CA54E54a2f16A802b651eaa7,6
0x897fc88CC602B76F74360894b65Fa72bfE441335,6
0x0b743d5CB4ea6AD4Ce1FEb376986D5ee8Ea2C52E,6
0x5C2c044208F7d2b09187027C972c0f4C0BE36049,6
0xC87d94E265Ae61cC4EB1813f8B2445E6724c7C2e,6
0x55842426EcF8Bc5Ae830550e9cc8936Ddccb253c,6
0x68986709030f390E9952E4D5a98A36f72289Bd27,6
0xd0be5393d1a423e2761225CaBB62A6Fa81D5FDc0,6
0xf50AC6a09AF36Ed4bAE3A382EAC9C01d6503D99C,6
0xB54dEfAd873c1dF316fD61d0ED85974585C11795,6
0x6C991016b4588B3c73A984b87275f8FF8Ea72967,6
0x2e88E29234dd5599c675b4A05f1d815BF567d6E7,6
0xA8571fe2aA4663aAaC3328612f85c7C6A1F99bD5,6
0x6B47a326f049F0C7C7666f05631106DaF967d64f,6
0x1EC2ff7A371fAb19bEf62a5f285FB09bF88C904C,6
0x6bB9e127E0a68F1644a873208097258157baE49D,6
0x5a3649369BaA565b7603846c437Fc08479246b1b,6
0x6134379f4D8E3a39CaAeF3bdd2b713Dd7461A1Ee,6
0x7415a096eC3D3fC08bCDFfa632DcbADb840a2286,6
0x78dbA641814Cc43a2803a4CCEf4f0aCC369Bb9eF,6
0x7B5C0F647dd507Fbe0e124dfeefDE250c0Fba106,6
0xED1e54f3328524543B31D427702910CC355e7FA2,6
0x3f17502dA0ac0235eD5CA05B621E73bFcB0a9B0e,6
0x56897Fc85Db3fDe157A1Ea8F9D3Aae99913343EB,6
0x1491390fC8a78C09C1D2887F91C01BA85508a703,6
0x5F936Ae0f736548A583838B52F690d6cDC67C9C4,6
0xB8b573Af3AF72d19AEaf3208E1476326e0b5Ff3F,6
0xa027d8d063237bAbFCcd82E0E9d4D97ff45b9321,6
0x8C88393ED220d6566F9EF47cAe1478bD5B45d7E4,6
0xd4bb9bD38319E396C5A1B7B5d3DfB0CC871a6579,6
0xCef87676b7dFD1538e8C0dA209Af820dd057374E,6
0x59C5EF981ddF319e7Dae5328B4f54E8D1EA1d430,6
0x9a9B2eEfCAF60a1078453Dfb936B4A28b8eCa853,6
0xc0A26b567430e1B4708a26677C07B04e94E37A8c,6
0x129b5B4a911315c136fBD758565131b24967de65,6
0xCA119907Cfd60C35E8EEDCf99B1dB01eF8c179AA,6
0xC3d43f8E008ccFf959101b8d0d26562e84d2B204,6
0x3Fad11631788b7aD02C3c5f8b8413b5785806a57,6
0x5e158B4457d9f5e34fe03DfB13abf5FBf489fEF0,6
0xC75566ACFb143f8fAC1CD9AEE1D974e0947F6DE3,6
0xFC7c1D00b2eC6d3653E9De72590684456846c53D,6
0x6f8b3E110995DAf3c3B48b10E106a7860F3EcacA,6
0x081AF8DC18386856096e8Afd358a026a46B46f3E,6
0x91628188530F7B93919C81eb4D5dFE9D93ECb5bE,6
0x9BD47354FC1e9B67bB2e1Ba2BCdEeFb53f96F3Ea,6
0x3aD9a7Ba6B737a53C86D3264D6c329154b9B4036,6
0x2768CB5E7573D3e9d8bc42F753FB2B30E89DfBC7,6
0x96e84DF4694aF3F092DB97C3002f81404af834c8,6
0x3439FE9aCE41904456FfC64baF9612b57631ef20,6
0xCb15DcfdEe8a7a2BeC8561d33625B4FF7968baB4,6
0x881134CA7693530417C06A57c23E99C9E8F0Ef7a,6
0x7a40E4513e337430678F1A0811207C788A7c08D2,6
0x2B627811B0C56BBBB86195aFfAE6702242cF5c82,6
0x20313BF6f3071fAe1F44E23f1aED6950030BD1Db,6
0x0026948023FE0546EF6D3DB8DAf5e82881002fC2,6
0x00409fC839a2Ec2e6d12305423d37Cd011279C09,6
0x3e2f18E12fa3DE657CE80e603eBD120443D77523,6
0x3a68e7285857030C7bac691E18cB3DcfB7AB5031,6
0xD960650A583F5d18D3e29A1B8d7C382CD515b9DE,6
0x1B2Ee83fb043a482f6012997C1192985749f5e31,6
0x10cd9C2bE4764497E8c75f6a1827Cebd854E877f,6
0xd6C3280E7b610b58EbD4C36Ca707D717c2683c3E,6
0x3441c4aE7cD4FDEfB0F6A2A4edDf423631CF6fA3,6
0x8C64766fd6632F56EC5845B714cA8c7DF760Ffa0,6
0x63b6206f53954E123f5dB5284Be4bf416Ed56137,6
0x529BC745560ebaF49d2c3A090b7cbdebbB58c648,6
0x2E514978a84227D04625D560da4D33f09343D122,6
0x4bd78324Ba5a88c8b5eC40C44b9AC33edF4BC4e8,6
0x285185692c524fc3052e1706e0b400428e7F165A,6
0xefBEe49244701f596E49FB649b46A8853f085020,6
0xD38cd7340281dBcA93Cc21C108F646D8626a03aE,6
0x4D62b1D1F61A4aC0Ea82E8D7D56973062c8E8B3e,6
0x3a460DAdc881B8d6eB47D71dd11F5959e77Edd51,6
0xa40079A4583A01eA353cc2c5047a61339914F301,6
0x9970a71Bbd7ce3fD9db7AB2552D55b9bC90925A3,6
0xfaC6983407F074Bc0100eE440fbAF10df0c45989,6
0x2941884E7829ee1d7806d57B355Da3cC37deDcb6,6
0x98D6716059fE3e1B8a0808d85FE6B9C5795B2E7C,6
0x12924049E2D21664E35387C69429c98E9891a820,6
0x2Abe15781B310e861Bf70d8988DC5b954F9a2b37,6
0x1693B582aA1B8a2E7a45C810443cCB2cbbf9f387,6
0x7dc8c235fF30559B7F039809732f0B0274C59C99,6
0x74259488d1Ad9A6042B5630EA975D791C1671D03,6
0x1e6bE8B36cF529d9b2bf5dFe6684Ed970dA96992,6
0x3C516f085E94177Eaf0BdFB5b5eb1aB71052d064,6
0x29aCCb60A4faFeE42E5543cd58981192BbBFBA67,6
0x3ddC07ECDE02A1D92F70e88551d9666712A837F3,6
0x7D92F2aADa88604b43f056064a11ac54260918Ad,6
0xd9939a0FF223AF886CBcF2C0140C4cC19a8b56FF,6
0x7DFf93fce783b91F347ce7BA7181ca4A02Ea9De0,6
0xA6770A9e5785DBAa41E3b9B7e8F564ed52Cf0aAB,6
0x29ccC63EdE1a0ad108Be56ECE9aD76BC3d0d64cB,6
0x0F9093c9d7fAD2829180a745e75a075E92C0E086,6
0x72B545724f5D9cF8076FD2b915d9F8eF14c81dB8,6
0x71df93Ae5A9a2ba5064aE90b9690b4fa9C413387,6
0xBA290105936A3ad688890D356686d8cf92cB6cAc,6
0xeC5897C5466558Cef257401a92568B543aF6a864,6
0x37f749Ae2E7A28EFE14beD6ccCA5272527E43112,6
0x33fcaddB3Ca4f9a556324170d911e36881f871ba,6
0xE359eFF26068b6134395857DF5AE61eC1a3b5560,6
0x4cC78b26997E1b0C0Dc92123b3508c158Ee39910,6
0x3A5F61Db40F3a56fe3918E61d4CA84A2DBEE2C79,6
0x4A4838e584C06962d06cf612b26043d5ada3Af9f,6
0x43D5a1852ff45A3d962D325E7d08c33960bbb2AF,6
0xF34ffCB23746233102F781E745e42Fdb78ed532E,6
0x87fc06FD9845FaB20105A3311e7b03b1F41B04B6,6
0x7fc98250D960CabD6a41f27961af42b252CC0577,6
0xcDB2aebF2B17fb3C04b88515419F64C3dCe99392,6
0x112f0174E51F3039668a9df8783451772EC9DdA9,6
0xd83492467209B2fE000dB2CbF8Eae6a9349Bb563,6
0x6CF9F1e84E8542Ba48b2A295b35F62dfE5f7B9FD,6
0x09B17dBcd8Ac17Ed5d2d6Bd22ECB8Eb68759Cb4b,6
0x56c202807C8caf656f6818cDC66C51fAf2eA1628,6
0xbF530634f854038ba3Cf8Ed3a0f9F1c5D78DA3C1,6
0x18Ef3E242A6e8A660E36eBD64949520f116a7d51,6
0x8A2D2A4C1B05455b8F340A6bB98b0c08513A8555,6
0x66D071A20d7942767739BBca130E08e4848D12Bc,6
0x362B08285Fd74B2539361A2930880907D2f68496,6
0x1226FF858C262D499AF401145BeAbebf3312e856,6
0x42DF82dCa70821b7f69d3D84bA00923674d20881,6
0x4Bb12cC382E36B4b6faF7BDcA7708969Aed258eF,6
0xb1A97A9070cFaa4d5653911E7D565E1EC819dF4A,6
0x5900B9BdC51eD10f34A981E401F587276F3FF524,6
0xB24b6d0e3ee6a198C8Fd0c0AFeeFa61e93Ada5aC,6
0xeA697F0E2d66d4B94DCb3da06BED0b8E62d199D6,6
0xA9551E7424127648bbc7EA2b0dC78F8C6e023005,6
0x94D850193221b3E9F7557480383698233E1D3F72,6
0x958B47607839d14d9DF1c133a9dee4E2Ce9B6463,6
0xAec1028a1EfcC54Fd702A6fB409C27acb6f71041,6
0x6F5dA981982011F1aC2ec345b5C2681C16298f2E,6
0x4CDD7811CCEdB0fFd3808B586bcafD6AB0ACb313,6
0x338c03aaA18E060158742FB984037f95F69e9246,6
0xD2bb9E78bE2e313Bfe72D131aBc4D2f3978d253C,6
0x8Af7B17787b38afF12e632fD7800f979fd75218A,6
0xCd5367827fc644E00db7d48f29A785D622Dd9E83,6
0x78b8A76BEa31733777556033e2a116df66C4C41C,6
0xF4810d4F5F23D8e3cF9A65d5a588dedefBc71407,6
0xa7e999cFFE7E5c43Eb1c20Bac7c42b529F4f0031,6
0x4d0725BD1eD293F044C319a4E444bEe6F8349a2C,6
0xA55B83A593c2b076B0A9c165090cB5363fb1fE3B,6
0x4f01094F3bD29Dd041514Ff43991482ceDE2b6c9,6
0x3f99A18c66FA74ae69E86DF657B343f0A33cBD97,6
0x0251FEbE6b9462f2F916658DFb43444Aa6109daB,6
0xaff4381cF4534d117C27B25BB538df208ffce70f,6
0xa89B015ef947919451051e512605B7af7065b26b,6
0x2f22b0351effc7EDEd2b679DFc0f352Eaa5dBDFc,6
0x830aD524461BA1c2841091990528458319F8DE14,6
0xB6f42cE2f6c67429061FB3a62a7135F4CA4d048C,6
0x9631e68370a703618985247DB537Fd6B5AD70C33,6
0x8CcddC05aa511F28Cce0ED95353ba124A8EAD6e7,6
0xafEbd87824cfa8d68189ee9ef4c83b710151B9dd,6
0xcE0aDE54D2e771a7C6375dd51021af7d936D5CEF,6
0x8147FACb022C59250970338306B833d6cf1D91FE,6
0x071ef19D99D3A774465766FcB8169136f1D90a9C,6
0xd2fC0B61773c9f3a984E3354819D91D9fb2df5Bf,6
0x6098FeE3d33FF4D95d4999D0424F7e030a8e3A58,6
0x5ce1Cb2BdDbF3a23C3a70F67F5dcf31b875E670B,6
0xbCD4D31ACb7a8F3b4bcDB54451Cc0696CBfaFA71,6
0xe0f1766c2A8597B66eED94cCe9A79122D97521Be,6
0x9E4FAd4d3232E402999Ae8f6A6e02F3Ef22FB98F,6
0x64103585C520fC2d58Fbc1ACD8A37Fea86328a77,6
0xeB409076976b1Cb820E78F73E4302E78f0eeA4Fc,6
0xecDC5B9c7F4D3249cE28001121A00dccFf6900DC,6
0x56463D50e1d58B2036B0Dad19784DF57D1Aa6E9b,6
0xc96acEd04A221D173799b5bC795f615F450443F4,6
0x17e78bDE92C171a7D8B28D9290d2F358755BE109,6
0x414006661707a58cF613538439b7Fb50654298DC,6
0x6D0CECF442ad3aa5292c09E5843a7ABc387A8744,6
0xeEfA41FE64f28526123a92Afe87827B6F6F4c2A6,5
0x2F2F665974261C4129b1DC6c359BD259CD66f78A,5
0x630BAfe826882d54ED82Db7A9A1B628D8190A590,5
0x66328015Bb3177C550C9Cdc4cDd63587998C31A6,5
0xeFA1C087490536D2EA647819bC8450102D864E34,5
0xBd9F1259ab34C33DB4531798F542c11fB9B4E979,5
0x0b493Af26Fa61E5FF84290cA934b7c85E3195505,5
0x0B084F50B944A74e77692b5B1F464BC9D30E9af0,5
0xC30b8088CbA3242D2B890E7f5aE4dF843E08f4D8,5
0x699F09Df6d6977d15d0D43336d85538B69aCcd8b,5
0x42716E51285A9fafde6ae836BFD8f7F8cC88c7eA,5
0x349FB17E4e0Cf9de036a999125bE4b1446fdD6A2,5
0x83ECEA1CE1a21D85E096030a8a945CB3453c727f,5
0x74A1B97Db2e9C4742653F46047f6a434c55f53f0,5
0xF11a99EFE2453fAE8C26B81093428c2C9A786925,5
0x6760de24ab5548cf5102a3686586E0e266E093Cd,5
0xfC4539dD9Da671277B11F4961cF40070d12868DC,5
0xAB5971dDA9F26c88Ff357c60Fce2e2270AA47857,5
0xBd69cA588BCa0D58089166DfCa27c33b8A3689F7,5
0xc9b4EAc1DD76dFb71fA27c4Ed42597Ab1CdB7852,5
0x6522fBFf34E532DF916caE19737feb5759ca26CD,5
0x9a088b4f46598059F3462C6b5B0527dcD770AA13,5
0x362B1dF85A7fC9dc7f994A069F8C49824Eea5c66,5
0x96B258360501863aD18567fCeb41eC3e504f0690,5
0x6D60200794298B98324Dd38D15e9710DC5B04C89,5
0x61A5dFB986c5346177D97EB3Eb55F22bFCae143e,5
0xa8B7D97570c34068efAc4Ec51DeDDD4C16602ae8,5
0xa462ed0E51c163D73d99d26ABa5a6C4b9Fb76108,5
0xDDcB91313B1744e366a088061739D138BCcA56bC,5
0x15D3e6478F91f12cC0f5d8C53DAF32F6e4AB1F2C,5
0xBD7bf4314E3083e9A5CEb467D19ab3814fb4d7dF,5
0xee6ECeD49d012A0b4092A62149b70182841bcb82,5
0xf84Bfca4A04959bB829b38Fe41A92B2933845a63,5
0xCE557bB2EeB69162116E60472890503b9da8c5A6,5
0x47Ad6569Ea3FD2bcA39bc1f96BD115c113E8f833,5
0x91E543aff088216BeFEB4A9487aF7C76ec4BE135,5
0x94Bd78b9a5C3633Fcf1f64694D658d45c4c4D1c5,5
0xE303a9962753EFDE83F441090c6132370E00Ba79,5
0x2B062E868df35D6B9749e3d9062Ab2313B3C1a5f,5
0x2E7fEc87B57B72280804d9C4c2f60FF5b2344B85,5
0x36E4272D906DC9bd50E459ab3c8D6935fa56b2A8,5
0xa9F9D6b9820ac26f1350FB9099370E48fbC10DE2,5
0xeCee211d2726304FC38A7cF9e51A96E24AD5dc23,5
0x30a106feD41fEC406A989914Bbfc66FD9C305276,5
0x619186F6a1774607DE5614BEcF2872f159f70a3D,5
0x600028AB6052F9e140Bf631244C642BC53AEE4bD,5
0xA10a85F40cB3950Ba229A0cDc0C843eaC5FEaE46,5
0x319862C994B1e8826CfC433832B3BF4339b65f02,5
0x1aBDA7da6093D9EfC24F6116Bc7e49cDb1808a31,5
0x4450dB99260EC3140B4690F1c6bDd64d5d9644A9,5
0xC9a226393fDeCFa0452B2E83dFd3501aA03E79e2,5
0x4A5dA3Bd20915F61636E3Ed3146155377cb694eb,5
0x01f4E40F123A84bdD19198ede9091d2eE8F186D4,5
0x253f422811770197ADFA948a925A93b93dB0526C,5
0x7D3bF2cb39f5cEEeca91eCc8201Dc01616AD089f,5
0x70B3Eb071B028C6EB95EF9643a6ecD3eAa823A10,5
0xB74Cb1Aec2AA76038B24F7CC9D6f07b380a1F812,5
0x9516E80ba79b97D5085eA4553Df9E35022B1a656,5
0x91573B869b51EE0Cc728D08B88d8b808C8f7Cd67,5
0xC2d118937292ed6614Cdef46ffE336E40731a7a8,5
0xfBc47894163B9D10C8A5279ee07B1397eA1cb877,5
0x72656CdF1c5Bc08F7D95919e1b31Ca8a88de62c6,5
0x3C1d4FDF6Ae8DA5528a38D39F65eB02a0aB17c50,5
0x0daa08c9A794F5bE5E0c2A0B5410b3Ca0EDD9cb9,5
0x92b0E1E289bCF3b6C2A4431f2585Ac307335B577,5
0x0000040f1111c5C3d2037940658Ee770BB37e0a2,5
0x42B3BA804E5a28c873f8B0c1586d529EAF8F2804,5
0xFd9Ae799d5b82eC2A21387fA466117a49a28603f,5
0x71C8AeBC492e6022FEa302E5a9dF2d2fdDa64bb6,5
0x7Af367DB12D1aa5f08A0751bB20E18443b41bE1A,5
0x989cB756d4c2b739B29C85FB2C25e6467feD1d3A,5
0x3f602e2eBF0A3a1d6232603CFB18C32Fdcf848E1,5
0xC1b3334D515DC93C8aBc6DeABE7db21f05A1Fec0,5
0x314fd5D24E1Db1fd89c5b5B96025724ac51cE18c,5
0x94520E2F86afD790263715f727d0d35F533f2A36,5
0xe13aC87C5Eaf5A43a9aD2C20f84a4C84f3642373,5
0x3B981fA5dD50237dAb6F96A417A6690B6f20FcC4,5
0xEEe85b55F8C6EB0fb32ebD97006e05998CbeD341,5
0x2c5CD47E355D3417a7F04A6Dee7DEEF6043D9b87,5
0x5678298b0A0b828242641a202ce132000166dbc4,5
0x0f212A76157bd07B9b0EfA1E6AacFcfd0111Da4c,5
0x9bb0819842d82e6f4436bbd2E2F7D1910929a882,5
0x5E156540978a1F1Ef032976F77d5d273Ca83Ace7,5
0xaaC18004b8da51E8f9634649Ea8a0af107691af5,5
0x63732bd61039ACC8A75ae44756e18E15E80c10d2,5
0xc4Aa498De47b3591fd889A349dA1D4aD87D0ef19,5
0xf69FD89fdA555bE7F594286EFd4Cb2F9C00ec0d1,5
0x4c1eFe9Cb913fDe7C5E9Cb8DA70bd7fa3100Ec88,5
0xb8E7DD27D5c3f8F27856ADB67953d72BaD26d0c4,5
0x231CC6732FB496406b143c9dDd09CECC4c171Bb6,5
0x7EfD98f01A75Eba9E9E2e51abB94b74d0f03adFc,5
0xC2f037167eA722b92d067c524fa1FF30AaD47053,5
0xC06d834FB0cAd4C7A3aD1754E42F938A6DDbC2A1,5
0x7586bFB3CE385A14e3CEAF945F9E6772235D33C5,5
0xBF44eC8C2c3afF14eab5b09F29958746088bb87C,5
0x9afe98C82a1D4f88997e6b4c76360915E1fDFe2f,5
0x56A1D7e501e7DD19bf3BEF01fB1D88ac1ECF594e,5
0x769bEb5bEb6DCFf2aE22e81795669d1FA385D020,5
0x695AF7ae0658618b1b7F5860914B97B9f3eb2c3b,5
0x79185F6983859C1bc0c92713059eb6afAfc23168,5
0x2Bf08f2E7bf56A5aA496ccC0D71a1D86e4b2910a,5
0xcD4f8fbB5d15587CE7f9e571dd2EE70EDb4fC5EC,5
0x7A9B1CEFd1f63C626982691A0640764B1d4FBADD,5
0xd7ba417C30d5e07Bb677b3A365591de3C87B920B,5
0x144C1dba38B2AD72Ce9125Fc8e0B917aE75e2046,5
0xcF0379Baf3842e0288ED1e07A4A9730c2d6b9e0c,5
0x4164A86802DaD6c0F5ed6A6381fbb926d1B88aB1,5
0xC56766A430CB4C29Ab3219Cc5824cbEbe0156D0C,5
0x1FF54110f42AAD649cA5f32b750958c36504D627,5
0x86eA621f3969dFf526501bf5A60DAdCF13861bfe,5
0x50148e10F09fD9A33ee898d566A3Cf9Cf133cB6d,5
0xCA5f40D7f5177F6b1090cC5C52E18bc4c2F6F582,5
0x9f8b2C7e886BA3a47e4F00a8BaAD8309A1285275,5
0xD301B0eC4ef0617Ea6044C0595184595a9C852F3,5
0xFc7857fCADF861Ea9Bd6915dE1EB2B3FAFD8D212,5
0xB0ca0581DC497fb32b72be80e323ABF9c2fF35F2,5
0x134dCFf9207D9f949EB87364299A5B8E1C1d737a,5
0xe77BfE3361ba172e5C666DD14c91922139825544,5
0x47871D96fc60eb58C890fB841FeF819d510FFAd9,5
0xDCE3133947b666c344C49299ea4599b39eaC0A71,5
0xD4181cDA623bd99654ffA8E1fA0f26A6437F9F64,5
0x281e5968542A8F0a74EF2c7286313Aa9AAcC7aA7,5
0x61F3452194de23C765560415894f0249560eCbdD,5
0xd2A85B6A841BE5993938Eb2721CA6548e9E4Daa5,5
0xEbb38C23D185Eb5315565e50a38ABAf5526b0952,5
0xFdFC3854b199C02D7CACc7fb74CADce6E189d874,5
0xa6614E006c2a40cE4933A98E9d57CEa09EA47C02,5
0xCE212ef34BE97a665B6dFEce89C0B0BC2071Cc4D,5
0x54636118D356B8BaEfDe986CBFA176572e6D352c,5
0x389014bA96E054C86a22B94B03ce66584841c9e0,5
0x7d8c68F50C8797B4bd69579FC19952f223eF50c0,5
0x908faCd15B6f27ACC848f578d8A2976D36a5e948,5
0xe99c559f0e0962a0A42B18DC21544ed63E25C540,5
0xD7f2E2Ff25be8Af5E7fD6A98468cF1ec98248Ed3,5
0xD4A8Af2208452A1D470Ddf2395e17476c40d18E2,5
0x784b7ABF6992176F8BB1a260a96Fb3ae3B601fa1,5
0xC1269B5614C6F5Cc50aFfA5E62d403622c6cdb3F,5
0x5FADECCc5a393e681E8552580aE412Be114198Ed,5
0x2619EC98AE636766072a0F6177b464FE88A876b2,5
0xeb19BFB054173101087390C35DE06eb1eFf4C1e4,5
0x55DcFE71136578198452039E1c9eF781e6970AA9,5
0x101c14F14F97c637f5A3e91E705EaB8CFE95Ecfa,5
0x6b5d503451510Bf3945C541D01dA68C981f9c498,5
0x8d29ce87677E196Aac0383A53aE0C32376E61FA2,5
0x6Fc03c7D90858866DbE7cf3dcfaf0948743E39B1,5
0xE20e4722f01B6E78C1a7D9d1b9De7576e4e2d11a,5
0xa553ef3500AB2d02A36a3a3C216999EcF7FB6B98,5
0xb6d821D56979B4424B8C43006d4019bd81931F18,5
0xa85306B12449fAf3e1dDCca15A316332Aea8ea9B,5
0x0fEc28E5416fC3D6A21452600bAC46db3Cfbdb03,5
0xd498f99BAfD467C5D06556D433Ba89e52686F74b,5
0x83d43b9DF017d06faEb2A01C0a187FfA40576298,5
0x2479db99B82f1D3Ba845342f7d8881Bcc738739B,5
0x8aB93c8D9C2BEF91a3e294cb77e2314e7de53FB0,5
0x11E14b7A383F3D7B82dD63da8f9B6B4D6c392B6e,5
0xd5E6a760bc7a67c956F469E963ED0BE910d81e06,5
0x5F9211DbA600Ee22d9961fE35b767dA5EaA484f5,5
0xe1b66965333C01203fD50c3Fb7C908FC10fE83B7,5
0x0d35fD6928CEd141e6aF4F5e58c02C79aEe7a9ae,5
0x0E9d6Ae20c982b43c219E9bEFd94ce2302264068,5
0xd494c40AA1FD0aa063E52CE4AE7bb38C5e61C827,5
0x2E3FcA35CbBb34DC9005EeD1CdBfEfF763CcEECa,5
0xcb9d3E0A84707fec0Af2B60016faD733f1985E17,5
0x895eA5c14E3F46D5718aA9f74b76f7e127E1B3C6,5
0x07aDe730BDbbDB3810a46a26dbce290573f25198,5
0xf4bD058B86946dff0A6EF2a2977Ee4C40EFe8756,5
0x4cB594C339658DBF7A7534B18C182Ab19CD23eeF,5
0x994F9939795698259bE90061d3755651040be4A2,5
0x110cF16FC17F24a6df36357f3468e775BEb2AA90,5
0xa1bFf773114Ab4e98F931f44D9Ef8C06413EC326,5
0x039699832a9bBf2A492F1E78c8fdB1827145Ae7e,5
0x7bad1b248513617184B3ddE641520f3117B5fF1b,5
0x39ac2d98812F9E1630C8f33142BcB7E1FF950437,5
0x55c80FD82B8dD363E83aEC55cc149A5fbCF4c505,5
0x0c035492f786FFf8Bf618a385eeB2ee1DEF246b0,5
0x1cd9053C0b9A4275Eff8e504d0bc8518641FDa50,5
0x960e830E81c4B41d4Beabf6CeEab7C54b9ACD017,5
0x134F5a1e7aA655CE6104694a59C58E23cb28a9d8,5
0xb50a04b2AB02f88B20B75c82ec747143FA84f84d,5
0xA200369d36d9a1040bDddDf7F83995220E87211C,4
0x0e551a523BD88f3815a5D4CC6231fBd513B28b9a,4
0x7a0FB632f86a8C8236aC8960b3a9cada3e7E0B30,4
0x3caDa286D74Fdfc0C590DDDC5De6c2E54Fe25130,4
0x660F8e66D1183A54e85F586b61b9973Eb410A881,4
0xc20f2Cc364eA590f0a91C515118b5c0c8a709B6b,4
0xcCA02C00Ba4A580eB3EBfa20A317CdC17Caed4D5,4
0x16c60a2a633630C97CDCf38C8F9EaA4D135E75c5,4
0x973eFe97a5fb054af9B71307bd9fD504B04D18a4,4
0x282d656A9d95c64522F6Bc1a42EE759DE81e8dc0,4
0xd7F4806a4200801A59332416588Ff41694F0F5Fa,4
0xF511470999e3F45550b886a3b483cDE0AD1B7201,4
0x8d95863B0FD4d901c6cdEeDD9640D8638609D38b,4
0xD239AC8263BE689033587Be10F6e39237fCe6DD7,4
0x268EF519eDBf507Ed9fF31a3EaE96c82cBE1bb0b,4
0x3F9d4869D78d34Bb5102A8743D236Dc8BE5703ea,4
0x97f156Cd2542629D7ce897D7a8d4966233b1AcC5,4
0x6F441A5c95b890310D47F58736C1F60c5BD56073,4
0xe5b0f31b041E7730c3f8AEf407B0B4C0633EE4eE,4
0xf604067175980Db8287D076ca3C245EB30733dBA,4
0x473F1332D5352C99A38C7f4F6cf7c35db4c72508,4
0x9A1636FE4634537aeF315b26F914Ac53345A50C9,4
0x7a923cCdFAa1B95aBa096bA82aA7856470916FD0,4
0x7aED1AD8392F6Ad8C52ed17DEd1a2aA9Ec9748aF,4
0x66971b505158B74bbEBac028d6519924A6822563,4
0x67D0C332f5288921D39504324D696B0d42EA9181,4
0x672C3b982325bE86E221fe5d0Eb5391ffA9CC8fC,4
0x0EEF09F02c52CE98E94882E2733988b5328e289B,4
0xD56981DCa4C6cE4ffB971ea6DFfd1A73D7105fFE,4
0x1F81382f9A52A96fD4Ed3761F36c6d859f3385c2,4
0xFE36fA1294009C6C0Abd1f7F1F4E0FAcE79F5891,4
0x94db828F971919dff4097E0D8970329CA5B95c1f,4
0x65ba7A28d127704A20727918423AB5B7e62d8A4d,4
0x22c5B360a725D4983e4F5F48aC4f474b364f5E43,4
0x0e6c5322296537155E45A819c75FeC8E96B1431a,4
0xc0bCD7735cCAc6EA02BC9c53dB48D9113493a21D,4
0x14370497e509b13f52eA73F54159db6ca0aD5E24,4
0xe0d817c734B963231a827614558D98b75F67Af02,4
0x371633f533626CDe63E4d9Fb11043A9E8C3ED51e,4
0xF6A1F53026dC95152269aB4fD5De04CbaffDb528,4
0xD5f5e73FEe6FF5dCf5C03b61441932071A3B39bC,4
0x057561523E7819d19d7690ECa2ff05a138Fc3B4f,4
0xf986454493f69269b3f2f2Cb18522F48839d403A,4
0xe886E022919ddCd8e9Cb3D93e25C5a13892c43D5,4
0x21B30b4B6cDBb15c98b1a19952E880d7e80f9A54,4
0x20326EB316Afd6FAf15b07793adf6F1f5e46571B,4
0xbDe5bbB20Fe6CF6a9029DA574f61cF7AcCBdd4D7,4
0xd9C13d1BAdC0fe49B9eECB41299832Ac42D08972,4
0x9980B494602E08DAace4fFd7838926AB973CF8D1,4
0xb613703Bb54502daCF4A7dDE024998fc87D80F7b,4
0x0FB4E427d986B25E307DaC66CB83A724a7B8c97B,4
0xB56D5dF71DF9886f6E2B8979153BCA4154d4f345,4
0x7BEE10a601D3473C524e4E5E94f1DE2911f1Be12,4
0x36bA90D076892A28B5043aa504F0E1DcF21E3aD2,4
0x161f6F6699c689732E89CB00E71aaA16ED599AD2,4
0x01D8C737Cf92bAAd532a9F5D5eFb3193d639A9E2,4
0x5e6c8140921AebA59e9B055BB70cd28102c67559,4
0x9e053EA35cEc4d1f274127A799676F85B15be92c,4
0x8e1343508cbA64EB1AE15C17182685b4e38F37e1,4
0xb3AacE2E7AAd63583AD720472f881E85CD0e9A20,4
0x3a059ca2b7CeF069F021005e4713DFbEb91c5906,4
0x8b9C595142eFF03F813A7269ebeaEC13612a6113,4
0x34925b991dce4e9A94490C8882a37c3Dc3C6C631,4
0x2169Ec73eeB5287Ed3180b401B6383BEaf5a2011,4
0x159A753dB06231a013Ba8404F14bf71650CE0dBD,4
0x059F825206540feE5b529091c594a8809B0cF218,4
0xACC17Bb304c19f627d391C0A4FF35397A8eb9768,4
0x3fAcaCE626D23515ef2f76D4b5F5f4d2a55AbdCA,4
0x0020aA4472066100e6b5A7497fD5FCb17148FF6e,4
0x433530204431BB396D6B768A6c5a52dB6146Ee1c,4
0x46D7ACAD8CD02d1E6497cF0D6283Bda45cc31892,4
0xaF1B2a07523D4Ebf6e6835187ab896D31E177eBB,4
0xf845A40a01763ba1b83462BEeCee331bc4653ED1,4
0xa31A6b79169C7d268d2D7461A8b65a0D6d522c58,4
0x8ca6a9950492759Af267B1f4610eE2E71d13db95,4
0x97ac402A98C33cA0194bC51377159c635Ce2f672,4
0x2BA1D521595C5B31B177fD5263F8B002F570E92a,4
0xEE315119f3fcaAf91680167B967592B1a6935826,4
0xFED1b842a85B9F8402f716B24C2fB28A5BA42ebc,4
0x63Fd6394f16680D6D58a090b028Ce2C0d113a08d,4
0x8105FA2e9E9e8F8964C0ed9193614D352b24385F,4
0x3c698d1E054A921dcf46Bc213CA407E39AE4Db8d,4
0x43f591061e0c77f6cc4B2f6539c4e8A1f9aFFaa9,4
0xd42627f3AAA1b80160414B329bfE7D6Aad770991,4
0x894C933C4113fA86a84262F12610d4e8266e9194,4
0x10Fedd3a2eCC9ABbDE294C1d13e1f71EB71F3aad,4
0xEc9c38f0A06ef3Ab2C549b3EB90c97e69E1E4E9F,4
0xA551C69f5EC2838928CEa71986e89E995141B768,4
0x201449bfdfC56DE48469a10e8194f64898b152B8,4
0x8Ea991f3193415EC22d8f165e434687aC275fACd,4
0xf8217Db52Ade99b6aA045081347444003F91f621,4
0xECeC63d08056F157350b2E28BA17D2F5C2a1d5Fd,4
0x572669Ea66380e5eF0df6d0F768791d0f0b014a7,4
0x3470F4e3932c720467125Be1037b14E5840DBDeC,4
0xA01e8b200BB96e9fa246bc66F6b4FDf54089735b,4
0xd8a9C601f340272Bdde86e563f2630f0cBDCD4Fb,4
0x373C9B9c898258DC69b7DDd42A82E741348A32E0,4
0x0473f0ec1B6dcb14B2b80394bb2Ea73183316C70,4
0xDf377232B1EcE4feBb5d0241718D707bb1491616,4
0x947dB9D96AEa1650d4879ebA95E0D6aa0dD93E90,4
0x32e6778Cf3Caa7b22DFDe095643Bee37f67F82aE,4
0x0AE12B81964df57596C724761701AEe57f91032F,4
0x7199c101324F3Af4E1089AA865f7D358696A8acB,4
0xBaEC8411237eA70df4dCbC7525e4c92941BD2a47,4
0xb5d05aA14b1aE48F6f6c53a2F4B25198C9028BFF,4
0x0d76D5196dB89f0F30AF5771fcbb897a79Bb0402,4
0xEFE5D701c06b165aa5Bf33682386b08cF8af174B,4
0x1c850d2bB346DA12f92FC06A8272274dd5EBBC3D,4
0x491443278F8724368BE4F66FB2a4F6A1651C1B40,4
0x3eB210eAa4026f62D027fafABA1fa5592feBb06A,4
0x0eB19e452B1cEaAF66f48612351fe1907F7dD512,4
0x4709D322df6a5A2cd6e8b3E10BCdaE654A612C5A,4
0x5500C1fE02D4dcF51F12dfCb45e5e75B682e7581,4
0xaB6207e9445dC9647268473886999e03dCaD9dcB,4
0xE885fe3ec9c3B713d515812E3B47004e231B7aF7,4
0xE60C3013cefb4D3aCa6029abE55E5407f4e6aF3b,4
0x935db1C5F15aD5751c790D9150c0c3D6b6087a40,4
0x7533d66982E169ddF4F6A792e13d1Fc51b2F842c,4
0x4814b83b07d714Aecab48F1f54aF799f9AE9ad97,4
0x9E6FD664132522Ce3ae5dB73724d7cc5f0193e7e,4
0xe6f0100C62Dc7F44713B32124c53cdb8D24F712E,4
0x5B06eB50Ceb6d4743B8E2fd06e0c45402d3bdEcd,4
0x399e7fE41A3a2812A9734366AB5EE63e732c5758,4
0x83eE33564EA39Cc2152baD87F1D0d464D07FA3aB,4
0xA18154d10DE9BDd11B9A545f3b2C2147B7229136,4
0xef4b1180961a50807c6E1ead073aBe3e26C183c2,4
0x51149Eb573E0C60A7078345d63A1483F0f26DAF4,4
0x8b007d95cEC8Cd06293A0EaCc9b2108dDAfAfD91,4
0x03Be29388047f753E969FF0f1e5313939b1BE038,4
0x65D619d41bE19EFE6D1f6Bfb6BdC43418015b05B,4
0xc560Dfbc06927840cFCDcd75C6662471733CEaBf,4
0x506e09E43a9f36493b4Dd91944f6fccEd3681d5a,4
0xC757BC66cE7DaDb5D45fb85EA848C3dbcCd9204d,4
0x5682A4ebDAe6B5cEa7bbf0F636fb7161F837115c,4
0x2C382aa6d22181440FF2f948Db1E00515d95DF9f,4
0x96648de5de8bF66a31dc5Ea0495BD1E7c87F51c1,4
0x56b168C92D6Cf3E8f9fB5F4f874cedD3Cb349774,4
0x78B061F0780cceeb7e5404593c504B848D2E9778,4
0x7fbc69c7A4e14A5b85973f4DCEC3572584726A3A,4
0x86c16F44BC75851a9E2E16e28366aDD78169fEA9,4
0x45E13B5680B07Cb88dC5781Dfb79C66e4773E2E9,4
0xccA554D3a5AeBfe142Bc39D19d72769bc3Ebf1B5,4
0x0ec41277f932cA8f1A7f657764522AeD4040b52b,4
0x4C50233b362118F78A9C8e413055d8143285a323,4
0xb0BbD5ba1558d6C5E1701f5c4593AB0367B2b9E4,4
0x5A9848573eaF194aae78DEb66AbfaE604b225AD1,4
0x88fED84dbABD43b7336042bEAE1eEd9A78463a8E,4
0x1a87549cAa8874103B05F67116395188d673CDef,4
0x4Ef7985cF9f22Ad47BAe798DbfD9f231A9aE607E,4
0xfF4418B72e91C934f55D85DD0783fDF51305D9Fb,4
0xED4A59031e82296ED0Ce0E3E1Bf0020A5570150d,4
0x05762511Fa367f476D19700bE11B28B801Ff1F11,4
0x0949C8d6aa7aD809ea08216f327ecF8a3C6B6518,4
0xa2854d15266165b8aC07939102F84b95ee857d05,4
0x2D6dEb85Ac1046e9F8C2d11A88D63839AD991F5e,4
0x53fA4FB0924D660d5714dF2939b9A9dAdb9f25e6,4
0x175d7aC3844aC969c1d17431E59FF057AD17Ee3b,4
0x53A97F81031E72f5DD34339c1f2d87f16C9e331d,4
0x00C9366CeD4C11FcCbdA3D0d5b5dd20eDEe8CFb6,4
0x11925475EBd17C662409d2c0c352f144AB1cA637,4
0x43791B25Eeca0b1f8C8aDEE77246704efb40e978,4
0x4B83c3CAf46c82a2c755242732a28FD296A9Db4B,4
0x48b0320c7E9Fc671841a713156dA73df75765c66,4
0x499541a3B08DA0FD43E3F3e0D327720e990CB4bf,4
0x9008E2A8C9F6E4Fe77CCF98b58652176e4451Ec0,4
0x7d856E72Ca093b44aC278694f81E1dc02AcA9060,4
0x4d39C2499Fac8EBb24D3b6B8A2c9729Ff12EC850,4
0xF37A1e05106bd964E5095B328D6Ac5629a1f6b54,4
0xE8b1EF36473Ae17b2f9236F1C19f99739bD969d1,4
0xfD308dfDB978b8eD3675A90394040C5B44989E8c,4
0x86A1a48ce033d6fDa5a19D3584988475803bdb4C,4
0xE0697194BC33d95edD8DCb1206139B78EA6be188,4
0x33307166B47232b1B84364670ed712aC929EAB19,4
0x36495115074a919f39AD7324ba37707b18784B3d,4
0xd87a9F358E0EF81fCB42398899eD34FDCfd18256,4
0x90344E19c75EDDd695fB9b4bCb5977d75fDe6d41,4
0xEC43d8E6433E1Bb63e2d03Bf5BC997F3bfe80Ccd,4
0x31A2a7Ba4214d589b3188D3Dab15befc9E53326B,4
0x1602E644d80036EE566E7893BCE6009FE63dB47a,4
0x41d4a1444b457D211FA8e58e51f819d6C2A4fa82,4
0x4b5CE31DCE36E1dab6500366A55a1F4A139dafaD,4
0x003c9f72c550FaBB7ac70493d5cC9A4fe1702770,4
0x8b36EA942aA14D6696Ff5E5393c54D9ae6Fbb342,4
0x7497B41ae064DC53183954c782Bf83C6437bFa33,4
0x312f1f29870185a81B3b9D127537475F49a273c6,4
0x8f6073FFCF8e4a5f90Ce473c3ce07FCFA07D1678,4
0xE39A04d46760129D3cf76902B2ee3677e89c19Aa,4
0xdfc0dDf4a51fCf802C78B861D77B0E5E36552Ca0,4
0x0F32b522a8331890fD0d6Ef45b51C180fdA5EB5B,4
0xC02ea34406FCb0585fb205aBf17C7c2187fadf36,4
0xf61771B1808BF37b0D0a02D52b896C9DeCF2ed9e,4
0x6213aeb0360262f671Ebb6C0093AaEf8b5A251aD,4
0x92986ac66de8B40FA44db0C6D04c6582fd3cfA29,4
0xFe8c2cdB21029371690ca9a6430591058C17B2f3,4
0xe8D30bBD4C1a398e19dF4654594fEf11e9e13eF6,4
0x511b5DA3757042b64e36cB259ec5248c163D15AD,4
0x97538e1a3821f3327Fe2a2fF4993f3d154f28B01,4
0x98488C8A8005E8cae743d571d2a0f87DB288Ea99,4
0xFBE21b2c323219a79b5FEe7dD4d6f5cA8a92BAE8,4
0x52FB914641daF95A7596a93684a50909fbCDf857,4
0x3989242c1D1FE5D650A17A041C4A277FED777D6D,4
0x684A505A4E9022318ca0F9FF78602E22aC4CF9A1,4
0x8B147C4dB4e2616C0bAcfb29F5C61589BC0dE4dC,4
0x76BBAA3B1B44bD8Cd5185fDe7bdA99396b04Cc67,4
0x711cd2D84c9329C71C1575C7Cdfe185E430F36d1,4
0xDe0c164F9E7eaa3Ef1F7f01Da9014c325fF85282,4
0x7746AB46a45f3e7622AAFf9243a1c353aB41B0e3,4
0xfA17f185B25724572A1959FEBa516391D1ACD733,4
0xD6fdB1DFe36AA8e57aE9CdbC18524f7607D684a3,4
0x83bbe9CFCc205bb8E53cBa0b51d6db9386CE58B5,4
0x6ba7b6406e12a4c6dC6F96c4C7da06C9DdbF3022,4
0x82c5B52CCEfC6e2fC0a03871B70d9f0fbDa46d07,4
0x69F9C3b61CA28Cc70b1bc5f333E26db70405D733,4
0xBf1e5F1808C47E50d3f0E99E23c4Ecf664FcC594,4
0x6A0D579b887F17c49E39bF66016024719ac6f35a,4
0x20bdc2bdAE96b295ff4B6a3F4523E006B98d4219,4
0x8EAdFF3CE9b58Ac209b0200EA66Aa35465703914,4
0x179556241E6Ea5F0088E0903947D40EA554B89Af,4
0xDb772B05fb667EEfd3304c9211cDeFdFd1FF8E14,4
0x3C2b31a0Dd6d9336DE71F9788e4f05Fb7e7292E4,4
0xE65C0CBBe2ab1460FA16BBd80F38353F4BbB078d,4
0x02801cb3B41CE871ae0b129f857d9e56cAa3575A,4
0x058B78Dd16cFD9f3C83bE1860aEF13Ab11821302,4
0xC40dd2e85459e841021DD84F550645901aA337F9,4
0x6Af1c53a7c57269a7E0D35871147488F673CF419,4
0x062710C908Ec7C4A5B002FaA918e3d9F2Fb14c0E,4
0xfbAb7d1a5c77dfbdE04d5649D46e183906635ed4,4
0x4086315d08198AA0Ed022002EeCbBF7EC56a8C32,3
0x578a508Aa7744F5e2A65DBE049F1c658D6c17086,3
0x55E5d2bD0f0cd91Ae7a2Db67C888eD769f04A546,3
0xaEF1E5ab36D4f9F7227Fb216f0107F05CE2B1967,3
0x5C16Af050a49ECa861348fc07ec5f287aC047237,3
0x5A00e8683f37e8B08C744054a0EF606a18b1aEF7,3
0x168F87fBfe36B84E44B9d06278B2aA1CC73d7400,3
0x3bae0F9811fB3869267CaFf8B5a1bAF00a352935,3
0x42Be65310a59e2B61Cfb3EC8Dc14880f5aa882DD,3
0x3b14EDb91c9Ea91E7E69C43b39768991Dc3fC32E,3
0xdBaBaf9d5a1a51615980510dc48160A629C88b8f,3
0x00000002f32C0886eE65D68059Fbdb76EF6A6996,3
0x072DF851c61f3945f1873490acAd1f507CB67527,3
0x85e989F3a8B7fD10e52c9BdF0c788Bde707409da,3
0x8eC1f5911134323b6516d575c50f8E578cD9c621,3
0xDEd2842EE66EDeCFDCF9A6a84B16E3d1A40Fb3F4,3
0x64632EDa28CE56F8638555baeA5F306d75A7d0cC,3
0xFe377bb0628eD405d6c055141139f24eaBE8441e,3
0x3A11198d10597B7a1788A8c6f88c0d818f598075,3
0x1772ef83b2279a672154476C8fAcD9f2196d8dEe,3
0x1aA8C89E381b033112a9E7465c1052b8Eb6aEAEd,3
0x04df8C1cBa27019eb0e7aD6DC9927d02b7c52478,3
0x12Ff7B920Edf2ba45743C71f7a513F7a82030549,3
0x307ad7472ce2c9667B13937d369eF9438A88fbda,3
0xa1b21bBcFbC9bba21bFBB58f7F59115b99a3A594,3
0x73456667bc0BaAaf1e5e2b25b4709ca2F318f27B,3
0x9168a80AF210c511e4BE5b32d7de75124D0a4996,3
0x739534AdDe5341Bd8E61092caEA1175C5A55629a,3
0x8F077721d9A1a0F52635EF8077a5513Dd4F72DEa,3
0x50ED192cbe8A4e0B5F94C1Cdd245a92F454b76c5,3
0x2d3dA5FDA51c79679e5Fa56BE333F24f4d59d431,3
0xf51CE4614232337920AD06Bb718dAFB6103BdE02,3
0x00000e296e2B54f589D999F3AC209a17117D5664,3
0x642806b57eEc9DeC5e02fE2947b045Aa8fe2aBe8,3
0x76f980Cfe17D4fF3e3F9ddCe2129C17e55A1091d,3
0x1De956c7aC4fFc0744Df5ec9b4751ccF8cAA5568,3
0x3Cb149fc3FdBa1faBdCf31655ED1df460064aB95,3
0xA12933eD4918291Bca0ED82578CDA9aBf6040d44,3
0x0DBb9D306dDCd839f698Adad757C95d30538603A,3
0x7A16631F3a824aE37fc8c7824C3Aa4B05905b6eD,3
0xD99ed378Cb155D070E29d680c6C32cb18f01D517,3
0xB4DdE601f40DB20892129d4558FbfA7219f46E98,3
0x305D79DAD6eBc2De403F37c1dd91e8502ce5AA58,3
0xdfC31F3670E124044047df43AC9E38f630213aaa,3
0xf3218323E190c2010f964A7Cfd168d5cDaD4E6Be,3
0x921761a6b17d5B707f51338EcE4dCD034292f087,3
0x70F7e43719A23E6536368891F214613b5e2BC6e2,3
0xAeB3c9Ca208E414d248C32437a5D1f7650902Dd6,3
0xF4b40B20572D117EAD7b5ca3C7eFf7d3CBdC4067,3
0x617Ad53A738EE4a678C34B98DC45605cEFf42519,3
0x32622Cb41c18F2a9e63F205FF11d99620D654ebD,3
0xDC0E468201ca26137977AC3959f9F546A449d8c5,3
0x55f9ED4581eaF01600Ab280B79D8f6c0b62F52Df,3
0xB6e4E573198ED63d5c0CA68b7fd3c18f5655a6B3,3
0x8c4F8dFf96012d59F9DF00ac21f0dFD9437ECEA6,3
0xC077459D40591D427858B8388d6Ec27110298668,3
0xB8e1f0f1E0AaB629eC07aE9e4FA680B58732c643,3
0x8A3f2aCE8D16b437F89eF06bB45602E70Ab87a00,3
0x4d699138E3185fE5DefA19b73aD65774bCe001BB,3
0xdc11cA422d5B30726a0E0B88dF060dCDD2524F09,3
0x93CebB4004D18C987a0F22CcA7877A41304Df519,3
0x19CD3605D3c490B8E6a1538aCcb45D2a506DDE7c,3
0x853Fe8199b241e6dcD974defbB912cd5cb4483FF,3
0xaA8e5155b2B2da30767BD98561069ceF78886b99,3
0x408570441054B712a9F8b4c96101915C75e3f044,3
0x45a1FE688c01CCfd4606aC31D1F7b10FE2aa875e,3
0xA3268eDfd84415472D9c30eCdEBa487f865Ee063,3
0x7d46361468F88F811fd99a62621863481DA78f77,3
0xC1A3078e1308ae72c79B472A92b1282Ddef5Bd7A,3
0x309A41FcF62a34493b4f0906B1F8f94b504fCCe6,3
0x94CC3C8981812Fe6Cf1aCB23Ba4397735685fE0a,3
0x52733bEB402BBEE97D6072013D63564C80ee8861,3
0x917D43Db7e44d6Be0CB26a29DF14F92fd6944561,3
0xeb4b1af3580551F7AcCFF1f847b9886882Fff0Ae,3
0x8d5C1d6727c620e05a696D591464A4CDBF25b686,3
0xb156B83B38Af5D579816fcC97b2CBa0aF1E8dD1c,3
0x99b17456eD9C3EB3E2F4f292bCB515F8bb9F4640,3
0xC13ccf23E4e4709E41fC468a8C7e353c69bf94EF,3
0xd01E61E3f833979bc91249ee2785868f70DA358A,3
0x4Eb1040Ae990195922aB36782640EE09de0b5479,3
0xB191335AD10f4519a4a39f1548e7aC66D0666fB4,3
0x4F46786A97C955C1dA6efbe37dA1C83f1c0928b0,3
0x3BB635727D963b96a5de2F58Fa8804f55B0Bf6aC,3
0xaCFbBB80254bFE0b6B53009d5865D65c2F14326B,3
0x905932ebDEc0b95fe908DEEc9D2C731d493eB4ab,3
0xB9596fEa763C6f0C0656F39c7f058C5870c2735F,3
0x0e35472CCD905339DF38aED374b7218912B379e8,3
0x06df6838F036f2A340232222b5587C18d82e83F2,3
0xF51AaB4Caa5d5DE2b9EBD58BB7f6e9b59e1460Ab,3
0x6d49800F9EA7DE915177FcC029A70F0eE1B7D990,3
0x1708C67F9d3095c92DDCf92E920f11A0aB64eD53,3
0xa465e30CaD80eF8F1109EA0A6C177749Cca73657,3
0x06FCc5F1e7af00F53e9eC513A1c114A3549aDd0d,3
0x7796D7E2F04b2854cB32F52C6014bEe89fD93C18,3
0x675aA1027C104C605FF7aD4Aa9197c29dF85d660,3
0x1cfedd38D0b19cd34a46214Cc6b4EcAc4b45B08a,3
0xcCcd971bef17B7E9e006c45788771d5437aB1C23,3
0x703D4c446c102406e3e083a49632CEE62B5FD90f,3
0xb6AdEda66E5A5bc0b4f4B83bfb3ef4486243be5a,3
0xC2308DcB1844e4bc0CB65cBcFE465e8d289A4c48,3
0xf33724E05f296eCBC3E5BA09254D60A4B057dE45,3
0x037B628d51b6e2921C85d098C823AFe33541bD6A,3
0xBB6a455B9807fE8BfE3fFd65332d721a3b8dA3be,3
0xCa34F9572ade52214cC787b88df6f550590D93EB,3
0x2Db4625A9eCe077CB432D1A84b85b03c15721BE6,3
0x1008C246F3825Ada32EF0b671A8E43d5B2ac30Ae,3
0x5D46f05C671A93C60A55A4ABa24cbb918711d8b5,3
0x8CE89035f97d61fC4493dc2f3f8De717e961375e,3
0xF7c79d5F3b77193AAfc74a5B0FF3f1dB18AE47b1,3
0xf3Ddb9fa586c5d42058a3A2775D3036Fd07c7Ceb,3
0x6e977A02cb1189dFf8917d435A19853375b655F0,3
0x10A73d1754A5a05Ac9Bd581dC0231365106788E8,3
0x432d5a60721337e67f67f5d198D9585Cf995419f,3
0x313CaB6586B1B5dF89CFe09F667284091B304efF,3
0x16b2512cb87323A388D48B5a75a9F8Ee325f2861,3
0xdF8111093Ec328108fb2501056685c01A888EdeF,3
0xBfd0Fe82C81d2319D7a536B4126f7353Be2b1338,3
0x15Df8d5c22192B54f10309F89e6BE1891d8F64D7,3
0x2dBb5eA4010f65a5fFf18b7D43a6C1237788A0e5,3
0xF0dc9b0cDFAda96eeeC67B684B70d2c90A840170,3
0x260Ae6890B0e32CB5eEd74285E56033D2E1cc0E5,3
0xaaFb0204955De41Ade6B1BaB01cc249b35e4C6C7,3
0x6A08D63d96bC3c27E48f03cbE947a14d849ef658,3
0x829A2Eab39aBB84C1E0Aa621736a14443b5c5075,3
0x421BEE479EF728f666c97ebC9C259219e36A1D62,3
0xDF57F21e7ffA60E40B407a4a8276BA8C39E2fC89,3
0x4097Cfe0daffEb631181706C5ade6F12c4c8f267,3
0x81a80E8793BB8244dB24951F6Afa5B07eA5F1A31,3
0x5F7a9d511976f7008F6161CC75f2c924BDe1bB0f,3
0x34E3a48390a678B06352B5a1b5a97E6b494cb51d,3
0x1f8231Ef50E99D361B5252A24EC2eC44285367e1,3
0xDe08b780Bc44F3c6F2Ce4DE59c47A7418C7D3891,3
0xa13CB09D27Ca0942AB910d9bcCDfcc3a22aEb4b3,3
0xBd1312879b55C8B5b093f019fd91B60C11D50e71,3
0x1A01e529c5910be6885AebB67c3E2B0063132669,3
0xF72131e357295dDBED1C478096Bb81D90eFf0c19,3
0x60057786842AFf287eBb0bbf96E082733A4a667f,3
0x5229D094915388DCb6f1c829aa6E241424360E27,3
0x5BfaCe33343C354D4F577f4EbE29e20B1c691Ba9,3
0x527E68210E9E9c5471EB315599F1ef405F0f2865,3
0x4C5d9c9Ec9E194cba8739b01c49c2123F3Ad9498,3
0x2d96276C369Ef03522e804Dd6d443A313B707316,3
0x002B5dfB3C71E1dC97A2e5A0A7f69F3e7b83F269,3
0x6482253A76088854D3f44f22F96E4a9174D1d0c1,3
0xB9773E460fBC0B47f0A392F090E46FD381C42d07,3
0xd19D407921F5D4772e358121FFEe9C802eD73CD4,3
0x01F467F381462143CE28BC45d1eA7a728b464dbd,3
0x838Bca83E0568703F011eE6c09E731C2AE8F18c4,3
0x78f9beCab83a79Ab2BdB29E63F863be0fBcCD0D3,3
0x2A800734B5e319A5D652027B9e7DDc5642240C5D,3
0x6C41d9169D27C436EDEBC08b53DCabDF901816E5,3
0xE40d244f914538Ff8ABeAAae048fcd978d3CF9B9,3
0x90dEE319fF5E59bB908EB6BDE7dd1D647a697Abf,3
0xDc7831919E92000242dC64E6C5A5bbAaBf214094,3
0x0cFfDb26aA94Abf067dfC71f2B96183C1e7c63Ea,3
0xAbCcF31a5d141FF9922654baDa7B415a5740B24e,3
0xF33797902a452D02F06d6EEf1ADf7FCE89630678,3
0xdA3ac2621E9Cd980A7C05aCb7d901CfFA98fBE36,3
0x6212423B7c0988474863B7541e4e0E78300A0870,3
0xaF870161cEE20B9B04ae4aeEE5B623dc56d26e17,3
0x99960efe134A0a44960cfb7A1Fa9221C0547Cfb0,3
0x14B6f9A677Ea9b2F2714391A52a75fF9EE9B9a43,3
0x688c0a468ad7BE8Dc2e1cB92cc1b9b6fdca84d5A,3
0x343cC3d8480ec2Bd0591adB71d858FC4A9CE1a65,3
0x69B19d4e899FE30001a5c9b130f3a85Edf6888e5,3
0xeBb28d2c512Ed1786b246C7a96328ab308ce0f42,3
0xf838055D17759a9Ba621F9BB9160E76A0Ed3e279,3
0xC5Fb81707b15e7AE661cf0BBB8E64cB196027162,3
0x915D72Fd6Cf53c34D6b7C238be60a79d5214C452,3
0xB13188412268eb43E58b291B2674621d8011CB6B,3
0xEd268399483B600a46882b0e8090c4882736f4Ee,3
0x5bae91E59f8b04a662D1EC95F3536f1cfe21578f,3
0xeEb5b86a60269BB60912aFfae09c828F00147A5e,3
0xB5BEaa46A022e84ED944E44124b59bA5BE2090A5,3
0xDa370FFb09574d557eEfAd2F41bd4fd3A53F27a0,3
0x6CEd926bfB22A6C1AEaD814F1D52f10821c4FBF4,3
0x31d5720BF8D90C35Ef25B2b49b82aCCe2D565aC6,3
0x67Ee5213155DD584aBb876B737E3ba9aA1f150f3,3
0xc3aC954373f045e3E1F5a14BF53A96343Bce08bd,3
0x35789A5C96fF9045fEa6cB06dA38ef82D2187b1F,3
0xEF87243Fe29c2453F87549e02982108a3B832952,3
0x8D93c5E1e4439f91FBd21ceedDFEdC1D38410424,3
0x1B99BF9274a745597bEd00C4b9BE2d92777A23E1,3
0xa47418e0ef4C3d7903Bdf4f36D92426fb8B0268D,3
0x243baE7765023FF1c25f6063177a5811C68C9A65,3
0x5a390d91dA3Ad218eE2e6c47bB6b3DfB4798f5BB,3
0x98406E3f6A65910bFE11385A8a1CeDDcEEa02546,3
0x741457F25F8E13a8d8fb566646e7CCb8EF1607fe,3
0x1ABa64C3535dD573ddAC5B922ee61E158B99F1B8,3
0xAaf44f900F6f8431530Ff591c110613d1bC8c876,3
0x0f306c6CB64b842F5b5854246FaC18EB6293311C,3
0x22e8aCF8D52C3311d4f49483506eE75aFD7156bA,3
0x617AB2E83559FDa088136f4F22Ae07e45c5C8757,3
0xbD5A8323E83C50CEd1829D39FAfAF8Ab63d9B29A,3
0x497B8abB0E41E4D81be043045Af4D7230F7F8DC4,3
0xcd0b67a61E5e8F4616c19e421e929813B6D947df,3
0xc757282690d46b79Ddfeee49155419b313494D21,3
0x0493b6988aDD9a904926937Abd80891c6F0D42ff,3
0x4702FC6F48026f06Dc4dE80aAf54bDa3B3dcf9C7,3
0xc57A536df8d6F8F4307104EbA9811098cA535614,3
0x8B139211fD5f39C9f4943D0C2039957E8609e960,3
0x28baDd4C4603D3FFda223FFf00cDf695402ee4dE,3
0x69d7087e2099198666a4FdCcA57Ded525BF2b794,3
0x643469ea34ebDEF97B73Eca584921BA34f8A9bA6,3
0x7bB4a792E990313445b42aE334E0d7b9c7f24409,3
0x65d33f43AcD24ECb49361Eaee7fdD27eCDf193d4,3
0x3483A8fd4099939EBeB66D0845D67b6ff8eC6f1B,3
0x3CBF9c915146221BC0038722a57B3fE9D73893EE,3
0xD0060dbfeCfddbf14995288021C91AEA2Ee9abf0,3
0x6bE6C401398F5578E5F3c494008C44dB7DFdD29E,3
0x1A5B9A64189F54BBD3C01335e60C56c027fCF633,3
0x7d62b87fB561AA18810f811586f8047B608d83eB,3
0xE4bC5f8a6DeBc07A6b9233B149cfbbb44859C108,3
0x080CF7C73a6be337A2a2758a7095FF435e3dF70D,3
0xcf1d38433E1e1e835590618af19F8cad3Eec8F69,3
0xcCe9dB166a4AeCDcA70e115Fd30f111a979AA4A5,3
0x8e44fDAF9FEA4535b5C6d84160B3Ce3799773FEE,3
0x66D60cDB2133522B0d2e17B889b8AB911095D896,3
0xA6864C6b3F418d26aC231b09488f5a6C821f7147,3
0xA2c0905a8a1E66CC1633D2031ee21B18D4A42fA6,3
0x10495E143d79296d5222497b7245294dc9e2D596,3
0x6BDc1a9A9eB9d154904e53d1fD5C0FE965749Dd3,3
0x88B0BE658E72C5518B37cE0A5625D3fD494dBAFA,3
0x6cCddc06415f66bAfd6499A189f8C212c143BFf1,3
0x77DFC9264676AdB779aCdEEeCA199c8A87d0A893,3
0xe97C8CD528b9382abc7d504FDF55A559B4b1CE51,3
0xA7569949a41B733fF91F921F5b464bdf111cff3e,3
0x865288100ff04bcB116c7E1b05156018fF517ae3,3
0x6433fd0AAfAbe871bB44572d684DdfCD5D9d52B9,3
0x8C58C739cc456091C0D1CeE900988059b32F4b19,3
0xFeB9bD767D5FA68fe8F079f85Fe366fc58aeA58F,3
0xDE6E6D17c39eBee088128407fE6CA0228794D962,3
0xb4a6Cec808ad19e0BE5d2BA96A5C4faDFc77b477,3
0x470Eb91df919BFca9271B5d254d99FeCF7352e22,3
0xA3c983DAa3288f2B15bba878A97042DCBf61C698,3
0x8639e50d0Eeed386949331Cc3b48B7a12baf541D,3
0x0a72E3504E67C058b2fADaa02C871Dc7aC34E751,3
0x1146b980bD6e31CCc2a42140061Ad3De833828DC,3
0x477ac24Dc55aa17BffC2eb4dE093ca914fE2b59e,3
0x2B7815fE62d1487b0Eb728cc3bcC7B5a8F9C83a2,3
0x856d5B3277061A3C27bD0f1be6d3A148fDbaF42B,3
0x864Bd6C4aE68b1205052B35aA10167a57e08EE97,3
0x65976402E43B95E180788C394F52d595c97781c5,3
0x4c322620749E79e3AB7882Eb3E7Eace4e98461ac,3
0xb357082eE428826efDb752af040cbF3Efdb84049,3
0x54cF78C31739B97F87381b19937d13F04DC9819f,3
0x7B69785643C0428E74659c9824d85cE0299a66D4,3
0x30D00eEe6abBF2588437D7b9E80CD7F3234111F2,3
0xF2F3A7860e6BAF5706A84ab5a87e465250BDfD5B,3
0x0Ee5F43ec8C08e60bC07F8d1f12FCd6D6765e8F6,3
0x9C9848CA134FB7F6e08472aF6d2F1f9529b2111A,3
0x2cad6611A989f1aF569d03a8Cd80De4263B1f91d,3
0xEF2b6c84C82D4DB1B806289bAb97285212A83843,3
0xd4656F33963376371b4A6B7478AdF1fB38fc20C3,3
0x2e7735AdB640c4A1f6C72657c66FbD892D487d5D,3
0x161b1d3aB6cFd2b9F42Ec758FD5a9CEbD0808952,3
0x920200D82b0eB6996877f8762De4afaE9e2152bf,3
0x3f18b8b7ea6a6F6715dE3b75434d45051B495B44,3
0x99F83eC57Fe1e09da9a20Efc00156b71826E11C6,3
0x1d884c7d4132Bb1D75BfD228cE9447D82527a217,3
0xaF727f8e908353844db2790a5FfB39ce9403c9C7,3
0x5bee07ead6719c12Bfe3b9AA2F8005300564aB04,3
0x3E248B9Ea35a0628F640A3340Cf7BF734C9cCd40,3
0x638FdCA1aAFCC4d1f6F59c81C8EB4Ba587A13F8B,3
0xa056D660D21FF59a52e2d9Adf1eEfAFFAa875814,3
0x76d8Ad69D7695c9621453Cb768D73F7060e4f9A8,3
0x4306ca986546d7DE4ceA003Cd7095B88BAF605b5,3
0x4db405e0b38899CAEe5665979764BDbe43bef1bd,3
0xe0BA7081CdcB4c5ba05496Bd6a63824740B786Fe,3
0xdEb7960F2ad4182c8f6b8440fc762f55070b44f9,3
0xE84B0C2Ddb1c4C316CDBb1B7FA562ae0Fb87a529,3
0x18E55b91E51fCf7fE3aF445eC35F69418A008EFC,3
0x3313B101eBF2c8E7DB8fC3251f93547d804C6436,3
0xf445CdE6AB8956b28cAb74311ee8871688120f22,3
0x8c2BED7b4b7B6F9FC6851E9Bcd6c693e7A083D93,3
0x11cef2922019C399288A4669d147bF1Ce54cf3c7,3
0x9cEAD5773F576E9aE649251339B5F71C21EdEE3c,3
0x0449E53AA1a3F75133Df621d0ee755D5381A934e,3
0xaA21505A90F5A5D1e40c39BD719F1b3BEF843CbC,3
0x23f1DC09dfC8Ea4eDc192B6ffD8a9b1b3E8FC656,3
0x55A5705453Ee82c742274154136Fce8149597058,3
0xe76F0bc0Ce62f5aa13315f3Ae844dDf1DE9f7A3B,3
0x66070da7ab73f44Af54AFA8bCc5dC98eD5e4923a,3
0x2c4C743109043C422bBC97DEcaB32dDbf7AF2BcE,3
0x2de725818E427319EF0BC49DFa19bC2010Ca424d,3
0x9eB3feAedCcd9B364D5C316888b47ed21c9b48B3,3
0xE0438df6BAF9d1931e82836A41266644EBDAdB2a,3
0x3349B782F73cbDa9E9a4e5db1d0b4C399dE7c22B,3
0x2C181f465D5C0174E55Ba8A5836b90A5A86B1bd7,3
0xDE43aba29De4F21412504fF549A5D6A305D690D1,3
0xf1f5EdfD50d35CAFAD8852a100869ae2903dD127,3
0xC1c7474bD53104B9da90BbceecdeE90ED9269ba5,3
0x9a8394a13aCDDacF438Dd6Decb2E79B5148c8488,3
0xF7d36A57Cbe154fd3d9134CAC44AB49019180E12,3
0x60DBe4aE832292F5dD213bDD430c99467C52ECdd,3
0x0010b70d4987D0D2a410c7Df7df8460b3136219E,3
0x47E09DF1D6ff85D9e7B91B9b4150070a00EaEA8F,3
0xe169689F51380ccD661923a9B1EBeC705D448B62,3
0xB0d37023043099797dfbD2bAefc20f930279dC21,3
0xA6CB0FFaeEAEDc905e96849338b4E3Ad0259636A,3
0xE8FeA775107b1AC14172aF355fb00d8087faD387,3
0x304D51De37CCeeFab1Ce0398B74533a53623a5B9,3
0xAeDD1ccBd3B7AF7FaE15e235f59c4F8B8E4Bc2C2,3
0xF8fBb3f4d7238bDb6dD75384450f04b73Cd94C7F,3
0xa015995889937bb1f783B6df95324bBc9BF8bfc3,3
0x6F18D3e712256ad185ECB6A81dB2C51CF550B1C4,3
0xc764791CF27F7C7386724428D55cC0ad2Fb56CcD,3
0x6854FFFA71A4aE49df700d087D377a297C595386,3
0xA406c626232454838b3960A850d92A7aF1214599,3
0xCc3C96e77488DB131b325eD183972Cb8530624C0,3
0x7e44f0efAA3aB5Dc227f9F38BB32f0acE2619F78,3
0xBd236168f56Bfe4b0F82f033bDD80D05F688FD48,3
0x91C66975744E8d8a503132922dE1bBF3300cDE37,3
0xBc0cbDb5D40aa7c24906f5D0ccaDe1DF844f70AF,3
0x81fdd17466B209BBe0b0D02934427a128f64b763,3
0xa1aFa93a4CA2490A5B1D45E4af9B01B27Ab9E8f5,3
0xA815281Cc8510967b4166a4382A1856F03864442,3
0x536f27fDE152b20551a3ff818864B3d9a42159F1,3
0x2cc5C3230cE768D386cDC0E68ED9C7065D92374a,3
0x3091A139a2BD3468F00542F316360dE2C14524A2,3
0x930e7333Ea9Bd9Bc06175ED5446cB5Be83cB7c31,3
0xB6694a172888c067694ed44a5076C3EF8C975f5d,3
0x265ffE2C4A2D44299306FFaeDe0CB03EBf9015dB,3
0xCD531EfADb2a5Fc230EE1B55a510Faa5E33a2FB8,3
0x8b2244bC61c64c2F5BF90D43C3B93ec73C786E3b,3
0x8639A6231e09dd356eE5aee69550D7A193564825,3
0x55C2970CbeF7394173F7D0Ae067FAE1dF2A416c6,3
0xED6A1b4929B410176C66d2faF605ACb262F70E5E,3
0xbd0c31D74B3282e17434D3061bE1E488bF8c1cE1,3
0xb8D21204Ef6799155eDe6B188A709c0125E2A2e9,3
0xFe5b4c1Edaf231DDA874DD158297ba2EC4254B69,3
0x7124329794695725AC256Eadbb554Fe978e67AF8,3
0x4F97A3aa19d2a274a96D67B8777F72cc526F3f4c,3
0x3426648b4cCCb33A7dF81D69993b71EF5e7207d7,3
0x098Eb7A11cEAa5F53022144E9A3c15604300fFb9,3
0xd22dD7090eC07242549E892854937E55eA992889,3
0x4fdBda33087bABdd87a3cdB0830572809625aFa3,3
0x6C45a98B88b48026Fd7bcc7f21D7C35a73c6ac99,3
0xd32B5cB756f14F28DF809f7cCcdCD3e5c476514A,3
0x789185eAd7dac3cb244dfffAFca110AA423b2Cd3,3
0x325B38bFD989ed85079135573e0e361ca7A2f44E,3
0x288A4e70Eba5d4f92e28F8CCc561E9fC947304A1,3
0x3Dd14B1eBcd80D681579aea988eDEA28dFC51461,3
0x7babefFca22C2079569d573E7bFfbDA93368868e,3
0xd011e3875e3D0229b0E186E64295aa47994c40d1,3
0xC02B0e8A893F7E6288d32483310F9556657CA06F,3
0xa13A120dfC5aeF0d261944042f4B8BDC45B43e88,3
0x671C46137d3fAD6dE766C46F9d20bc3fb064B009,3
0x0b41d2373F4182a411cd6A8E2a6F52000e50cd21,3
0x65B5FD4f66e7Edd967B7cBeeD2dc7d2959f72646,3
0x2fDD6cA72F6C193D26843992095BFdD01bb9abe4,3
0x9f2267BA381e4784DC03C73f7D51416c135DB80E,3
0x80092f94F8D3f9048624ed68F5a0DaBeAfB9FEDC,3
0xDd61Dc5373A90d2D2bbdfDC5FD8B847fdDF5cA0e,3
0xe94Aa5E19eBf80c95FD1d55702Cfd30C6A1E2248,3
0x574EecC02e3743457DBE3D20Fdc2d9Ca7096884D,3
0x5C92f27bd666faaD847d68BA7c9547727D324568,3
0x92469f5f4dB56Fea88C34B86C7940435D25ee4e4,3
0x2713Cc0aE67Ae09F29563881ab4fd5eb74f272a0,3
0xC295842750125B4aa7aE7cfFc3ff841176F78CD2,3
0x1d6fc8DF2fCc40474D55a42d1c04FCD9be9941ef,3
0x7Fa0b293A2887765DfBa8217730EA46B4FCB3871,3
0xB5F499BC7E0120F4835A958FC9186a766b230db1,3
0xcC9b97650541cEbF75e2a5dB613F3788b810Bdac,3
0xF823F9D6f0E68E59B385B252d859782aD6BAdc72,3
0xc6d1cAB8aa6c6099a4dD7352EBD4B25521F6C79C,3
0xe9541C48ecb051a6616F7f1eC8A8f73810C85164,3
0xa758b893faaD655f6944277eb9ece3fE54820a78,3
0x1998f627ad0F5904165b1796c4b111492365Dad2,3
0xf76bdb8a7AfE294719aC9ffA1C394046AE35A0a8,3
0xb8A7C430A7934e83C160f3067873fD3Aa2c8abB0,3
0xCc4f1cb6064A69aC83A5133FFCf09217ae33c2CF,3
0xFD73d18cf5372084eBE4A6D40F19b88019317F28,3
0x9e4C48c7c7d758Af0985fCc360ae6B7CDa662e70,3
0xd7E14e6D6C04e4abb671C0d02eA9655ea0a149d4,3
0x275f16513119F0F9Ab75146fFD97697AC0aEc459,3
0x20192B671Fc01441FC2D4bC59d674C104f0DD66c,3
0x19529d50E2610eaa2d895047Fd0F3f2dAE675c0f,3
0xD5D0c70A768a0489695596bB48030a3148a5BD13,3
0xdCA44507752b5c9C02795d9E2a3227924602d19f,3
0x710ab570b20C0BD4762bAdCA19396Ee0Dda17b90,3
0x0c5FC2971D6234A6f66869c6Cf9b3e1F1cA48343,3
0x46360e8AF2E7bCcDFa2874034E91f5a1fc785912,3
0x2d71246634b8A095714e78d8f1D6BE003652485F,3
0xFa8083628a1Db26C164395bF2CEF249444C3e1a2,3
0xD752b313E23Cba7d98080Ca57fC2d5C84A525652,3
0x913a40904e2A17420E30BaB4D238D2817894B909,3
0xA28416E44306a5046F3113D53708EaF36151Cd28,3
0xce46Afa37f08d0D6ac9b160EdD8a968a36b0f219,3
0xCA248AfBcC09E474EcfbEe249bA89f90db32cb5a,3
0x302a6E2774a4dC6F2c7ecFBea9168abb7CCEDe06,3
0xBBD5d3d0A362D19976390e1D7cB284DB559E5571,3
0x5894FC5d4225aFe25F2e04a77C8cd04fD57dDfCF,3
0x3CF282CD2DF98D8589598fdE938eEcD1Dac9671f,3
0x1D75f33DaEBaF06A0dfF56971dE3998f93B6Ec98,3
0xb21229aA461A2f3Cf49dEC2ED70bE9CC3088d032,3
0x14e2529e0eeD71e174fFD16d47f46782424286aF,3
0x17C3fdB5ebf9c6BB1977DAFe6C916b8E68FeaAaf,3
0xa5F7A90bAD45094aa676f81D580D8B93284E8506,3
0x0fEA5da7eCFfb55cc24289587533f572A84f9C70,3
0x9d1D2b1c4DA3A828ADfd4803d8d52e3ea585A743,3
0x4BF40b68D352772388B841D437f8F8626aBC7B43,3
0x140BF38E628BDB08A5df2025546F5ec5E06DE7DD,3
0xa2e8FF6b582AfC8f8c8E3d8C497eaEb7C35c5D0f,3
0x82F91ab95dD830706ceC0690D790A4ceF23d209C,3
0x3E96e42201BDd499635B0a30cD8bF0aaa1D7770c,3
0x7e81eb3206D770A19dDe05d11275D8CAD204d5a6,3
0x9E0E9CAF794E039CE3DCe292EE99345F30879680,3
0xc80eF6397cFDF375D7E189a31Cf2fCb68780d559,3
0x8B6f7a9Ba125096d1b762E66b2C5bcb6e9cA117e,3
0x006c77e68d2cE85db549BAC376b4C7283A332447,3
0xfa7b616E68fC25c0F590b17800830bA3C2876766,3
0x2eFdaf5e31A336B456a93A6Edb4F0e55e5bfe346,3
0x97568d242AB0233C55D992aA46cD41E7311FCc14,3
0x133bb0332C9337c57175F62d0EAAf0e6497A3C08,3
0xD92fd328bF6BD103E6b36903dC9a42EcE0DD4E74,3
0xea10F10142F691CC1cfbD7A0D7d31557221C6E98,3
0x4726EA8609e4ac4EB9a4C0cB74B0e379Df4dD387,3
0xFb50040DFA0baaF59ae69bb3Cf4067437652f66d,3
0xb16fD9113C315861b0E543c075400dA90451CfA6,3
0x566DD0Be0e187ebDf6E81FB5FB060B0E877B2fB4,3
0xBE45117C88345155e25A7ff75e84EC51Ac0F3e3a,3
0x883E3AE4114fcc7495556e6c1FaC8836A2A979E6,3
0x710A54635f58Dcd9FE45eBD966c3a877BC83ea8C,3
0xA34f4BEf3a5857cC12f24E126ABbe752443D09d3,3
0xdfec12A8d75cadB4aEDF9546039D8AEaab066d1E,3
0xc3Ebbc1B0B2E81e6E1Fcd59b20A7Cd9E88957c8b,3
0x586DeFEB9C0E59c06148da2Ebd6D499e2A2902Ca,3
0xd9cf6912c1ae6626F83f28D2549Fd35c04ebc8bE,3
0x94061E6dFF5E6474987be0D3B75975Db9b1A846C,3
0xB997b765e29A14252891C102Ec2eC246F8f35DA4,3
0xA9587e341B7E178D505F37cA42127E454700abc4,3
0xB5EDCa78dc4cfd67E12760586d95977F4dB3F44c,3
0xd67B21c3Ab3DAa6C5F3506EBd581c58f54FE53B6,3
0x3CAA4A004F6B98936e42187B8cc99Dafc3566Bf0,3
0x6B39033dfEFd4e74267aCf521b49f3919093C91C,3
0x7c96d9887ef2668BD26136843904e431ef6e3d30,3
0x9D63038e7f74bc089eb38e61Be8Da937918900D6,3
0xC1a937A725583cA22353929C9C9ecDde3b0c70c2,3
0x61A0659018b581D4217244B71C5AC8c4621Fa830,3
0x6D23d81A9054999796e327D07A0Cd3364F1fBfF8,3
0xe9ce25d8C5E27E998258E49CaB3E7869920AFaFC,3
0x227D026c04D64deF5E910AFbBd2f8CfA5d27f502,3
0x749515B1F1B0670227c8A4C8F115901156D14a6B,3
0xC3EE19826F13b3509c8fEDcC5576552c36dd74BC,3
0x22Ae05D7a3E6e823B6b47fB092e9DF87C41f0Bc2,3
0x3694ee7148bCd0d312F93FcCBcCa80a77b0F6C0D,3
0x6059F5B552815144fB1e5A15f793AdB61504bBB5,3
0x6e407cb55382647EaD46098AA26329083e5c46FF,3
0x1847C8666E0FCc7E16a1Db6440EFcb9c3aD88a4a,3
0xa3fa040e8D9d31529601435Adb8C18d13Ff84EB0,3
0xf60aF0648fEFf8B67523eF997d8adFaBF4a9681D,3
0x58737f606dcaC370869572E887d7384ED74FA5D2,3
0xa5c021DC51Fe1CFCb69ba3b94e70994C5dF5F09B,3
0x9d516be49Dc228D8209866D47f02Cf0793c466cB,3
0x905272e589418183A7177b0689eB9d0ffc7f7dcE,3
0x599Ce1287Cf106a48D1b3E9777bEf005720DD7FE,3
0x3c2b9d1D72c3ee93F00164b6946aDec69d56AC20,3
0xcb3b366cEd5aB2170D2Ac72a5A97c4747e9186D8,3
0x81876c483Df7169deEF0DC77308cf1592fc48185,2
0x0Bb3Af56acA11237A5E7e8Cf1c2eD395B0095721,2
0x920758043228AB566A3E7983A8864B698Eea5403,2
0x2e2EC7a02737F1E3080B18Bf26cD9EABAbC60fb1,2
0x7bae01034704381D3f7B09D3C1F1FBd17D71Acb4,2
0x7526f716d2f22288b4AC3be9aad08CBf2c541f45,2
0x3eB2eFE514D73F9Ce521E65e1466C9374736016d,2
0x9Db824b0c0AB80D358811F01453989D42d46B3FE,2
0x278630Ea82E0De47848d59686A67EE53bC5AEB1e,2
0xA0eEd95A0984956F95B954D98E3b2525c37241e1,2
0x012a5E2AB2D26DB89D50D625E90b425e58356280,2
0xe6b7b24bDCbC933083F778c0Fd12754BD881464a,2
0xA007b32a547DedC58186D34200D5BCfB65A02800,2
0x2E0707aBC1C767B20c04cAdf893AE48FE9Df9b0f,2
0xF25Af5572b696C979FE5AB8F5837F2D79c7aDB73,2
0xA3541c454d3fCF2f6a1Eb18672552e8837A5AD70,2
0x66C62c2E4a17dC86B7eA1e207F1D6cE4bEd6FB35,2
0xb34e9Af4660F9F9568ce62dbF2813ee282fFDcF9,2
0xb1Ee654Fe244379FA80487eC0687E2cC16BCB435,2
0xAf3cea44C410277Ea1CA3D8A392AFfaD19A94140,2
0x0B2B7782Aef4C5097Dd99106063C67805C38F0A6,2
0xB381dAEaa7b4e1252b153500DF5B04635614aeDa,2
0xBEe68D5BbDd56FD814E59116F3E4b493A148A3c2,2
0x5DA3a6948ebF80A4ABf2AbA476A503c7cDEfC82E,2
0xF34e7a227B6bA749055dfA61F933a9F3621d786c,2
0x3A0Ea67e8284b77EA368E26eD71025D49f8B1049,2
0x2C9A8ADD958f9766e38F40f7dCd8Fa5e64D1B7d3,2
0x2226A373D59c019Ab865B3688b0046630251bb7F,2
0x2Fd1d8EAa6Ed1B424c2D03Ce5eADdE9F301c3235,2
0xA4d19F0b395DEAcd5faD17349c2D37234a107F17,2
0x282E770bACFAe4550032aC796464CDe32f69faed,2
0x1598709C07AB19B11B22A3e1CD44D7dcFa9484CE,2
0xFeDdE72BA1633d8d69d32C9Ea6Ff561Ea3451Af8,2
0xC8E6Ce123389Ec88893740adCf22C36161611362,2
0xfeAF7c4935dB62523f754E7821cF625ED54651b9,2
0x9CAfeFA87117874310431249E791EcC0533043D3,2
0x2CCfCBE956FCcb574fED38759F3E9DA67f7502D2,2
0xeCF48883401Fb5861D39f1E06839e92260690C12,2
0x697fd4993D38cDA66D8cd78B26CDca35FE8fB767,2
0x835485f1f08E641266786Ad56a70789C6Bf2D1b9,2
0xA4972aC53998887D20FD17297cDB54f749BfeCA3,2
0x32e8C2F853b9348bA6dd2F9c9E280F473C42a47E,2
0x30b33e450735Eb5A617C2a4B5C66323079730532,2
0xad9D364C6662D480b2Aff4dEB53e80a1669C9640,2
0x3540D804e6124757A49B805E944B48d14cb78B74,2
0x40C769220B71ee077ED0ad9eB26966c16Ef984D5,2
0xbb2120dbB12163f68C0D885005119243299BB87e,2
0xdb6C66aca162d109304d59203E035F89708Bd5aa,2
0xf46d36A35eCA074DAC347baB4F70D969E8Cbce59,2
0x83b8e5FfadC3C3B8b8f9Cb80dC4F0EF09915f490,2
0x2f8e684f7e30a84fEa4b3C0b218CE5FEBC3efCFF,2
0x1cdf90629fE51006D41698A0a5182516E4376004,2
0x89f17ab85e5ea23Aa3abDe64a5EDC12EE5924F2C,2
0xC1e169152c7381B5bbC63732aC66739B39826Be1,2
0x98e865CdED593A4D1f861Ebe5775CAA7dB662a68,2
0xb9d3a9Bd4A27453633045350b654A948Cb606447,2
0x58Dda4695C823Fd25CdC8c97DD99e45ed9f9bE7f,2
0xeC51F6672513d106632f7A66204FE8130cE6EcBA,2
0x0FF6d894C245b63440051F946ec2d91aA256f422,2
0x9C57d6BA46AaFBEb7560c566D722BE8c3d5B933e,2
0x6a57D63bFC957Ed45565F809c3b44342298DAa0b,2
0xb4c73e18A18587e32f1e28F97C09BCCAFA0264aC,2
0xCE0fdC4E4fCA8b2EaF544B38989818A242bBa20F,2
0x2D7eE15650C00aD31Fa6f40B141fa75805040199,2
0x6B2EA8e093d24d9311e619977cf031727C58796E,2
0x777831c7502b8324016e9ed652C33b89aC7dDFec,2
0xe696161465C48c2c05218A18883c65fA0F9e6eD4,2
0x7A2e3489CC7739d96eB00Bb4067C8C9aF8b62b42,2
0x1C396f3d36BC0F94fCccF5D1FEbc0fDD218aA40c,2
0x157e14AEaA74Da672E1C6C36d4d86DC29cc436Cd,2
0x0EAeA94B84Ef62FA7E30624041051537561ea470,2
0x2Fc03A2e4dBa3cA4672F41060101a901E5629c2C,2
0xA421915750238297C06D3dEC9CD8d5662Daa709F,2
0xa12506Bc793C820D07ef5F7eBE3AEAe8498fc8E4,2
0x63074d27aE648E893b2a26899cF478bde2d8e27B,2
0x74Cf319923b077071c7b98EcCB23DCeb21Cc512a,2
0x85c1d661Bf3193CB0B95f86d8f45D8933Ea6EF4E,2
0x1e7BbFb42A642c6fA939B395325154fD82A739c3,2
0x9c8483E3f241D6B1908aA2AEd80FDF58076e30f3,2
0x6bE2514C885f020d3Cdec1dd511e33E2098da8bF,2
0xc670f5Cd92b7a2d8040Ed689D4BDB832a43EcD22,2
0x91Ba3D99916a52759418b0ae5d4D65Cc60f2792e,2
0x044dA11D9f24BE3CF556feA1A1F5368A19B4f1A4,2
0x6FEA0f28A3ee49DA9A8cb71E28a515516039EDBE,2
0x52F725c83F62DD7D68c57ab011b48765b3B6cD5d,2
0xCE143Ae9d3D18CbB6bcF659548B41f2063E357b5,2
0x317e00A0b7e376D28E2714e084dBcA30C81189c9,2
0x529e8893d3d387a5B3d72d6Ce9ab62c44EC7f746,2
0xE4cBF2Ab930e9761690700A10053C1222c3b86a5,2
0x2A8F2c4729406fFD1fc3B7C24DD8c1483A0D7B01,2
0xb5c20Cd52053572F00e67510b67384682Cf80F8b,2
0xa949dF57878388DD54fcB8C299a5dAbf23391b73,2
0xd8aA539eD883a24B43e01c37cF1767c380429ADd,2
0xda0c3FD7d618FB6983F729Dd82CddFc14996dd23,2
0xDe312A2a80EF0745d3e522864DE77F5123e248c4,2
0xdbDF303Ce87eB977A1c3DC20916ef002Ce21cd50,2
0x156a6366558427747385a0A12b91326249fC8B78,2
0xe9888C29Da74A65a0c23e4Fb94bF816f60d3F177,2
0x8B5544052Ba7c2E700B915DA220C9A14214C2285,2
0x3d787Cd1595dE4b3dbe98c970918969049e53839,2
0xd8E7B17D75870cF5498C1162a1c3DDEe53572010,2
0xe2Ff710748F20E2d1C6D280e7FFdf4e98b50b8C3,2
0x42EeD31a8BB26099364b301ae087ACFB037Ba864,2
0xD14e11eC83aeb082707B4DA3F880f22CF7A82841,2
0x0b153bF555E81362169EDfdf83e22453946fC724,2
0xaf9c97a908Cc612d2A59c27BfAe8ABB51be6445E,2
0x7ad9d8711788ef3bCAba5348C5BA3C8d58b58ca8,2
0x10701840A201f2DC62E34e872f5EE74a1978b2C4,2
0x7D811130F7886dc06554043830E5Fde0D254311f,2
0xdB75103d154F190734cBb4409d6Fe71169e2F7D3,2
0xc52e7E835d36745d3B0E8Cf5610e3b503507701B,2
0x6263a12c3d8AD2f7BaC221b460408496B9c9f0Ab,2
0x60100Ee93CaFbdE2015C524B857733b828968F29,2
0xE8E5909dAe931d39c0d068D5896DB656ff87D1db,2
0xdEe517bFc5DB0122e56FfDD605286F87b81b83dE,2
0x84361C94D33C8f9057A2AFf89EB319F01Fd086E6,2
0x756380619917488E7Cd1B5c191A2794C610fAF0d,2
0xB56E3dA72247a3D6A751b186D46C531720A7D5F2,2
0x3F71F41546F4b10DAA32FAFDbD67419fb1c57AAA,2
0x47f38EbAB9594AF1653350D710E3624AEC98eA24,2
0x99daE7af846f5855E1Ed0d40ce28745B7f607842,2
0xF5cFc413ece37d86aA2Fa367aEB789009808caF3,2
0xAAF30Bc542d688A997Bac8B62E667985B8963F64,2
0xef4544D7fF3d20e60892A7FEE1C906026F304053,2
0x4f4875eeD1878730b6cB24D9dCc1f3f6C9dD7BE4,2
0x19655b64BC180742F8CC62129D2B29A4b76897De,2
0xe5A6DF02bA73FBE067f74353d6E92078785f38ed,2
0x5c96AeF83De0a4a6cD68C1bBEB1F2435aB323eaB,2
0xbBA58B57dA6c6A89aA64Fc0D534Db505366dc5b9,2
0xaf45524B83fAd0a9C21C4Bd3b19743151DAe7Cc1,2
0x8450323fAca077eA6F8f3FA7f8eCf85F2F00823F,2
0x434e52764a1e19868807669457f1813E321E3f24,2
0x4351b28c70FD7Ca621e0FA9A977ec58Ee89d2e81,2
0xAF956E083307C89Ff2bAD70AD15E923531E0A402,2
0xe540Dd8777D1Ef341011558a09a193D9bD307588,2
0xf36E5c04CDb9B465ce44e125c679F9D7A7FC799A,2
0x0e200B8DA923e300Bde26919819B9846EA7F16fe,2
0x4134fF79cB444281e49B10171Bed4f6FB7d1a6C0,2
0x6674B18EbDEEbe6cbb97f6F5a4CcC323116a5B18,2
0x42aDE60A42AF8C6cb9563Bf97dBc9088c1c88085,2
0x2Bf7145B9dA25567569C15C57758E6A13BBc00f2,2
0xbA6E1F06B65dd09070E4b5605d9b5dBCe501B2Af,2
0xbc3Fd5dED7769190f9244c41F35Ea7e14480b683,2
0xEFf92D36d16f4f7CF0D81feFECB701a42611b38C,2
0x1FbD93bd11Fc24BEF2059DA340b6f151d7cf28Df,2
0x794aC564d2F7b6e4d5F79F0664cCCd79d59C11DB,2
0x782f4668339Afc139bFd734583b37bD2EE43c524,2
0x930e2B6715EE9B2354726fC58a79DBa163Db51d0,2
0xeC076f81a021a61c5eBfd13D5A3da0CD2626611d,2
0xD11B03BC8813C64374e634da6D1c794059c91a2B,2
0x578eB3d2f77535F3e8D045a023346DD32Ee474e3,2
0xEC4E11945F756BdF7d7aBf8EcE7254F22F2D0e1e,2
0xEEd58Ac14af8aacBC0776E548537D55Af68Eea4c,2
0xB1AC95A15aB91E6746DDf1c1735F8E524aad8D19,2
0x75079b061f9370E665dADB7192aab451CFB41a2A,2
0x12b50BAc9A30801cE81fc36A5CEA4a5Ef8f9bAdC,2
0xC4130e106837730560b534D64D488a502096fDEd,2
0xc878D55d54169F358ab7280AB5DeBf2a529c23DD,2
0x72E23Ed5f24b0662327c7f6235F5Bf64cDF297e4,2
0x15f0355619b129293aCfEA4824A00444b064Ef44,2
0xd436B2c2814b794bDa0371794431ed67529842B3,2
0x32Cf261faEa413f4e4Feb329f4E720f0Bf902381,2
0x8f06465b3B9c0Be606036B0dd327609C3463cea5,2
0xB493158392c37Dc8CFc6bd22A88CeF6C46Dfa54E,2
0xE2D435Be0c6A8380e55b6f7cb75a0b5E7D2565f9,2
0x555CcE49bbBcd0143e14a44cC7cc6FbC6c761679,2
0xf1c7028A56CB8402c31F98334C350f82dab83C0e,2
0xD00Dbbe03D11144177C609682b66073f62da9f89,2
0x59E03fBcAfD4E29cEF3218785A00A8dEeAc39a3B,2
0x7E63c76F801c5E2dfCae1dBb9B5d753afdC5a43C,2
0x9C01672bCA7C85b7D0422B8cf93A1D4794DbF08A,2
0x45c86D9d17089b7EFAD8b69cE5dd2fc8273b54b5,2
0xc2021AD51BF877911c6728f056324fE8EAC0Fde4,2
0x2130c08Be48aD3E798D3838dFAf2D440EEe8037e,2
0x2B1Dc568d145544a85f374b73Eb2303008Fc4993,2
0x74EB11c2FE85c134Aba8e1E70BE602daF639A659,2
0x5bBe136698d98AB6389C3356368399408F1f459E,2
0x323C52594De60819F2009d54dE7d7Ad8D4b1a8F2,2
0x6e77f31bC17202BD2F5FA9A51Fff5ed75aB24FB2,2
0x7630fe958a5e544581298EB4Ea3dEb51eF9CEa77,2
0x56Ca178174fADCC5647E8aA78b78A948C46d88AA,2
0xfCcDeD397CCFF61175089875AAdf0473513E0eb3,2
0xd5Aa72419DA844B893eB274f1f4420A36E0c8C45,2
0x5e15e09815e2135f6a14bdC0d431d39383bB4956,2
0xbf20064C795362e7A87F6d21fe3C57Bd99e4a9A5,2
0x4913CFF514B8F77b0F1e89507E6CA835eFcd68f3,2
0x0FB6B07c2E7e9EaDa6548b3DA9997A19A9658841,2
0xd165fD351d18Aa303732F289832E567b9EAE0D39,2
0xF75aFb267D0869DaB374b117Fe73F4dddFF7ba7D,2
0xC3ae5295754bc774d9d5C3f65afbEeB26dDdc757,2
0x323b7e14205C54604BE21D74d1Ad0aB070ec5Bb2,2
0xbbc91096961EDD3659D136f8ab3cb8C35b6a88F6,2
0x8615B8bf02DFF79Ff5aFbB0acb097203a16A9AEc,2
0x642a2deCc241887927B3bE5a3a4f857f0b877ccF,2
0x46F71fee97Ee8AE614867a6d85082eF5daf704E7,2
0x4a6cA27455a7dDF31b9CF984D36184A079193c19,2
0x7bCd782D558211d8feaEB63C5e4a695aee7667c8,2
0x82A0F25b6FE7E406c2c6E7884342164D7A9438c0,2
0xc89F9e4979910D5777e52c1523eF747e5fA3272a,2
0x3077aC78904900B978A9eAF2919EBe73971053dB,2
0xbc43691Ba9EB7adFe469F090ad570f3FFA29cd36,2
0xf80b896BC9C310576e14248F5f09d8934b5C4851,2
0x8ED07226eFac3F6e3543626aCCf302095008b613,2
0xCB1C95D4EEb73b66529342eC0059204368F555e7,2
0x83B05dcDf9Fc5c621B66ee17c83A4Bc00a28b4E2,2
0xA7c7Edc67524091B6199DfC533b7fe28111F2009,2
0x0c8525EE96d8b27928Ee679DEb6f326c9F1B7252,2
0xeD86fb4B107b0725be35475Fa0AD6cA31e58d4d6,2
0x0C85ce04FBf48b2c440E0fBa189508b0D4217a1A,2
0xA0B36a0707E3EAD12C45F46ef9B8aFbCa33A4004,2
0xE511B0E887C8520D7Ea69E3940BAf13a7835E741,2
0xEcB7Ac4cd564Ac3EF7c0CD566A36aeA43e2F82Cb,2
0x65f393BcADCd9A4D5f7018360Ee046471E4Ba2DD,2
0x111c8909072c7339E47D38368D416F8FB39d8191,2
0xD078073F50edc5b59b8C28837C0f33bB21a6Ee8B,2
0x71b8111517a74AF2954ea81089675A5E01f7e261,2
0x520e2B48a5C92164AfE5535e0A7484f9bB5437E5,2
0x3d446c9528f5deC1848dbe4CC6D4fd2c432b336c,2
0x0D33d24eea04a3F776733cDfE2c0cDA228E8e7cE,2
0x002B1390116239A65b8F14BF8691B7B0C3F54c7c,2
0x5bbF96EB65a48E1Cf0FE94DBD671b8067B5B291c,2
0x93859CC88a09Be9C1bc033d435F87f305Bc28224,2
0x120E5EFb2640fc3D550055b5940Cc0F62472DbfF,2
0xe3b43b615500aD2ad63a3B21C9e649b4E2d81FD1,2
0xAAFC6648ceBd0bD66D66C1426b90D20D8B3910D7,2
0x9C854Bf81C81cb5038ff3DD702e9e552f20fe1B5,2
0xD6bF398dFA4f6aD952CFD5BB75388eAeF3A8193e,2
0x3a79822d218D9ab9fd4E5c4c992665F0206bA84f,2
0xd1a5b91957530E1B3e9cfac1543467C60c352F69,2
0x4DaE0d73d43f22F7484671F68FE533D35E429599,2
0xED8CFe99546f171D0CCc8B48D0954A1f2DeEa0E1,2
0x5Db3630c63D862BdecBF9FA1Ed8021d7f55287Da,2
0x6C55aDfC84612Ba27E9548c78C10aB3dEaC6aFdB,2
0xF1faA1029Aa215A686b25524B72e8e60449A3515,2
0xF8613CDdC962b2Edd5d10cC6feA6e7CeA7A2F423,2
0xf1606C7bd4AAdFE7e0b7939BC0D26721C03986a9,2
0x17424cCcCae665Fa85C3d424540e9FA87a5AF3a5,2
0x70cF00f05f2BB1aa976529be19Cd97a51606886c,2
0x99FDd2a67ba5eC9fb98f451F0e88d0fbEc1eE121,2
0xf406A92BA6Df68a777c3cf45b94AfC513a483489,2
0x84A55E4Bb3F608908E31be59F41502932F3a5777,2
0x4D393a8c2dd969d6BDa1Cd2974543e2eD7bbAa35,2
0x81a1a5d60021E93242bB4FBf0C166Ac116F3CF6A,2
0xa0Cbee656Ef5d7B49882b3D61Fd086082256dfB2,2
0xAcb704699E1e2834a9078a6b5e6F928F35efA94B,2
0x678312A2BdD03d7D26351886d303e9D6B15e4f47,2
0x6c9d56671A152a9b310F808b88f522f01a223754,2
0xaAC9c28e3DE6c2b2F26A005Ca87B8A5Bb29CA301,2
0x083f357C1E66C516A25e2512fd77689395aa7C29,2
0xBbaEC5458f67197dE96F2CA3D94d634316c804a9,2
0x995461AE0aafa253440DbB6B92F279A8E85E9e3e,2
0x2584D9B4A3Abb4dcD76e5c0A6654897F7a7E3c0a,2
0x5461D681a8f385BAB485d57063F125960ed3b7C7,2
0xF39F35f3eD43b2c2525c28ea17b7b6AaCAf1272a,2
0x97b102e00d88F02DEBfD6b1e4B901Dd6931bB982,2
0x65DFd614C0Ab5fcBB63E459fA7bB0E90b7D9b17a,2
0xD6faA97035080Ff24728c4d352c14fa9eDeeBBe3,2
0xa08F235264EC058333DBbDF2be8dc57751dC2210,2
0x364056980867D1655897299889BcA4E7D465b395,2
0x4E9c8f5Ca7C4814cB1e23Fe11E850aD25eED63BD,2
0x5D2e73DD5A395384961d60982A64CEa4Aea2dcFE,2
0x06799433a4a57a1DD497623b803D0a007387fC5e,2
0xF851CbaEc4C1FDe75b25EF1C2C14EE2C327134AB,2
0xDaC730e43A43a13DecFA567ac012AA8cb83fD17c,2
0xA672A5a997c00152C00FBCAF333380E07Bb893Cc,2
0xf6958A622Ee89f77a9BfEe71fC839D3Aa32E1250,2
0x7EC331e53Da2AD677a7636B2DA07d8dBEa427AB7,2
0x778AcaadE9ee513e96e72c1f082C5A24925FDE65,2
0xd65660E8A23fD667ECE62AE7dDc45F38E0AEC68c,2
0x6B2b94B69F03f3B3A917778e610F41F1318A5bf0,2
0xa3dF90Bf8E8183A74b537B27e3955BA7D8De199c,2
0x2020d25530CF90f48F176DA7CD3d3C1cd282d400,2
0xcd18bc7Df2f25A54560A7615ce6437d8cBB61CDb,2
0x9554Cd697Af2A6d2c27021B6363f7E96779EAe60,2
0xeab4478D5F99D86B6311880161cA0243DAB07F57,2
0xA58Bde8592d092EA551C5868c7db0eFE5d87c613,2
0xB2020619B40aA268e3e2b6D6F6D7271bC93DAC14,2
0x76bF269a56367542EF72A727bF583DC6d601eD91,2
0xc20d20efDe088571f0ca4De890252BE17a16d04d,2
0xC7e223976061bc6BB9c9b612ABdDB36e82932e1A,2
0xdc30c9dE85e762909715234edC89203d7b76F808,2
0xa602643A84A696c72F5997F005F50eFf5e98E232,2
0xFdd865dd901146f9C3dd3Ed4dD1a013a0A8EAe8d,2
0x170C2001B1f97945407714A0eBFe169F45B02E42,2
0x540C6f0f5090E276afCB8591F3914cd7753848BD,2
0xD30C4bD0bfC18cd1B3b3664E638cF06223F1a0F1,2
0x3E68FCA5b47bF0510DEBB0fa95d51c54B032A1C8,2
0xD7b14c471A5Cd2D94b3F1a36fb4A906Bd39FB5B0,2
0x2dbF0999a5F9185720398453a9ADe586299F13a6,2
0x1d1DC008ef7E70acc6251858710fE2C7D4e8e431,2
0xf937F60BeA998d5B94d2aB72080533d423567719,2
0x61BE57a93B3cE643e8662446e8c4572BaF67Ab4e,2
0x44837F2Ddb6762B3C36aB8df556c9b7C6CfA2C05,2
0x409f0aBf70Af152b0349916F1d13e525827b0d1e,2
0xe94f4179FA923d2800cA24Eb47870150980c3314,2
0x48B6af1CcE25922AA9E793352fC08f9AbDd2eF57,2
0xf27BA6b11523B389d4bA803E5A2d4DFd3402FA0c,2
0x016D933cF92434F2A2A4F6Ae973Adec154Ad2d69,2
0xbF18dB459f11aB92CF8082bfDFB4854DB56922A6,2
0x1B74B46D39DDBFb7D643DCa37D0b4BfFDe4e28ec,2
0x847211bC59E4528FD0A26Cf017e915F78E30fD59,2
0x282A687b649b2209ab5275bB868DF3C2B9cc198F,2
0x76ce075e6CcB713099dEe965F4124fb204c741ab,2
0xc6F38CA3B9F12a7C9B17c6d8E832779adC4F548D,2
0x05431cD62F011Cb44Ec803Fe4AC96FAC651CA494,2
0x372570802335134b5654b41Fa5eEF84548DB4d79,2
0x1BC8225ab022c8a7620666f3E975DC363532c231,2
0x27c1c08A4a12B005DB81521e42e3679710a8C5C8,2
0xe9137A9C82F569C6Bc24b4F4Dd705D63171C2610,2
0x7A90dA013E9F9a77944C6e5308cee2b12ec092b9,2
0xD069AC7b2dbE28460126952F9c890010E7470227,2
0x4b582dD9ea01237dFDde798C1F53ABDc5f6Ecf07,2
0xeEAAab5B36B11643794Bc6aCCD8e2A978F7Bf7f4,2
0x19BFb0e085231ADDFad4185D684EcfC1A99E2CA2,2
0xF16853Ce3e32A4bB4d7C41b1eD0c6117746926A5,2
0x41cc4Cb5ceda87D855758c5d680f435dCC3719d4,2
0xabd67a6bd9498DdCf8810b73bf91e67deB7923e6,2
0x2224524C356B2922C7e15657a24C33881d199104,2
0x853D18353Ac666E87dB98c59550F2C7068f55cD7,2
0x157Ea7465237654286Ba3FdfAeFD145cafc8859E,2
0xAa08209FCD6ee8970b2D5F3Ada42C1E0f7D0517b,2
0xFf52BD11d5312a61ec13Bc01D038178f01C0E999,2
0xe42c62D297Df212E96138c76C91df9e1Fab0f99b,2
0x422527527832c8Ab7481A597bc06F59f295302FF,2
0x8490dbCa29C51AAC0293c80A032D34c27FaA773a,2
0x7db7d0FE387e442a93D0247975A00AF1Df8e052a,2
0x7b24c61C359b3a4D4824023F87C8F7e1C40527D8,2
0xb007fE067b7CaCa64359828026E629a8e0bADc54,2
0x4d41E30d21B61DD782f8D08c2f6b33273655CE93,2
0x143b6C4eb1F50EaFB557AFB6C8816cCB99825f38,2
0x52fb93047ACf981C64a3d54f9FB63d1634293766,2
0xE966f783048C099AFfBFDF08B2D06971Fe1E8719,2
0x07155E53A112e92dAE2b7D95F42E23264f2F426d,2
0xF7b8de5F139F24f4760460475EcB61e0e1319cAf,2
0xD902cCb411E6B576Ed567159e8e32e0dd7902488,2
0x8C533d64b7cbA7B2396499b04b49349962364f28,2
0x31f49A7925095d0E7827328c9Ac6B8B68c0B0c01,2
0xCE9c6Bec0062BA6Cd9744820B91F9FA94AB58A97,2
0xA19d5b9ec013204d72A1270C6ab286ff18e132A3,2
0x2Ed27928F116323742dfa0AF99dacD680cD7C495,2
0x2E8803261f894CA7455a31676EF638D367d328F9,2
0x9dd711B0cB4430F429231E5Cb9940DBD1952a36f,2
0xc317b591DFd423C689B509048fE01A90a1920C99,2
0x7241F8C96055EA073630fcAE484104C4590E2a7C,2
0x124141b7A6e507AcaB506B32c672bd1e55e43b84,2
0xc6807ba1D89e6A0ba7e3c4B07BF763d9a9dCdf75,2
0x8b5505419334c6aB123Fc51FA55bA5eDf164bA39,2
0xA78a738D4cf8C0F9939323ceED5aea9Ea1b42CD4,2
0x35EFE6F151786f9cEcf8B952f09dA4F50573c8Dd,2
0x62115bc8db9F4a02BaC951bac2863316cCced588,2
0x980994d36B75b1F01E8D3874c74B792d806D5AA7,2
0x0347e5D3B6cF5697349807Aa1ba3D076643A32d1,2
0xA0ADf945c82adEe6A848E902115555fFD0b21b90,2
0xC83FA6A9536E48194E3e90464F80Fea3c843b8fB,2
0xd7A718c1BD2391cF19a2bfEc18E00fc074F6a273,2
0x5Fb578B179f4559a5B375E5CDbC91F60E1e0C446,2
0x53dDd4B7cE0Cd928e3D1052Cd47F0cF041eDb68D,2
0x63139B84A13162aF2A4601226C0059446B6e5922,2
0x8D6df6AD5dB48BA05428B296b0Ab9E1544E573D2,2
0xCE51FA3d7Fb657502040a745DD607aC77260C616,2
0xe04174b84F229C18787Fe0859657E514148a95Fa,2
0x6772D3cd00D0301e14aA95e640762EbFA75aA31f,2
0xA49E804A96A013a34889484F49416aB1EFF35da8,2
0x93505714958FD268276cc8C37aB2AADbea729BaA,2
0xe2c5E5c8DbDa90A653C8a3A290e8E7bB05D6631E,2
0x2212a630CdE91EBa86391736Cc0c41F197e1a403,2
0xa181E487E846F85a6082f76Ac400CD3AFF7371f5,2
0x8D0D2c347Cb43098Ed7219cBCd6F504963CF2756,2
0xD4467Ab27a32F3B195ED65226aD6561012bFFa51,2
0xFBBcD48C4118381997c060c5fDFf7457BEa76442,2
0x103bEAC36467E244ADcBee99987369Fa2a516B59,2
0xe00c3C9cb7181d9F9bc033C7faa2EC7cBC3FB2fB,2
0x7aD12e0308a9F7D4CFdF8b0D900a68860fCf80AD,2
0xcB2F507570a05ed4447893CE7548cA9a6AaD579f,2
0x909c39eC97899f10475B25f4A1DF888fdDceA3a1,2
0x35135416A75Cc73f28924fe9607E44459C10D3cc,2
0xa99D1B7Ac990E8b3cB91Bf4Fc2fcD73ED2382Fac,2
0xC42aC97Be124E8F90D9dD3c646C698Cee7a8DD53,2
0xD47DB9ca7AA3B49090671A6C809944a3E36a6B54,2
0x965C57AcEfE57cdbDe6Ef8cB4741b35B3C0F4DC6,2
0xC634f02bD09b4B1e05B3AE8B2eb76BD65B839F38,2
0x1bCdCC27c0fe7713dFa88f68896401A8EAD36C54,2
0x25cD04048d44C7d59d79FC0C1812793e00A02d05,2
0x2D361A67aAeDF8eb677518C079141FC04Eadc324,2
0xD8b948C964106BfBF35a11F64eE177038Fc770c2,2
0xB3C9650De630EF8B0a0B725141dbE6E36b624De3,2
0x6233a9755069Fee857B76de79c5373749f1589de,2
0xb666EAC6f2b337Bfa03eE564d30158a265325810,2
0x78981972024f7A8A5fa4925a4Ce218b2fE0f742B,2
0x840a493040c454a6A64492a10795AB60e2e9500f,2
0x3319ee7c908688a4742fE33eCE8329d319ec8c4b,2
0x7eC868410Ed50B8C2C4D3EC36D7f3442774eb084,2
0x389DF9C3AE0ccd050E161F585ad04B2469bfA3B3,2
0xB821aEE19b6a55A6e1bE0d4036281581fF813013,2
0xA4e519EE0f77fb4221cF8A06C34AcB36D227687f,2
0xFb09fe14004F8FD28AbD14dAA0Af0191Bfd974b8,2
0xe6c2Fa69843E162da8DFbf89e09A660315431A03,2
0xE9e54908f2f73b186360A5c8Fa02Ab20514e9fD2,2
0xe78118e370F2da3Af0e580edDEd498AA239Fe360,2
0x5eB463ae2cEb936bD4c7367ce775bfd01b1eD52c,2
0xa69C1465c1eFc571Fc6230a13C6B1bB03253837E,2
0xDf6Abff59E8CeB1b9d3384f6B5664B6D4F61ee2f,2
0xA39c0fA5066df916D8f06c3A43db6242520208cA,2
0xD128D7adf635962773c2DbB7FBe2A3d502C8b680,2
0xd84C3945f60a744ff49F8a8dfB5F56bf0572C2d6,2
0xAd5d6734824444b433377b91AC80973B7F840D58,2
0xC0E74d59B16F67e26E22e2C3483A8114f3d19912,2
0x9C1D39475F9518c8208A92e16210C275375871bA,2
0xc96D20E412B160A3DAcBC48691427AC330F69048,2
0x5eDD50F7C8aB1Bd505f1f99c19b9c385cb4C1D5e,2
0xe773AB8140C4E4ecD10D0B67de74332Cc705e0Af,2
0x188A6CE34A9B625447221d104965F26342c401A9,2
0x3f790DAcEA9300397f871F1A7fac304f014df428,2
0xb3d0f5E2e66d74345e68f30211d11D951a3974D8,2
0x8Fa10dd22a8E8295a2Ffe13E18eeeD9b6d0Cc6e9,2
0xF2D9e5F52097AB2C63Dd24ef35F90200dE6c3e15,2
0x50bf7376fB423ADe44a000b54C48c371eC5dd0f7,2
0x5d8c68441D82278f8a70B9B26609A8ab229213bC,2
0x41aC6443A94FB1027E1C06627F466eb86128B488,2
0x7adF379380504faB2B443caFEe69928b8D75556c,2
0x715470dcf2c325C98a6bD162E53E06364f75D5CB,2
0x81E756Aaa8c1a5f7b3d8eEBe52d0FEcbeeAf7999,2
0xD9Eb7ca9f929e1cB274868fFB688907f1D0f29E6,2
0xEE361904c57469E27cC2297E84F68Fba41E2c0c9,2
0xf4E8a2CECC383033765EA3468DcB73D996131aba,2
0x16781D567521239348f232E7E1b808f97902c4F1,2
0x213E4a0362aE7eb894DD712888e6ae20E5614C8E,2
0xc9E7d085d1A0cc1ef5214b03d3bfdc753B96D4c4,2
0x3a4595faFE9b711cb13FEB8590C0049faC2351aD,2
0x43cc212d40DC35E50d21E9DFb28C7Ba656541016,2
0xB4B7dc8C640ba6766eEEb556B621Ea610E0f6541,2
0xA9d401Bc54FFA695F1584801B0dc3610c9D217cf,2
0x3B5785022610193CF0bDEE63CEfbDd6AcaC1760D,2
0xDd26257a65A8e0EA550Af84bcAAC48d227DD056F,2
0xB3E06b37598120945acc982348cCA7bfd232D50d,2
0x41b3C126358b84a9303bDbfEe9Bc5A633e62000b,2
0x6C65599ef895F6Fa06f2FF1ff5dC27CFFfa96db3,2
0xF629232dE2B4B64151A5ee0a9aB45975f15544FD,2
0xe6BD3781Dd984c221BC357FBF071fC448cdCa4a6,2
0x338979ab2128Ee68205fa032547BD72B8Ba7b8c5,2
0xCb28bC0f95988E8A54BF6FF9C20d09b1A66cFC00,2
0x8EE9BF9Df34aE86F00499a4D4A19188d8754d53E,2
0x240234e05d7fCd8349dc1aC7d0Ecf3829C4BB644,2
0x63c4891C56eC141C25C1Db3e2ee07f90819a8062,2
0x2462F984D78D402c29305146999371605d1cC5DA,2
0x200f40AD26E1e7A374378F0Cd746B93899D928ab,2
0x2fea27fbe008656Db9B2c2b16B791FeE2022dF9f,2
0x487658f5fA558c5391ff05825a9B800403c3ade3,2
0x3f1Fc4B90B6349309f91112d7A124D83D7cE3193,2
0xA1Cc557689336Ef938a9075117fd92D1b1A3183F,2
0x327472291E963De16F74525BB8Fe285D372f1Da7,2
0xaB8461A734A7A936f895bB056b596D6180B76B6b,2
0x0779c293D66FC794D85436042518db794660F218,2
0x5BfE5279C5A87780dadbe3232C4E911be311Ca43,2
0x1A2a6b7b6e43821835E661a015BdA5aA9179c929,2
0x03A507043314ef13A83aFFFbAf15d89055F64666,2
0x45648cc2DD919636E57C8A5e70761BF37479F0Fb,2
0xa17ed99471c9A31e93505179b122cBde4d0268E2,2
0x60a151d00B592ef23d6Fa85E9ff3e7D9698A63E6,2
0x3A31d118D3869c77EB75A60B3525Bde9eCFCcC20,2
0x6faE2d8C135844f3a3B8328faCb1AAD709Ce6Ee6,2
0x31a224D9d85EAC877D2A177ce8F84421A086817E,2
0x8606D9A8e219CA642E27BA44F0e6B12eFA1E3545,2
0x45F5FFEd45aA4D8384873EDd02ABA136A79f3eE8,2
0x5F309A8a3b3070188e412772D62F0dD7A72b70b6,2
0x483F6e10c97B17b811Fb692B9f058F8a7d7b40fF,2
0x65aE86E279F30fF0CB970B474E9e92E179Ae123f,2
0x26F381180b6694A516D7153504aF4f4eB15A3F15,2
0xD391BAef620fd1B913383616701F4A0607EfdA4b,2
0x1312572Dd2322eC143b56D5f2aA2e755E41BaF35,2
0xA802EedBa8C8C9959cC7cb47CA536a06D485DcfB,2
0xF3a639e89ad9f25C480ED238FFFddCa553c0B5f4,2
0x918C6e92486eCA4f6c32B6a0A1D319573369c2d4,1
0xe6Da4a4930E896c7E1FF590779B4046d7587b802,1
0x43968E9782d0aFE08679Bffb4a6A7BcC364d998d,1
0x02E11D2DAbfa31A01042a62C31E7BD5f7AD8fD63,1
0xEC9201F6e3C6140F3db587096E25D2f58849Fb6E,1
0x39147C3eAfaC95C2EC2B68Ed47196579f76936d6,1
0xF8971D48aC34C4434DEc5Cd2Da76E0fb37e6C8b2,1
0x02fC40b25e05422d940DFd4672de39AA198236A9,1
0xb03c98Ce46Ceeb5489D017a17Ff1534cf155fD8d,1
0x29128e764A3959204BcAb02B315ae22e7D1d7BBa,1
0x0a3234a2f7E0026364a6fa61b286c8b107E2CD3C,1
0x568f948b6F9476f92107445C24e090283D042C7C,1
0x4215a881dfA38fA2FAced28778c9366eF3E5FBb6,1
0xD0E9b9f8de204aFbAC6782f4De47076A45F4A15A,1
0x66dBe8A773b2AF1Cd5722CbBD7b11DE445d28082,1
0xACe251eb32802B2883d1620c40213fAD3236E713,1
0xb6704dfe3AaD48EB2755ADDD7328654479787961,1
0x5422B45D0D939089fA627b5B13DFc06611A47973,1
0x4C0F3359A4Ef3a4A2BBEe138A34777C102E40848,1
0x933A65D42d93652a5427710Bc878749538Ae3C2a,1
0x7aFD68ac26a4Dc42BFE81dA21743B64EfB6E1b00,1
0x288a6f913aE5178929f731651BdA34380A5383d1,1
0x322bA5D612FccfC7da8362a9e86bA9db8364C9b5,1
0x7E287CA7928A092C549De8565c51ACbe7F33a90c,1
0x16E658f644B90169C8251693661A0eD5026DeBd2,1
0xC282E0255f0524B865eC90C5E1CB3CdA4359FD22,1
0x1B01E79219C13b1BAacF95ea652176944eD29599,1
0xc74f9118565b1e6Cb3D67A9Bf593Ca5133e7E8C6,1
0xfb6140838e08dd410FA683DE1bdF33db5dd6b7f8,1
0x4763CdfEdd828B5A800D5C810BCAcB944F592B8b,1
0x8476bE99B6d22b8b1Fc94AF3E11E13b7Ae7AF118,1
0x2799aaa2c28425B6554914c459da470C5198BC4F,1
0x35Cf7C2f88B047764Ec9e3dBaBDE4a16305bDC2A,1
0x7f682CC58F4A8f6686C298eDdDf13512ebC6d734,1
0x56E24E604B2b99E1beec7d5861b208d48572523c,1
0x856d7f2Fc831f387E4fA14E84DA826A7cD6a8a0D,1
0x6E2b3aA28840FB2a9Ef7B6558C3EB86A365F1600,1
0x96539455E49b8DE5738f85C2347cf7955775f502,1
0x8F7f738A57F979c2779289c74063c59aDb43B000,1
0x50dc71C86f86caEe7fCAc539228D945CB87C492A,1
0x9f36696754d22fa1598c21bd05b0FA2874b920F1,1
0xa093451FC340ad9350DBbAf916Df7209f99905F4,1
0xdeAe7D9e47c8be72eF7e86EBb5A4C77D6786d9cA,1
0x65E184E9A269a6b4237C49B3b45595986592DAD0,1
0x2106826cB66293a6F771429dcF3980a63650b492,1
0xb28C2a17a507267334bdED006F77E2CE0602552A,1
0x15C9aE61F5e189af05c21834DA316006735450E6,1
0xF249cddE7020193D2c836A81b58DD2c1993005FB,1
0x3e43db2bdeb5865b2F8f20F73C089f4dc8c72C2d,1
0x8828bB044Fa10FECFcD208fD651bce946311be42,1
0x9741a44e482Fb1AD798b1302b6A55D28f0dA2B55,1
0x7D99C12a3BC65b303C88753Ae8a461975df91cbB,1
0xf24608493B10AC854ed2E643A2C3FCAb3207A6ba,1
0xf0548F889Eb700e9192698b1549f180bf230c992,1
0x5418c2A09109c285365Fb307632C91F093d8Cc9E,1
0x85B1B7d7472EB9d05cD9835db94BeFbd34F26a13,1
0xF07478eeD068E378d736686D9Ad0FeeE539146dF,1
0xcEC96fed4B9866fb3C0CaeB5a9C52Ebc693f8e53,1
0x431AE3dAa822837C8fDAf0119D6d3A2BAc9cCD36,1
0x8474Cc92E53217f5B42496cc03e71095e124247B,1
0x36229b786b2Cc1cc79E77A225C22C8Cfed8c6c8D,1
0x7D7fdA374aB3eDf5EA8c36f131F20C43D8d9d739,1
0x264ad6fF3A35DF096F473dE3eA25cB585a5a9003,1
0x8477997B959b4f9C49146F1364Ce789FD0DE5EAb,1
0x181F96993E04B4626C31d1F935981D3B6fe0D663,1
0x34191fB0925f866E40FBeCECF5bbBfD5E5186f0D,1
0x7f0f04F72e068637F5e9a39c3e89a194da55D86B,1
0x1363EeefbEFEC40aE4658ababfF398aAE1a74692,1
0x6E703F9264375b88791c958053Be7834eD49d769,1
0xBC4B0292Cb4C4ede2B43d1A4768710428999f975,1
0x209e39cEEdAaB165fB41E3c29BF3123be9e3d196,1
0x53afE8c125F41d7EE78F6e4a38391E7Ec92F9dA8,1
0x59eaB111E163124c2938c741B1D6997573Dc2338,1
0x32EE66b481462DdC39c66aaCf8228a58Bbbd7A07,1
0x93849f0780dc0A278EfDab605f315bc5b487be75,1
0xd95ADae0d0cf30254B41C696f78920dFCDd545B5,1
0x3Ed6dAE6cC1422e8759bfd2B4f4A253B5b6c6d84,1
0x66633Cc6B84CD127A0bb84864c1a4eA0172469A6,1
0xC604041B04F03e1BcfE7f6F7227624F74C58e71c,1
0xFECD7d43542dD66fe48F7e139E6B3B38Ae7098C7,1
0xd860c423a73B45AD054E8018301796852220C97A,1
0x96496bbe38989F5e192658D68fC50e4cf5480CB3,1
0x4a1a789FbAfd9E1818d09f4Ba159DEcA1bdFd3AC,1
0x662E2984F46D191c28b16cd62439D9Dca8B3D6e0,1
0xcFA269981Dc00e629F206c5675f84913076C50C4,1
0xb2d5e9CFCeb8ad4844381C184496cf6d4ea25DCc,1
0x53a41265E10f66C987fb2E55A48939E1C50f3Ea4,1
0x61DB80F3f811CE71Ee6E684d22a07601cF749caD,1
0xc960517deE7a3FC8b1F28481fd82756023D3470D,1
0x9d9C1715c66cBeE0566F509B8DB7344095D93622,1
0x5F95f0350e55db5e9fE6f33A85CFF89a49Ec5ad7,1
0xcd60CccF44cf03c0C9d840956C2187091EeB5eB7,1
0x4889534D402551b0764860f56A11D4DD001af20e,1
0xe1BFb1989C09E0E6BCbd4bF9C93AbFbeAe492484,1
0x6EC30003Fd8c6AF920DBdd33b47c984B914F5EDF,1
0x69E7E27096f43C9665e26B62eca9FF36361C1Bd1,1
0x9977464e29d4520394E4c13B24A63dBA6F85f542,1
0x7E664720c20eeF5383626A4a916e858Cc7ec2fe7,1
0x8D198FC0E5254cC969B955A5718D05E388150aA0,1
0xaDD52D14e2ad70C03F3Ea3aF7211F878c4cC3308,1
0x0B01168b77425d8a4Df02F794d2ceD416EC6e7d4,1
0xB8B0148314205b519c258fF3caF886efb88306f8,1
0x3cCaD5dAe1Ecafcd3eb0e840d0D7248c691dcE27,1
0x179bE94475C21458E5787F27e032aE6EB55e6A5E,1
0x398f0d4d479BCD7743c21D51125C2d4ceDd12B93,1
0xc57cFD16526aBB402b9cc82a423ff79aC691A66c,1
0x179C5f6f80848e78E42c6BDa102CddB22a8A32D9,1
0x2B83F654B3aA613D91a49fc323EBF8edC5592734,1
0x78Ac1e6c58FCe2aCdF77de1479723D232B773278,1
0xE09F1E66b2a69A07C81df693FADc93D55893cEe9,1
0xc9e791996Fbc748DC6f5763488ddaDEd4FF925d5,1
0x0F5Bc1eF4253f2a49ADd1DD60148a04E1404ba77,1
0x51294cF814DfD80376EFB577badc5e11c600aDd6,1
0x8b31FBA186FCD5c6d18a691671371D9135E259Ac,1
0x9329bACFb27b6121a5DaAf860f06067e000E00d2,1
0x2D1fC47C4d6Abb030014f68fad23249257F73eD0,1
0x2CDbB11b065602C943862063aab69a9f392ab6e7,1
0xD17E94d55E2ACeE2af72357Dcb5E342168d7977C,1
0x45c22953C56990e182c894F3a5C825672e86E875,1
0xA2433FFa1A1416490b17480d89be819ED81622B8,1
0x37bCeA32e8dBbe2b04B08713744a864c395F729D,1
0xA67952c04135B371a79d107E46b735799e27931e,1
0xE684702160f42164844F68Aa6F33A1C1ad0dfF36,1
0xEA2872b227205d07ee29FA834FC6FC1e65A1983A,1
0x9Dda18135FFa487350E01114DAE14A687396Ce00,1
0x480f0ea3F92094C136bb5c100446cb3233A7A75c,1
0x3F0D7D572EcAD752D371426549DD8bd6925F28F0,1
0x7D747afFbfb43b10b10473BE49edCe40b0FeAE55,1
0x9830d6B37fe7488707cC4AD7F8B481D75eB2a8C2,1
0xEB29596e0765097C07372ea19f544749C07c9b1E,1
0x0A02c91391298935DBd956c91F14b8272275EFEb,1
0xd566Ac97be0aB14D23ca9E5bfCe7DAa264eCcB73,1
0x38F926551456A8cf6dA4F0fdFb96B39f4C53db45,1
0x92DE600F86669D5BC23fd33c4b93689D49C55aaE,1
0x1604EfA11c5b7392BFd161f6194EB7d636e01C31,1
0x9e602c1920443F01Cb100a57A7F894df8Eb42f66,1
0xa4D9Ff959EBeA7DE1357aB44c236399Cb6F81257,1
0x87b2f8ccc9e4789b2a83f0bc3E36C8Db55eA1B7E,1
0x1A5F6f16B81627fF22C36614D7ba59A4EFC2E206,1
0xAD2cc5542930f99F7d296582f9d2f8fC98D13488,1
0x3EA68B11Dbb95DEb1e9E7b55532E9ECee75F05F1,1
0x827B4277CeD13f7eCD6d37CC214C26bc6Ba1D76B,1
0x4EE574C4FF098D5D7D18b2128296B3548E1e40Cb,1
0xbc912D3Aba35cCB2c6c7ac0D445B9f3E866ADb41,1
0xCa5CaA294D558eBC386964FDE9562e1BDCA05144,1
0x387a4f838d5971399F38919c0D8fb3854C640bDF,1
0xBa55A4Ff5e6B79D66a410Aeb82f7E9c48e53a7bD,1
0xdb8C2Dbb64e78BA86C776c4b2BE41C5B39D0460E,1
0xBb7f13bB2E444F5574589F2AD649DA85446E3348,1
0xDf3CeEd7B2a94830516697faD7fe486c692b859b,1
0xC844E8585520C96fA3767a725cFe93eFF7097e7f,1
0x416907B94b2550491495083048Bc4872E8b12593,1
0xDC2a82f1d03e6E6bBc9a05969c48122C274AAb82,1
0x3A505722A21c66c3143BBA976Bb83Ac82AEBfB48,1
0x471da4B3400F0d47BAbe147d97c7198Fd32dFD02,1
0x3D635c7E8545710535544E816c54f82deB3BDDb3,1
0x163819612F2177b0C09900D8968Fec8F6222d29C,1
0x2E06E6A990219e3A1A33004a9B1430e9C25Cb5Da,1
0x3122015De1C89E7447b9F5C2AFd8FeB28111Fd58,1
0x6325569B10bCfeeC6E3006421DdCfC9a9D5688a0,1
0x0A10D65bF54be96F0e6D93b40720e4420D9Ac946,1
0x1E83Da0885d0E400f3e9dEB95B43eCeC01D79830,1
0x46c095E71056a2Aa8c5b29c3d568bF2bC8a3ec13,1
0xdC221e1acAB5cFdFFeE5B34b9024f9F03147e20d,1
0x827fa602D9171013218b719EA03d65323b2D321B,1
0x1960376bd83945d852d2b3965058f9fbC4FfdAA0,1
0x8353a3190b99CBd2a04D140ECC294098975e002F,1
0xE305a010074A5D518d1DdAA7e77Ca910bAdB9722,1
0x47f9bC8837AdB03219082743930BAF3a39c9b775,1
0x604E2cFd469E1030F029e13B7E0CD88A15193314,1
0xa7Ab74309974C46269E90b001a9a8858172a97b0,1
0x41C7A008E863b641016D9b39C1d476E052Ab0b32,1
0xF4Cc8A6a89cEFdbdb515EaB3AC7d76C7F32BD61B,1
0x1F27b0482ace1B82cf7A4f0c55dfc2A05dfCfD75,1
0x0Ce4B16411b408BC9F06d456175DB3CC79b25299,1
0x701164Ed257a2046a4B6e1Da7B891714D11c7bB4,1
0x0B2153f172e29112E41bb4612952568510077Ee9,1
0xEd9bBf4711Eb9b8EE73f2B17aF40606069DEF6e2,1
0x8B0b774479f0A31053E361F4eeb0D4aD043e536B,1
0x2764F3102510e51a7d3543A09Fd7F49b1d5e2439,1
0xb43321da59ddaeDF60e850e8499a767A0abcA7BA,1
0x65565Ae7A300ebbff1a5d8456667729Eb7554a74,1
0x100d878FCe93e8dA7a0866f24425CB4f410c41eE,1
0xcC4Cf561Ff49Ec0B8529aa745C6225123dc8B499,1
0x4FdbB5d791E3e1157e1e464D3862E21B0EFC0979,1
0x5CB8bbf25D5D1d71f59c3EfF4bF3c6Ea53Ad2D31,1
0x9942a274e61A7CDEd9a240E8db06E00FfEB9fF1A,1
0x328E0B319bE9665A6E472fd050485bcfdc256117,1
0x4c644dccEa8580396fD0AADdA6fBBDca85aa26fd,1
0x575FF90Cca3fD03FBf9Eda9e0408A99d18751b19,1
0x9e74799188961C8878dd2EE11A2Cb03F357FAC91,1
0x203b80263d0d00d80A31457CFb06A4a5e8bf065E,1
0xbF77B8a74Db0844032cFfB3EEB487FC500765C4e,1
0x1Ad1326Ae5caD3c912D7899649286AFBcf908925,1
0x9307FC7ba25f62803Bf666B4Cc6d19662550B25f,1
0x836f7F070365A80aA4BDADe49f1f3104E90390F8,1
0x5e4729d5EC93bf03F084268Ef2F1C8805EfBd46B,1
0x6ef56a57b0bc70978508328232ED07B3C8F56091,1
0x0F39a234676A145a1A944C6666b500ac8A16d74f,1
0x727B22dE66CCfd3d04a1762c07f1020491Eb564E,1
0x20834db52C8de46552f83A7d643B0FE12aa46D69,1
0xA4b43b4E3Ee4aa39Ef261e424DEF838Dd43C1781,1
0x5784bcb4cb5d7479E22B186F9d9dC8D06EDE2D71,1
0xC447DacCb7D9E7F12a8F0A66ED1e2a0DB31218d5,1
0x8Da7dc49E74aA2CA59A8351f53b05D1f47291e2e,1
0xd4A5850c058805f7F5802aD20476EF2a87eC7f91,1
0x0000015D1A32a7a10E90FdDb4bA13cF905646333,1
0xaf5fd19b5eCdA2118e9f8971088b49f27bA431Bd,1
0x682b2A8825FAf99cb1701fbC58B392Fd120a4CA4,1
0x6EA012A3249ccc35D020Dd4124b739956966699e,1
0xD7f4A6a440DBD01b913B9b19f1445a4c488611d3,1
0xDb87085756AEa0645A690313c4713C74d1457E37,1
0x99b9aA961DdBC2583331D7Cd1B94630872292006,1
0xfCF474B0C34da3DB9f6ed60e92d4a695435Cd183,1
0x8BEe87ee9D3FA57f425d42D2898a87FF0f65c0D3,1
0xA0B9ba620028d60430Efc0d7654A2b16cf5c674A,1
0x737295EB79806ff69Ae5DD67e8D04050C42f25D4,1
0x7E5b4A91b2281d18FB69A9EA1b77f801D0eaDdcA,1
0xC3c0520E85C05774524ea356eb650CBe7F641Dd7,1
0x9fdbdE148Ed2B4EB08ccD20986fCe0eb44559c24,1
0x814f5933522c1ADA24834cCc9A31E421b9ba633D,1
0xC7b2E791ee0491C8DF611d5CcfD87B17a0cB9897,1
0x03bD42B2C5441c80Af4f606824324301C5655E93,1
0x492e527B7040B471044d84B9040160cbfd272dC4,1
0x366F7B03ffa176C0226c2AC40c1615aD5BC649b3,1
0x4Db98d5fDCbC7c5416486afC7E83278D149BbFc6,1
0x286438884Aadabd18058edA12EFE3FDFf840eFf3,1
0x034eb98b10a29Ea619973f0468D615F9b17E0a72,1
0x486CF0ea88ef222BbDeBBE941eEbe9F72c136380,1
0xFAb9933Ef539b812A17E4206B314147286cF2a74,1
0x3e7F4C9F08c5Cf5A58e58C41201342ca43550C0b,1
0xF5AC431B731F304811D94c622265df0aBA04E5d2,1
0xe7745349BD9F159f284705B71A265C2b3ceC7829,1
0x4627A5f35b1dC476A5E669E9fc5d4E6B6338c481,1
0x57Bbf050D8920E133869949C0C3803AFfc4015b2,1
0xE84414941937b8473CaB39d9dDF3a90e085EBBcf,1
0xa225Ce1f73Bb42eBfed8a90644f1278aA95d6C98,1
0xE0E216283eef00895b6ABAa73848448596B85724,1
0x818c2e04d284BF10120C2883edFCda659Fc5F538,1
0x269EBadc30c245B989aAf5CFd1B07202e156fb7B,1
0xa53691012a1308F6A2383Ed3c534e152300a1951,1
0x337CfB6E0466977c6419D5DcA8FA8B82904787b1,1
0x49000B54784C0359A9ed744a5f3505d39043e451,1
0x31F654A7c832E0E5c678563f8E7B951D81F018bB,1
0x97Ca9C21AF6b38aa7f8Df9B2DA2555f9346Fb89c,1
0x84c9c7dc5091AD2cd6a196Cd86581D3A71D551fA,1
0xb0C0f73f84CE7355E755846C123f0a5848304B52,1
0xB024C97E187892CA5da51eA942f136F72635bF50,1
0xaB51f0b65dF095Eb02C03B5dDb463E22EA0595fc,1
0x0898020F14d8C58bA2DB6a8188F54f0aA311fBff,1
0x4B12dA20fFB5a9FcEA8807DDc39cE4f0211a5133,1
0x3223508f64D6C99d12bbF82330C1E97c38515200,1
0xfD560D83fAF498968d50999F7a2D5F17d3066007,1
0x91Ba0F8E760deDEeaccaf5ADd8bd96d65ACb89c6,1
0x8f38a228719C85AD261d10B28ADCB76cCC334c82,1
0x80a345735FBBEf501B08c36f1bDB96740D833f7F,1
0x242086FBB0a6F8a374bdb00B2177fdA50868522c,1
0xe3F34535F01342aC8145078551DA423795313Ff1,1
0xAb5aCc4E241cE7D533B852AEF548ab867F589459,1
0x9Ce5231B8FdD2D551E232FAB9aF1eE458A9b2922,1
0xdD0E8bc42f6126D0D2585b4Bf07692D9B172Fc77,1
0x205D66B1a91e6338368D81DB1ad8CAF7dF07564C,1
0x0EEAc81cf8218691721A57CbEe4ed59770B02F8e,1
0xBc7AD2bB805932064f3995817176a15F71F886E2,1
0x5d34aFa74e9561F416D5B4087b4A1Aa04e58f234,1
0x9B14A421a79dDB82695d2898e4671b1F1eB5f6E1,1
0xe6611C49B201fDf524697DdBe4e46714157b6F7A,1
0x0aCdaA6163523da27bdf238B5dCBb3Fb98B34b47,1
0xB5621158e13134210F0Ba2De8C88dC4785DA6684,1
0x55a56186C82ee1F35D3b652F98E533f62262Bf03,1
0xAcF74edE037468B5aaaD437fE8691E7f5eBF3441,1
0x030528dC4D1D6132Eb618Bf245241204aB0989e5,1
0x99e0D8B036CB00d555853b6fC6559c2643EacE7a,1
0xEBCd250474C27cBaD3C56f3F34e08F97b370AC2d,1
0xA515F7fB260095eebC860425493b8761B4FC9abd,1
0x6cdF68C9f08E79Ec5f8834B183308a7781cE8eF1,1
0xee425Ce319b3F097301a415bC69752102Db37ADf,1
0x62B8e69f9540305cbcCE6A94830597ecaaA8183D,1
0xa74d82c1Ed7d112a917d76ED346FEA856bb1F8b9,1
0x7b1E8B4C96982D828eC3d99bB4D5951Ac62D94a5,1
0x86a9B5FDcD0cF7A6b1CCa092413EABde7f83137f,1
0xC8eE6F074786928374dce78391c2Ba5039F2f288,1
0xe8165880Ea5D424E63C8481f442a688322d6d1fc,1
0x7FE6CE1769d511597C8862007d514b5440754093,1
0x1a363fE0cDbDc0be1d000831ac4F444454Df7753,1
0xB11D965d48DEC3F5402b8f69cB1DB5CC99A2128e,1
0xdCFC34dc307C489Ef7a58216875AB94E7FAAb340,1
0x556A257F8Ef54Cc0ab7EaBBfC74302047F528A6D,1
0x165321F2ad64038e9d2A4a25899Cb9c005DC034e,1
0x5e36B9EAE998093ccc8c688c53AA16ae04405678,1
0xaABEAb199E717C90e1608bFf914Dba33DdFfaB83,1
0x756Aae6c8CDaBAc14d2155D15F83BF9b078875f8,1
0x703518C0B200F99FEca73743693B96F3F2d02E90,1
0xe40bBd3CD595b1B834719c3E113ea64bBAc20052,1
0xB1F4a941b2B5566fF5c5b558FAbed425C4C59791,1
0xc45222966EfFd6F6c8B87C32737975Ce9F79D6EC,1
0x96B80ca294263c7E05050C9885dEc4c124b667c1,1
0x0D550091dFc6dCb6049a083B25B58CfCc0a94f6C,1
0x3d7505CB6e263EBD907E3dCC49e98E0fF8e6406B,1
0xdA734ffd5CAACfB512c425065219cBA1648625c2,1
0x3D2F8f9108CBBc765DFa527C4c4Ca8A48186D043,1
0x39551290A5b2FeCe4600d2Bf9cA9395e238DBeE6,1
0xD936c8254575B647A04BA35830a0ab8B3bc78447,1
0xC41f0F757a65ceEf19497FC3bd708CC8FBDbBCC7,1
0xAd618B211b38Df9eBac8dB75c3ccC83dd04cCB7E,1
0xC938E10d6C8e94E294119c56f76F23d4b5D7eaB7,1
0x89defA18e34239F1B6F7991474D8945aF46D57b4,1
0x1afb60753DF6FE6Bb73817b6397406248636f9B1,1
0x93d0537edF7F02ef56c584f090c991D2FC7459b5,1
0x9859504B127493007d5D980FfEf3E989B3bBfe3b,1
0xEc193811d9636736587f8a73c53592b0BB789E09,1
0x6C0E9bDB3a4e5F2bdB5d68285b38A54C94EBEaF6,1
0xdE95263170A4178096b0300D13017189538fd2dF,1
0x48552B22402790ceD8c0598E6a92b8661B8fe61f,1
0x6774dc86b0B1b679403acFaFd8115DC8D65EB322,1
0xef9cDa8A70CF322317B740C0d2d6116367C40684,1
0xd95c99D9061655D44895dF08EF109dD52c142572,1
0x5bce5aEAED60B1Ae9617234F7A8eDf9eb8f930eF,1
0x70872Ee0075b3234938D06776b4fa8EAA00bAEFe,1
0x0b99C69c2D7A71fb372ACf2756E315A18E5150B1,1
0xB2512061D41aB7B492c8B4f9a7cDB7bf5498026d,1
0x24D20F4E413d54Fc5F78b381EE09fbeea1e19A0b,1
0x61c1E63CDAC07dc729Abc6d92960c36399138007,1
0xE3Df66a998acDBE31BBd6db15C78569EefB6193E,1
0xD8Cd8A32511AcE0318A347eCD33130418cC49691,1
0x4E6A0929C673728941EaAfb6eD0284FFBD3d3648,1
0x92750F95C3a9036e4836FE3a64070ea46f8FDeDd,1
0x179d1DE66D534CA78Df98eE59D978D6ABd1de82f,1
0x85AD5F2EF63796C2D1D2e5943A40caF87408ABE9,1
0xB1d2c900c7B02840818070Aa159E7DFEDd6FB99B,1
0x4f07090fd2F691BE6Ab52b0F0bC003E700975C46,1
0xFDD867CC29822F89194F0F9c089f9903183d5423,1
0xA2657e6982b1E30f357D0BFe3cc35FfCb4e7F2a9,1
0xc3cfA8234f73399d997297e36c05c85e5383A6bd,1
0xedC4F833E05feB31861f7aB2Cbaa18C5a3894fE6,1
0x9f9f05D7b373B8EF57CC9579D0b54f643e1835e6,1
0xe6bBe7112aD0F0aEa6183D904a2CC044D277A2a8,1
0x8de94a98509De29411e0239049e5E2bB452230B4,1