0x0000000000000000000000000000000000000000,320
0x4302d1AaC2E1daD1891CaEB4d3Fedbb517c79fA4,119
0x0891FaB9EA5688Fca5Ea63Fa5361ccc3ff47B451,100
0xb7bD544ed9126f7B634F360c12cC994a4F228932,93
0x64Bec522dc88CDAb0D114Fac2Ce42d6Ef7D8dBf8,93
0xE7b2815Fb6A39fb6bb81c2ad72a2248F7517537C,87
0xe8Cf545F7fCe035EF4719EaA8E07a96FD5349465,73
0xB024C97E187892CA5da51eA942f136F72635bF50,62
0x5AEC38191341A5403319B9bbc62A98B77CD45cad,59
0xE272eD5c779119AF2b12cD560cB9bB8D8a09A539,55
0x383DE1D06DCBFc9eCCdb382be75C5Fd922662ca0,44
0x651817b6B7464B61C6c6Ef87dA2BC84EE0E64377,42
0x5C7aD181DAaee2F1D9b3A1a04d2bf971201F1C0E,41
0x683279542eD04d7C60DC56E4EA230fe621eDD4Ca,37
0xca98a7Db93E53aA7381461F728a481a941a590b5,36
0xfa649669d7a536096fA5965eFACE0356Ba9e530A,36
0x7114FDDF2F16A737726267990CCD9937f1d03e9D,34
0x14ecbA0E84367D733BA042BC1283709575Ecd79d,34
0x8678DF7a6646477aaC93D593329f8eFB7Ba5F6BF,34
0xaeB50a34ef2a4875b32c03f475bB3d4C6aa5f1E9,34
0x217414C61e66195cE5A8cC9A1a3aE025Aec54EEB,34
0x5d39eba35190bCa5d43A3FDA86aCd5BA0cD48fc1,34
0x7dF263b76f67262444952c0bd44F5259e4672642,32
0x5Aa3AB7a4730edfE096401b2aF9Ac560d159872E,32
0x5DaD5b8c4b640305585bF4586713bAd0fE992Dd6,32
0x644d0B3C09E59E224f5C9432F6128cab0D083316,32
0xf9E3fd576F6BEC76B0892827b4E491D5fC0875aE,32
0x35cb3Ea47fEe3F851908Eb82488381b3379ea388,32
0x39ebC3FC1e1F510D4B9578256f77Dc1974bE9362,32
0x0dB71F507Dd156eF834Bd916f6f344E6a0f936dd,32
0x5A6FD3e72b274b0f8c35F2588ffD55B69396a1c4,31
0x98889E29Ac50D24E19976F3036F778c33E055a41,30
0xCb36F8580A36788A48518dEC95Ea458357E64E30,29
0xF91d05c64a7c58F1B3697f825ad10E15c08CdC01,29
0x2Df4c1e392d5A8637bbDb2256Cb28D94266700A7,29
0x66e3034Db3b1c322c6f04e559B629eA9EFf51210,29
0xD2FCdE09Eb2D577A16De6fb51dc3c95A1B9E0Fb2,29
0x5aF5fC4DD38F1b4ad5AAC1e6F4E635a7DE1A0621,29
0x9f8bd062b5e6319fCFAe0280ef7C5e9F814eA755,29
0x4CbdB846000c21639055cDF36E702623dCbc9126,29
0xf1653323d095392caA4f8787943D84b4690c5e41,29
0xee7031799FB3d362C729a04DE80d6df6d71539aa,29
0xb8F7819b09F0FeF00280059091898b3600Ea258a,29
0x06AFE6afF701586643Fbe13F837F6B843E4c1ac6,29
0x6eA3B7b71b2980C8568c08A12B90679ebbdE4F95,29
0x11C5BaDD7789ba0bEd3f5ec94eA84F33F254c341,29
0x8262a5f75Ae441619FA20D9Fc4383F4fB8aa31dE,27
0x6e2a1EfCE794Bf01D6A41bC9f1ffB7bBd1a22BE3,27
0xc3A6f32C13D1400Ff5CDc5Bffd07A29268b7ba3B,25
0xDc603FE85A1572f376F2718B40DAAb34E0070095,22
0x6d49800F9EA7DE915177FcC029A70F0eE1B7D990,21
0x0B084F50B944A74e77692b5B1F464BC9D30E9af0,20
0x81a1a5d60021E93242bB4FBf0C166Ac116F3CF6A,20
0x62a76A458e8144c8FF90D2DEDAFCb35623e9c010,20
0x612bAf289Cc8E4c3148AB46B5cf999F87F371E55,20
0x24B27a22568057d47c7deaDDdc7eF0b16a6a6C27,20
0xD1101184A0eF0f2D1E0F274BAc0b02D1e9A2B0eA,20
0x6Ae4Ccfdef85bC5e489146117B8439c4F814507D,20
0x5f7c48470b217E644EfC4D4cE6524d3DbcB27c4c,20
0x9dD3F230B3A7c77562a8A2F0d7b1B02c0Bf7304D,20
0xf60DE2B5601E1a94DDa0015EC594fB08d0e94613,20
0xB0360727f886F68520F55f534b0C5FCa25ECA78A,20
0x6bD4297430F9206c37FeB5FF04c0Fb6b439D50F2,20
0x4479e1cd65e1e7E0490BAE4A428091A7F28023c1,19
0x0e1B549ecbda4C7A2e29939F5b8CfB4BeE1Df85A,19
0x59C5EF981ddF319e7Dae5328B4f54E8D1EA1d430,18
0x5b301B69704dC9bfBDfeD62F36B6f8973aC84e51,18
0xb357082eE428826efDb752af040cbF3Efdb84049,18
0x0F9Ec279D6c990493805391ed2a7Ac6fb89eEe26,17
0x672C3b982325bE86E221fe5d0Eb5391ffA9CC8fC,15
0xB493158392c37Dc8CFc6bd22A88CeF6C46Dfa54E,15
0x5C92f27bd666faaD847d68BA7c9547727D324568,14
0x260726e5B8cA0eA45a3c6D0D949613Adc64cD434,13
0x8b8Eb1c8170d632f1f939f8f41828045CBeFa9E8,13
0xe6611C49B201fDf524697DdBe4e46714157b6F7A,13
0x980994d36B75b1F01E8D3874c74B792d806D5AA7,12
0x6674B18EbDEEbe6cbb97f6F5a4CcC323116a5B18,11
0xE6c42C0a79c2AeB5eB922342fA0E5a8Bf9237496,11
0x3b6CA30C608eb80f8b9c445045FF33CbF0fBC051,11
0x0BbDE37A5B38714164bab3A921Bf485D69F1B2cC,11
0xFED1b842a85B9F8402f716B24C2fB28A5BA42ebc,10
0x7AA4A7Ec98a883A34EEE2522113E0eaf5f07D5Cd,10
0xA007b32a547DedC58186D34200D5BCfB65A02800,9
0x78067EB0b1620d7130898d97AA5510aF0cA3F6D6,9
0x48b6F47b4fb9C69B2597056C90BD8fc71987deE7,9
0xeFA1C087490536D2EA647819bC8450102D864E34,9
0x42Be65310a59e2B61Cfb3EC8Dc14880f5aa882DD,9
0xb34e9Af4660F9F9568ce62dbF2813ee282fFDcF9,9
0xAf3cea44C410277Ea1CA3D8A392AFfaD19A94140,9
0xBd9F1259ab34C33DB4531798F542c11fB9B4E979,9
0x0B2B7782Aef4C5097Dd99106063C67805C38F0A6,9
0x2Fd1d8EAa6Ed1B424c2D03Ce5eADdE9F301c3235,9
0x5135f7F88a8ac4bB28b6BCF967D39DC273A01b87,9
0xFeDdE72BA1633d8d69d32C9Ea6Ff561Ea3451Af8,9
0x42716E51285A9fafde6ae836BFD8f7F8cC88c7eA,9
0x9aFaeAf7baD7349b4B992EB5505A9660C1A8A5Ce,9
0x98147e0F0d4fFce4eC2F95861B08FCAFfb555Aac,9
0xfeAF7c4935dB62523f754E7821cF625ED54651b9,9
0x9CAfeFA87117874310431249E791EcC0533043D3,9
0x83ECEA1CE1a21D85E096030a8a945CB3453c727f,9
0x779a391503DDe0e30Ba4e4a9bC17955ecF79Fccb,9
0x697fd4993D38cDA66D8cd78B26CDca35FE8fB767,9
0xBd69cA588BCa0D58089166DfCa27c33b8A3689F7,9
0x0F4c0b9e594B12a00bc0c363B9Bdd79E46a5c453,9
0x96B258360501863aD18567fCeb41eC3e504f0690,9
0xA4972aC53998887D20FD17297cDB54f749BfeCA3,9
0x362B1dF85A7fC9dc7f994A069F8C49824Eea5c66,9
0xa8B7D97570c34068efAc4Ec51DeDDD4C16602ae8,9
0x78dbA641814Cc43a2803a4CCEf4f0aCC369Bb9eF,9
0xf46d36A35eCA074DAC347baB4F70D969E8Cbce59,9
0xF4b40B20572D117EAD7b5ca3C7eFf7d3CBdC4067,9
0xf604067175980Db8287D076ca3C245EB30733dBA,9
0x473F1332D5352C99A38C7f4F6cf7c35db4c72508,9
0x2edDFbBA99955479bfc7A9060EfdFa700bF54264,9
0xBD7bf4314E3083e9A5CEb467D19ab3814fb4d7dF,9
0x96539455E49b8DE5738f85C2347cf7955775f502,9
0x66971b505158B74bbEBac028d6519924A6822563,9
0x90EB7213Cb30Cb671f1057746d8139C5dcf9B6d1,9
0xD902cCb411E6B576Ed567159e8e32e0dd7902488,9
0x42EeD31a8BB26099364b301ae087ACFB037Ba864,9
0x2E7fEc87B57B72280804d9C4c2f60FF5b2344B85,9
0xa80B9CBA10e137CF1279128523A98430B0f30733,9
0x47f38EbAB9594AF1653350D710E3624AEC98eA24,9
0x619186F6a1774607DE5614BEcF2872f159f70a3D,9
0xB56E3dA72247a3D6A751b186D46C531720A7D5F2,9
0x91F823D81F670E976DB0381F4fDf10B11175C5F3,9
0xf36E5c04CDb9B465ce44e125c679F9D7A7FC799A,9
0xc0bCD7735cCAc6EA02BC9c53dB48D9113493a21D,9
0x0e200B8DA923e300Bde26919819B9846EA7F16fe,9
0x21B30b4B6cDBb15c98b1a19952E880d7e80f9A54,9
0x94e5fDEd7833cA3480c412c216eD1A6CaEa58EED,9
0x42aDE60A42AF8C6cb9563Bf97dBc9088c1c88085,9
0xbc3Fd5dED7769190f9244c41F35Ea7e14480b683,9
0xbA6E1F06B65dd09070E4b5605d9b5dBCe501B2Af,9
0x9A3B2361ff56AC88888e69034251EF171b9d9FbE,9
0x7CFf9a9F682003f0cAEB5cC557ddE46c8f41868d,9
0x9980B494602E08DAace4fFd7838926AB973CF8D1,9
0x0eDf030A16bB6497e8BE5B12184F0c4482e82C18,9
0xEFf92D36d16f4f7CF0D81feFECB701a42611b38C,9
0x1FbD93bd11Fc24BEF2059DA340b6f151d7cf28Df,9
0x01f4E40F123A84bdD19198ede9091d2eE8F186D4,9
0x794aC564d2F7b6e4d5F79F0664cCCd79d59C11DB,9
0x07029499D002f0BAC847dE418C26Ede67eCfc9F2,9
0xeC076f81a021a61c5eBfd13D5A3da0CD2626611d,9
0x2D2EbcF70fd7301832e42709F10384Dc447a4244,9
0x6Cf4F5dD7407be77b3B6B3c4451Ff0BE0906AfbC,9
0x5d143227ec817BA7Dcab330E11B16f7D6C5Dbe08,9
0xEC4E11945F756BdF7d7aBf8EcE7254F22F2D0e1e,9
0xB74Cb1Aec2AA76038B24F7CC9D6f07b380a1F812,9
0x3c2d7A0541bd01C4084c99AF624b7715A0388532,9
0x75079b061f9370E665dADB7192aab451CFB41a2A,9
0x6992b2207CD75278372015bA50E93B52b1583E24,9
0xCd0A87c465F768CF17A59E8b85691810a368e68A,9
0xeA50950E8Af8AE8032E88C50506635dD94D738F3,9
0x70e5abA2c1837FAfB35aD15fe8fCD31380C4275a,9
0x38afAEdb78E2A0018860b06FE231292184CA14c3,9
0xFbA11C84041c2d70a8A3A724c5d5212E50BA858a,9
0x881134CA7693530417C06A57c23E99C9E8F0Ef7a,9
0x3a79262632AbD073bA445aefDAfF1a5488e20B70,9
0x2B1Dc568d145544a85f374b73Eb2303008Fc4993,9
0x9329bACFb27b6121a5DaAf860f06067e000E00d2,9
0xfCcDeD397CCFF61175089875AAdf0473513E0eb3,9
0xd165fD351d18Aa303732F289832E567b9EAE0D39,9
0x642a2deCc241887927B3bE5a3a4f857f0b877ccF,9
0xE054AAC700c9aa60B461Aa552c5a6be9f382521F,9
0xC3ae5295754bc774d9d5C3f65afbEeB26dDdc757,9
0x4a6cA27455a7dDF31b9CF984D36184A079193c19,9
0x7Af367DB12D1aa5f08A0751bB20E18443b41bE1A,9
0x82A0F25b6FE7E406c2c6E7884342164D7A9438c0,9
0x7bCd782D558211d8feaEB63C5e4a695aee7667c8,9
0x3c698d1E054A921dcf46Bc213CA407E39AE4Db8d,9
0xC05aC07b7FEDB964c993220B6675645c88EAcF5F,9
0x3077aC78904900B978A9eAF2919EBe73971053dB,9
0xC1b3334D515DC93C8aBc6DeABE7db21f05A1Fec0,9
0xbc43691Ba9EB7adFe469F090ad570f3FFA29cd36,9
0xCB1C95D4EEb73b66529342eC0059204368F555e7,9
0x83B05dcDf9Fc5c621B66ee17c83A4Bc00a28b4E2,9
0xA7c7Edc67524091B6199DfC533b7fe28111F2009,9
0xEF87243Fe29c2453F87549e02982108a3B832952,9
0xEcB7Ac4cd564Ac3EF7c0CD566A36aeA43e2F82Cb,9
0xa4A45767A697384f685a916e17b1E35e37314540,9
0x65f393BcADCd9A4D5f7018360Ee046471E4Ba2DD,9
0xcd0b67a61E5e8F4616c19e421e929813B6D947df,9
0x1B081542303d27A705Fcff9512b45c58dd7dC4a9,9
0x134AdE3f5E771f408BF7aB0a7AEff45364445BcD,9
0x4fF49e4Ac5Fc86895f88E30bE37A343E71CBEd54,9
0x8433a923365f79f1aC4624Efe1e69C68ea3B94A2,9
0x9bb0819842d82e6f4436bbd2E2F7D1910929a882,9
0x71b8111517a74AF2954ea81089675A5E01f7e261,9
0x3d446c9528f5deC1848dbe4CC6D4fd2c432b336c,9
0x7bB4a792E990313445b42aE334E0d7b9c7f24409,9
0xc4Aa498De47b3591fd889A349dA1D4aD87D0ef19,9
0x5bbF96EB65a48E1Cf0FE94DBD671b8067B5B291c,9
0x1A5B9A64189F54BBD3C01335e60C56c027fCF633,9
0x120E5EFb2640fc3D550055b5940Cc0F62472DbfF,9
0xAAFC6648ceBd0bD66D66C1426b90D20D8B3910D7,9
0xb8E7DD27D5c3f8F27856ADB67953d72BaD26d0c4,9
0x471da4B3400F0d47BAbe147d97c7198Fd32dFD02,9
0xeCF48883401Fb5861D39f1E06839e92260690C12,9
0xF1faA1029Aa215A686b25524B72e8e60449A3515,9
0xf1606C7bd4AAdFE7e0b7939BC0D26721C03986a9,9
0x79185F6983859C1bc0c92713059eb6afAfc23168,9
0x70cF00f05f2BB1aa976529be19Cd97a51606886c,9
0x88E385Def57004Ec13a164F32C9E784594561072,9
0x1b69E2A191fD73029130Bef5eF0A1aE698F28E8D,9
0x84A55E4Bb3F608908E31be59F41502932F3a5777,9
0x2764F3102510e51a7d3543A09Fd7F49b1d5e2439,9
0x65565Ae7A300ebbff1a5d8456667729Eb7554a74,9
0x231CC6732FB496406b143c9dDd09CECC4c171Bb6,9
0x33Ac259b25367E44141D0Ae0Bf089a75806b8038,9
0x995461AE0aafa253440DbB6B92F279A8E85E9e3e,9
0xCA5f40D7f5177F6b1090cC5C52E18bc4c2F6F582,9
0xFa5851723bBfE516015809D91d56b16511162E45,9
0xFc7857fCADF861Ea9Bd6915dE1EB2B3FAFD8D212,9
0xD6faA97035080Ff24728c4d352c14fa9eDeeBBe3,9
0xef664bC9783C4F09adbD708C51E682c73F19899D,9
0xa08F235264EC058333DBbDF2be8dc57751dC2210,9
0xBDC06FFC7e872fCA46a796f7B2c91f20bF820FF9,9
0xd9939a0FF223AF886CBcF2C0140C4cC19a8b56FF,9
0xe3921277177E0B9ACd49f90D6D02A155d6B3a894,9
0x4b97bE965B38c20b7e6C78c1234aC7E13fC2C5ee,9
0x06799433a4a57a1DD497623b803D0a007387fC5e,9
0x99b9aA961DdBC2583331D7Cd1B94630872292006,9
0x7DFf93fce783b91F347ce7BA7181ca4A02Ea9De0,9
0xe77BfE3361ba172e5C666DD14c91922139825544,9
0x3349B782F73cbDa9E9a4e5db1d0b4C399dE7c22B,9
0x778AcaadE9ee513e96e72c1f082C5A24925FDE65,9
0xd65660E8A23fD667ECE62AE7dDc45F38E0AEC68c,9
0xa3dF90Bf8E8183A74b537B27e3955BA7D8De199c,9
0xcd18bc7Df2f25A54560A7615ce6437d8cBB61CDb,9
0x9554Cd697Af2A6d2c27021B6363f7E96779EAe60,9
0xeab4478D5F99D86B6311880161cA0243DAB07F57,9
0x281e5968542A8F0a74EF2c7286313Aa9AAcC7aA7,9
0xc20d20efDe088571f0ca4De890252BE17a16d04d,9
0xC3c0520E85C05774524ea356eb650CBe7F641Dd7,9
0xdc30c9dE85e762909715234edC89203d7b76F808,9
0x540C6f0f5090E276afCB8591F3914cd7753848BD,9
0xD30C4bD0bfC18cd1B3b3664E638cF06223F1a0F1,9
0xcAC1Fe12a52E88d31B929025DB38B0f41a663101,9
0xED6A1b4929B410176C66d2faF605ACb262F70E5E,9
0xa6614E006c2a40cE4933A98E9d57CEa09EA47C02,9
0xf937F60BeA998d5B94d2aB72080533d423567719,9
0x4aaC28b42d754b7418B393263933CAbFD645b14E,9
0x4fdBda33087bABdd87a3cdB0830572809625aFa3,9
0xd32B5cB756f14F28DF809f7cCcdCD3e5c476514A,9
0x48B6af1CcE25922AA9E793352fC08f9AbDd2eF57,9
0x789185eAd7dac3cb244dfffAFca110AA423b2Cd3,9
0x288A4e70Eba5d4f92e28F8CCc561E9fC947304A1,9
0x3Dd14B1eBcd80D681579aea988eDEA28dFC51461,9
0xD4029A6322dCAa00D2dF4ADf684fe9FD2c628857,9
0x7babefFca22C2079569d573E7bFfbDA93368868e,9
0x1B74B46D39DDBFb7D643DCa37D0b4BfFDe4e28ec,9
0xC02B0e8A893F7E6288d32483310F9556657CA06F,9
0xa13A120dfC5aeF0d261944042f4B8BDC45B43e88,9
0x8639A6231e09dd356eE5aee69550D7A193564825,9
0x55C2970CbeF7394173F7D0Ae067FAE1dF2A416c6,9
0x756380619917488E7Cd1B5c191A2794C610fAF0d,9
0x827B4277CeD13f7eCD6d37CC214C26bc6Ba1D76B,9
0xaF870161cEE20B9B04ae4aeEE5B623dc56d26e17,9
0xe94Aa5E19eBf80c95FD1d55702Cfd30C6A1E2248,9
0xf27BA6b11523B389d4bA803E5A2d4DFd3402FA0c,9
0x17A7Aaa564511583E67C0A85DF4362745B2984bC,9
0x5FADECCc5a393e681E8552580aE412Be114198Ed,9
0x24DBB501F9199a88c3f23c06C1a8ffeB48790f1a,9
0xC295842750125B4aa7aE7cfFc3ff841176F78CD2,9
0xF34ffCB23746233102F781E745e42Fdb78ed532E,9
0xD069AC7b2dbE28460126952F9c890010E7470227,9
0x41cc4Cb5ceda87D855758c5d680f435dCC3719d4,9
0x853D18353Ac666E87dB98c59550F2C7068f55cD7,9
0xe3F34535F01342aC8145078551DA423795313Ff1,9
0x7Fb289978970F10853C850CA547e599A27EafcF1,9
0x6CF9F1e84E8542Ba48b2A295b35F62dfE5f7B9FD,9
0x422527527832c8Ab7481A597bc06F59f295302FF,9
0x684A505A4E9022318ca0F9FF78602E22aC4CF9A1,9
0x7b24c61C359b3a4D4824023F87C8F7e1C40527D8,9
0xb007fE067b7CaCa64359828026E629a8e0bADc54,9
0x3c04cc51a389725649c2a330bA81EdA0f7927A30,9
0x52fb93047ACf981C64a3d54f9FB63d1634293766,9
0xE966f783048C099AFfBFDF08B2D06971Fe1E8719,9
0x07155E53A112e92dAE2b7D95F42E23264f2F426d,9
0x2435340CC2B4Be9Fa4016fAdAA9e8486C8C2678c,9
0x7746AB46a45f3e7622AAFf9243a1c353aB41B0e3,9
0xcc6A92f5A38FBB535a1dC8a5dcc101dc59fcEfc5,9
0x31f49A7925095d0E7827328c9Ac6B8B68c0B0c01,9
0xd7DC3De042153778f7eC91732a2a8d2cBAf848F8,9
0x8C533d64b7cbA7B2396499b04b49349962364f28,9
0x2Ed27928F116323742dfa0AF99dacD680cD7C495,9
0xc317b591DFd423C689B509048fE01A90a1920C99,9
0x7241F8C96055EA073630fcAE484104C4590E2a7C,9
0x3079F63Df53bb3443636A92eB1768efe37E21221,9
0x0347e5D3B6cF5697349807Aa1ba3D076643A32d1,9
0x94D850193221b3E9F7557480383698233E1D3F72,9
0x69441b4516e798dDAbef05761bD9F25Ac9A1579e,9
0x53dDd4B7cE0Cd928e3D1052Cd47F0cF041eDb68D,9
0x63139B84A13162aF2A4601226C0059446B6e5922,9
0xd494c40AA1FD0aa063E52CE4AE7bb38C5e61C827,9
0xf4bD058B86946dff0A6EF2a2977Ee4C40EFe8756,9
0x3B5785022610193CF0bDEE63CEfbDd6AcaC1760D,9
0xB3E06b37598120945acc982348cCA7bfd232D50d,9
0x41b3C126358b84a9303bDbfEe9Bc5A633e62000b,9
0xd67B21c3Ab3DAa6C5F3506EBd581c58f54FE53B6,9
0x338c03aaA18E060158742FB984037f95F69e9246,9
0x2f7dfCBf564f6A6F81e687A8eBAE0e6575b6Bd36,9
0x6B39033dfEFd4e74267aCf521b49f3919093C91C,9
0x18Ef3E242A6e8A660E36eBD64949520f116a7d51,9
0x2fea27fbe008656Db9B2c2b16B791FeE2022dF9f,9
0xa1bFf773114Ab4e98F931f44D9Ef8C06413EC326,9
0x327472291E963De16F74525BB8Fe285D372f1Da7,9
0x2E8803261f894CA7455a31676EF638D367d328F9,9
0xc52e7E835d36745d3B0E8Cf5610e3b503507701B,9
0xc28f5789399f41aB981Db01855964A9543479183,9
0xBf4850E4e8d6CD2319B8808b65bEdf7Cb15358d4,9
0x6Af1c53a7c57269a7E0D35871147488F673CF419,9
0x45648cc2DD919636E57C8A5e70761BF37479F0Fb,9
0x44B856dcd233724508491778f47075B6cda87eB7,9
0xef019F1905b3Cbe5B7A8DB4C4bAb2020471a2346,9
0x1Bc39E5bEA2CbB76D0E79eCEA163325a42b51F9A,9
0x84B1dca768E9240e835550F4da13145dbCa3474C,9
0x847211bC59E4528FD0A26Cf017e915F78E30fD59,9
0x9f9f05D7b373B8EF57CC9579D0b54f643e1835e6,9
0x1cd9053C0b9A4275Eff8e504d0bc8518641FDa50,9
0x960e830E81c4B41d4Beabf6CeEab7C54b9ACD017,9
0x134F5a1e7aA655CE6104694a59C58E23cb28a9d8,9
0x7b3E47aEF396704e813480F7DEfFEb3C24303c17,9
0x21BF63C0418D4f1D13f884C50498B2259B321b43,8
0x99ae5557D37e36000904f04bDba6Ed5D55EEE04B,8
0xed641737351A56b75C6C7da7f5AcB2eaBF11Bd36,8
0xaEF1E5ab36D4f9F7227Fb216f0107F05CE2B1967,8
0xC87d94E265Ae61cC4EB1813f8B2445E6724c7C2e,8
0x0000001089167600c25258Da29d2e2c857ec1689,8
0x68986709030f390E9952E4D5a98A36f72289Bd27,8
0x55842426EcF8Bc5Ae830550e9cc8936Ddccb253c,8
0xb03c98Ce46Ceeb5489D017a17Ff1534cf155fD8d,8
0xF423f82AF87cA2d3F335Be1DafF376E3a431FCEd,8
0x5C2c044208F7d2b09187027C972c0f4C0BE36049,8
0xACe251eb32802B2883d1620c40213fAD3236E713,8
0x3cdb6E115603F98965dC59FB7F82133B57767642,8
0xA8571fe2aA4663aAaC3328612f85c7C6A1F99bD5,8
0x1EC2ff7A371fAb19bEf62a5f285FB09bF88C904C,8
0x322bA5D612FccfC7da8362a9e86bA9db8364C9b5,8
0x15dd2966Bc4eccE6a45F490B4284b297a68a8172,8
0x61A5dFB986c5346177D97EB3Eb55F22bFCae143e,8
0x3540D804e6124757A49B805E944B48d14cb78B74,8
0xF12367Bc27781eD423a96acA59E3Bfe94EE2963C,8
0x1491390fC8a78C09C1D2887F91C01BA85508a703,8
0x56897Fc85Db3fDe157A1Ea8F9D3Aae99913343EB,8
0xB8e1f0f1E0AaB629eC07aE9e4FA680B58732c643,8
0x9741a44e482Fb1AD798b1302b6A55D28f0dA2B55,8
0xf4E01905024D93f8c74CDeA51daf186F0876007B,8
0x9C88367275f6eA7d8F0b9416Ee927D22d9Ff7D28,8
0x7D99C12a3BC65b303C88753Ae8a461975df91cbB,8
0xcEC96fed4B9866fb3C0CaeB5a9C52Ebc693f8e53,8
0x431AE3dAa822837C8fDAf0119D6d3A2BAc9cCD36,8
0x36229b786b2Cc1cc79E77A225C22C8Cfed8c6c8D,8
0x99b17456eD9C3EB3E2F4f292bCB515F8bb9F4640,8
0x424218334903458E0862f48FED6C56aE795C2a82,8
0x7544Fe5c283352bD98A995a6B9AF580DC6F97a7f,8
0x5c2fA9933eFaBa80caEc61DD4F82e9Db778852fb,8
0x32EE66b481462DdC39c66aaCf8228a58Bbbd7A07,8
0xC604041B04F03e1BcfE7f6F7227624F74C58e71c,8
0x85f70D8D330cFbFd9374B659d6Ac1011fBAb7636,8
0x9b8ba8C519cb207BCbeb73C5DAE3918a95BC238f,8
0xaf45524B83fAd0a9C21C4Bd3b19743151DAe7Cc1,8
0x47F96D6f38d837e64ac10CaD5968bf3B9bA88289,8
0xa0D1F230bCA4D370d660Ae6D13699CF0329b94c7,8
0xf1Eac917aDd1cF941E40009066BF6C3EEb16185A,8
0x2Bf7145B9dA25567569C15C57758E6A13BBc00f2,8
0x26cBdD5cD96833F9912f5F5Ee508537894b990c5,8
0x939aD99eA43a4b6344EaF9E6cf84878dCAEc9d14,8
0xa1fF5A555c80D9e9A12887723a60F0982704ADE1,8
0xa6498f1E08cCb9BCc688f6c386B4d24aD066b71D,8
0x3008087707330e3b85D61B6972934121aEd8E6E1,8
0x6EC30003Fd8c6AF920DBdd33b47c984B914F5EDF,8
0x3E60F879360F2Bffe7f71bCA32883B6B6e859C2f,8
0x2768CB5E7573D3e9d8bc42F753FB2B30E89DfBC7,8
0xfeCaC5e0a402f3e5A1F899EE4b39a6980BB66686,8
0x7E664720c20eeF5383626A4a916e858Cc7ec2fe7,8
0xe55535edc9b84b4955aA42f59DbBCb168E277E27,8
0x6fE175B8466c5325720bDd6347aD4c68dFB1B0c8,8
0x96e84DF4694aF3F092DB97C3002f81404af834c8,8
0x9712e390d000E082f399389183e4290ed3ba70fF,8
0xce9E30F9568905DEeb808AB090f4C1554501E486,8
0x140DAAD3f2DdF2CCe32436CA6265c4BBD1ccef92,8
0xac65F6377293d3b02C0A303396c8fFE11Cb0596a,8
0x3098fd179d60878bACb3862DC6B2b38310e43559,8
0xBf970FA9aA3961011fAC06674CAC674A0f69cc38,8
0xeb27c2E248E17fb4E7F0d9dD7b056FB77c154227,8
0xa79a1c69D699e37C2D5f78EEf965009c4403c5Cb,8
0xA2433FFa1A1416490b17480d89be819ED81622B8,8
0xa20021Bba2fbdE8bBCbf13B8C6D0b93A2da6DE20,8
0x1a8d3AcD95808Becc9E6B71c76db00198FF11Bb8,8
0x4B947941E0C443001c7Ae69291aACfcBB2526403,8
0xbbc91096961EDD3659D136f8ab3cb8C35b6a88F6,8
0x37afAbcb185E27046568a4277787C2A7fa563d51,8
0xFeB3E0f50107f6cfB2EC8C2bC8287f2707E0E2Ea,8
0x3eBFafB445d9392146955FD3d2c820230A67f601,8
0x72cCAcb0f2B448a08949550bb4e2Ab1E8E7F0E20,8
0x0026948023FE0546EF6D3DB8DAf5e82881002fC2,8
0xab8Fd4C773F79eb6fCe87c0612b0473b2a408e70,8
0x0A02c91391298935DBd956c91F14b8272275EFEb,8
0x989cB756d4c2b739B29C85FB2C25e6467feD1d3A,8
0x5977Ef3C856506BEB54a8587FC3EcBb82d127e91,8
0xDa370FFb09574d557eEfAd2F41bd4fd3A53F27a0,8
0xcFcFfE706f54910DD3C98f9A7297B76BF663295D,8
0xcF8373446363216f0daC6ace39cd3dB12cF8689b,8
0x11d373672753c18059fb021DE4E0Bde2880CAeC4,8
0x55f070C7F6bB99Be3DBB079975422de692AAf68a,8
0xdb8C2Dbb64e78BA86C776c4b2BE41C5B39D0460E,8
0x643469ea34ebDEF97B73Eca584921BA34f8A9bA6,8
0x529BC745560ebaF49d2c3A090b7cbdebbB58c648,8
0x2E514978a84227D04625D560da4D33f09343D122,8
0x4bd78324Ba5a88c8b5eC40C44b9AC33edF4BC4e8,8
0x285185692c524fc3052e1706e0b400428e7F165A,8
0x3A505722A21c66c3143BBA976Bb83Ac82AEBfB48,8
0xc047AC8BF1aa561b2385d39E129Aad4c27ea9237,8
0xAaF48B7705Bf11f95D439d45053188D559a33983,8
0x4D62b1D1F61A4aC0Ea82E8D7D56973062c8E8B3e,8
0x0Ce4B16411b408BC9F06d456175DB3CC79b25299,8
0x7dc8c235fF30559B7F039809732f0B0274C59C99,8
0x39E5B19eE73BEe4115A49F38b97D609D02409392,8
0x3812801CbF0E41413DB4835A5e36228ad45E32bf,8
0xbE522E560a7E69613c35Ce4471973D1f8e06A859,8
0x0Ee5F43ec8C08e60bC07F8d1f12FCd6D6765e8F6,8
0xAcb704699E1e2834a9078a6b5e6F928F35efA94B,8
0x476e6C07b2971Eba55f13547B50Ea734b132C251,8
0x391604e7a8f4682955e0C2B6A8dD95dd33cfe624,8
0x1eB9a6226e3041ae1c022Cc0c1e03f7b3E27372C,8
0x9812d8A8b832f044b8e98BB6Ec62f40Bdb0c2e20,8
0x236bef05722a9d7BDEcb5170490E21d4650B70B4,8
0xf208fA64F52836A67Dde1c0D0692B24b15131c30,8
0x563DBE630cf3DeE763Ad8787Ba8288814AF69B4A,8
0x8F7AdAFA4693A37D168BF60bb7648271295143Ef,8
0x2C2E8530B6529F9326077EcfB809014e47A0a2cE,8
0xAf06B7Cf5655D3b5042813B107A81adf672d45C5,8
0xa56c298fcEbb9e748CcCA880ABc119c028c276c4,8
0xC1509f932300B84AE7f5100141b19e17e74cD1C4,8
0x1b028aE843C9cF54F13b177d6B1c2f4c7d0d2Fda,8
0x7326FB6BAB4c4191Eef79c994b0646A3CFEA362c,8
0x4ca0122fB8E3B0aAb12ee5FAa6D14b4D3f8E118E,8
0x78a6AE1c76Ad96a4F66b850B688E157e72f5e112,8
0xCb15DcfdEe8a7a2BeC8561d33625B4FF7968baB4,8
0x030e3e488576B8FbEF29f84Fcc25088B9cEB7dfa,8
0x01b3612d4b529B6FA6ED85A8dB3FEED89f13cC30,8
0x038bE1a3d66E1Fe6b7c5BaE44176555cDB3f3a3A,8
0xA83B61d5b6895372601453e8569e7f3B50379211,8
0x13192B1056ED57eaa06BB7E49d70964A668e8604,8
0x31819CCa344ab147477b5E183967390c1AC2f024,8
0x0ff7b688c469aC6F5c702B6dd44753739e6A4B3c,8
0xd77377D71eF1BF732696fFfa35517fB7990E99Fa,8
0xFdFC3854b199C02D7CACc7fb74CADce6E189d874,8
0x8Ee31245C4226D6afbA084360DA52bF1692Fd9f1,8
0x72B545724f5D9cF8076FD2b915d9F8eF14c81dB8,8
0x60D291fCcCC617c128dd597E5458ebEc48B6AF01,8
0xF6A1303B595A2Cf4Bb579921A53Ee69eCfd49Fb8,8
0xd95ADae0d0cf30254B41C696f78920dFCDd545B5,8
0x103Eeb2776A9AD7a8E6C6D39B2dbB2540D13cDbc,8
0x24Deda85A37aeA206eDaA523b6dc8d3925c818a9,8
0xE84414941937b8473CaB39d9dDF3a90e085EBBcf,8
0xE0E216283eef00895b6ABAa73848448596B85724,8
0xB715B8A099642cF9185F0593ebEc79a7d790F9E5,8
0x31F654A7c832E0E5c678563f8E7B951D81F018bB,8
0x20A6A6aCb4f7CaE11D302C52dfdc159154387161,8
0x6213aeb0360262f671Ebb6C0093AaEf8b5A251aD,8
0xeF530dBa0C0Bf455838275E0040102E631901057,8
0x87fc06FD9845FaB20105A3311e7b03b1F41B04B6,8
0x97538e1a3821f3327Fe2a2fF4993f3d154f28B01,8
0xfD560D83fAF498968d50999F7a2D5F17d3066007,8
0x242086FBB0a6F8a374bdb00B2177fdA50868522c,8
0x205D66B1a91e6338368D81DB1ad8CAF7dF07564C,8
0x795621e214c6deB49d2d69404627B2E675607080,8
0xd83492467209B2fE000dB2CbF8Eae6a9349Bb563,8
0x9B14A421a79dDB82695d2898e4671b1F1eB5f6E1,8
0xc57cFD16526aBB402b9cc82a423ff79aC691A66c,8
0xb0C0f73f84CE7355E755846C123f0a5848304B52,8
0x8A0c098e896fa309828A35Ce714403D23cBBCf3A,8
0x8A2D2A4C1B05455b8F340A6bB98b0c08513A8555,8
0xeE0B1bf113a05925fdBA7482c7c9aa4999880258,8
0xFc29552Ed5B83d5E72B2254d9597985a865F1dae,8
0x030528dC4D1D6132Eb618Bf245241204aB0989e5,8
0x1EFcB2F2a58a1eC3028a3983Fd8ea3ec5266C3E6,8
0x362B08285Fd74B2539361A2930880907D2f68496,8
0x141d46F13Ad21Fe72248FF195881a6714BFD03D2,8
0x86a9B5FDcD0cF7A6b1CCa092413EABde7f83137f,8
0x57c28F6bc77c205C315DF12Eb6CFE0F0D7480Ca5,8
0x2479db99B82f1D3Ba845342f7d8881Bcc738739B,8
0x4Bb12cC382E36B4b6faF7BDcA7708969Aed258eF,8
0x4Db98d5fDCbC7c5416486afC7E83278D149BbFc6,8
0x2cc5C3230cE768D386cDC0E68ED9C7065D92374a,8
0x165321F2ad64038e9d2A4a25899Cb9c005DC034e,8
0xEbc790D6420Cf02755c05E69B26Aa27b1deBe250,8
0xea10F10142F691CC1cfbD7A0D7d31557221C6E98,8
0xe1b66965333C01203fD50c3Fb7C908FC10fE83B7,8
0x4726EA8609e4ac4EB9a4C0cB74B0e379Df4dD387,8
0x10DbC99C90234E4447f0366e8368d688f622475A,8
0x0660e726BAfB9311AB7e0142eA9381bC25f4F22f,8
0x6F5dA981982011F1aC2ec345b5C2681C16298f2E,8
0xE3Df66a998acDBE31BBd6db15C78569EefB6193E,8
0xD8Cd8A32511AcE0318A347eCD33130418cC49691,8
0xd002E731B302286009AbAAFD5E05A9853f5f3002,8
0x179d1DE66D534CA78Df98eE59D978D6ABd1de82f,8
0x85AD5F2EF63796C2D1D2e5943A40caF87408ABE9,8
0xB1d2c900c7B02840818070Aa159E7DFEDd6FB99B,8
0x4f07090fd2F691BE6Ab52b0F0bC003E700975C46,8
0xCd5367827fc644E00db7d48f29A785D622Dd9E83,8
0xf4Bff4FAFCE6bb93eaEAb4C5EdEd3ea681250d5E,8
0xA2657e6982b1E30f357D0BFe3cc35FfCb4e7F2a9,8
0x22Ae05D7a3E6e823B6b47fB092e9DF87C41f0Bc2,8
0xc5B4270A15FF0449dCA9E879b54A467Ae8f0ba00,8
0xC4907Fc03ba7B2Cf25Ca52b598C243b7479EDC87,8
0x2De65707c9181d100dd95529c697DF125Ec85aA9,8
0xc96acEd04A221D173799b5bC795f615F450443F4,8
0x414006661707a58cF613538439b7Fb50654298DC,8
0x7Ac79c369a3585B19e068578d37916259E497616,7
0xEd3f239E704589eF3D978f07781354eFA2e11bB5,7
0x3eB2eFE514D73F9Ce521E65e1466C9374736016d,7
0xe6b7b24bDCbC933083F778c0Fd12754BD881464a,7
0x00000002f32C0886eE65D68059Fbdb76EF6A6996,7
0xeC5BEe68D85A0277479A192629D00025C2b63D20,7
0x66C62c2E4a17dC86B7eA1e207F1D6cE4bEd6FB35,7
0xa1b21bBcFbC9bba21bFBB58f7F59115b99a3A594,7
0xEd6F695F1Db79428c0aFeB1697AB3B553a3a7CB4,7
0xB381dAEaa7b4e1252b153500DF5B04635614aeDa,7
0xBEe68D5BbDd56FD814E59116F3E4b493A148A3c2,7
0x5DA3a6948ebF80A4ABf2AbA476A503c7cDEfC82E,7
0xF34e7a227B6bA749055dfA61F933a9F3621d786c,7
0x2C9A8ADD958f9766e38F40f7dCd8Fa5e64D1B7d3,7
0x2226A373D59c019Ab865B3688b0046630251bb7F,7
0xA4d19F0b395DEAcd5faD17349c2D37234a107F17,7
0x282E770bACFAe4550032aC796464CDe32f69faed,7
0x06902641aFCf24472E29807784042F46950028e8,7
0x65eaC6aa92ff49a27b3e73A1FE8FAe9e5a2a726F,7
0x7368B89C3e1EFd216EA271a0e1E1F0e0d7Df085b,7
0x6d7c767f5bf93990CaD73302c22aF8Ac9c8FaB46,7
0x295bc2EF7aA8346C57a86dA8f99FC7e73f1809F6,7
0x8Da8a63717bfC7197DBAfef29c6a379dA6F9018a,7
0xBf022B19A5D389b0129Bc6D0856051aD4838f986,7
0xd39785493E981ff6dbB7a8959E468A08541A41F0,7
0xdfC31F3670E124044047df43AC9E38f630213aaa,7
0x30790ccD8d366552484a27BD0f42E9c980D1C3E9,7
0x91E543aff088216BeFEB4A9487aF7C76ec4BE135,7
0x8828bB044Fa10FECFcD208fD651bce946311be42,7
0xdc11cA422d5B30726a0E0B88dF060dCDD2524F09,7
0x0EEF09F02c52CE98E94882E2733988b5328e289B,7
0xb9c967Aa41292Ff7aFE2AdCD0eE04D302A88e8dD,7
0x02fC158EAd1BaD19985A703dc4EAb5d38759031E,7
0xa1D5F73484a1E5aA09BEC83897412d9EdCc792a7,7
0x7d46361468F88F811fd99a62621863481DA78f77,7
0xaf9c97a908Cc612d2A59c27BfAe8ABB51be6445E,7
0x7Fa3470539815c645012d60693ae10AEbE43387C,7
0xc2c28b65c7C766e9c62fBdcEDe502B5FB5dD9699,7
0x7D811130F7886dc06554043830E5Fde0D254311f,7
0xb156B83B38Af5D579816fcC97b2CBa0aF1E8dD1c,7
0x7f0f04F72e068637F5e9a39c3e89a194da55D86B,7
0x2e2D86B5368d2F16691d2A1865269Bc819dc35B1,7
0x5e158B4457d9f5e34fe03DfB13abf5FBf489fEF0,7
0x4351b28c70FD7Ca621e0FA9A977ec58Ee89d2e81,7
0x037B628d51b6e2921C85d098C823AFe33541bD6A,7
0x4450dB99260EC3140B4690F1c6bDd64d5d9644A9,7
0xe540Dd8777D1Ef341011558a09a193D9bD307588,7
0x073bd72a224946a368148399C1c8b558605D90bd,7
0xBB6a455B9807fE8BfE3fFd65332d721a3b8dA3be,7
0x2f6B67A9E7Ca9f025b786e455261EFe3C65FF7E8,7
0x4A5dA3Bd20915F61636E3Ed3146155377cb694eb,7
0x00B9EDF80010cff5B4262e19BBA35a4cdd5c2eaF,7
0x930e2B6715EE9B2354726fC58a79DBa163Db51d0,7
0x70B3Eb071B028C6EB95EF9643a6ecD3eAa823A10,7
0xdF8111093Ec328108fb2501056685c01A888EdeF,7
0xEEd58Ac14af8aacBC0776E548537D55Af68Eea4c,7
0x179bE94475C21458E5787F27e032aE6EB55e6A5E,7
0xC4130e106837730560b534D64D488a502096fDEd,7
0x15f0355619b129293aCfEA4824A00444b064Ef44,7
0x72E23Ed5f24b0662327c7f6235F5Bf64cDF297e4,7
0x59E03fBcAfD4E29cEF3218785A00A8dEeAc39a3B,7
0x7E63c76F801c5E2dfCae1dBb9B5d753afdC5a43C,7
0x45c86D9d17089b7EFAD8b69cE5dd2fc8273b54b5,7
0xc2021AD51BF877911c6728f056324fE8EAC0Fde4,7
0xDe08b780Bc44F3c6F2Ce4DE59c47A7418C7D3891,7
0x1A01e529c5910be6885AebB67c3E2B0063132669,7
0x6e77f31bC17202BD2F5FA9A51Fff5ed75aB24FB2,7
0x7630fe958a5e544581298EB4Ea3dEb51eF9CEa77,7
0x56Ca178174fADCC5647E8aA78b78A948C46d88AA,7
0x2E7FE8551847302a76C9c2201B7228fE382d8a82,7
0xbf20064C795362e7A87F6d21fe3C57Bd99e4a9A5,7
0x527E68210E9E9c5471EB315599F1ef405F0f2865,7
0x2CDbB11b065602C943862063aab69a9f392ab6e7,7
0x2dBa9D73AEa96F786C9312fbd0Cb0fC2F51E5E73,7
0x87366F94136bcCf8d127bb1C6C131d5AC89324d5,7
0x31166c2eA170D0A10F9Da9Fc539aBDf2221D48dF,7
0xAC4eECe85A06187360f43afe371212b98b3F762a,7
0x74F2c599F46c8cAA2Ee74101A336F2c5Bf76719f,7
0x9Dda18135FFa487350E01114DAE14A687396Ce00,7
0x90dEE319fF5E59bB908EB6BDE7dd1D647a697Abf,7
0xB13188412268eb43E58b291B2674621d8011CB6B,7
0xB772ad4d6F1AcCfd91BEF9b7775ad1599BD51678,7
0x31d5720BF8D90C35Ef25B2b49b82aCCe2D565aC6,7
0x0C85ce04FBf48b2c440E0fBa189508b0D4217a1A,7
0xeD86fb4B107b0725be35475Fa0AD6cA31e58d4d6,7
0xA0B36a0707E3EAD12C45F46ef9B8aFbCa33A4004,7
0x741457F25F8E13a8d8fb566646e7CCb8EF1607fe,7
0xc757282690d46b79Ddfeee49155419b313494D21,7
0x111c8909072c7339E47D38368D416F8FB39d8191,7
0xD078073F50edc5b59b8C28837C0f33bB21a6Ee8B,7
0x69d7087e2099198666a4FdCcA57Ded525BF2b794,7
0x473E9efAD7140f5675B9A73A26D38cF9D2d26Bd4,7
0x6433fd0AAfAbe871bB44572d684DdfCD5D9d52B9,7
0x5Db3630c63D862BdecBF9FA1Ed8021d7f55287Da,7
0x591e167257177501955D8DDb511304552a86e2cB,7
0x9E6FD664132522Ce3ae5dB73724d7cc5f0193e7e,7
0x45859319D9A362f2146d0431DC30aB8f0ef1Be73,7
0x797C59688F2D511ff633433230d305e19F8cB91d,7
0x769bEb5bEb6DCFf2aE22e81795669d1FA385D020,7
0x0a72E3504E67C058b2fADaa02C871Dc7aC34E751,7
0x98D6716059fE3e1B8a0808d85FE6B9C5795B2E7C,7
0xef4b1180961a50807c6E1ead073aBe3e26C183c2,7
0x8b007d95cEC8Cd06293A0EaCc9b2108dDAfAfD91,7
0x30D00eEe6abBF2588437D7b9E80CD7F3234111F2,7
0xEF2b6c84C82D4DB1B806289bAb97285212A83843,7
0xd4656F33963376371b4A6B7478AdF1fB38fc20C3,7
0x2cad6611A989f1aF569d03a8Cd80De4263B1f91d,7
0xECe56694505E1faDfAF16cc53306Ea45F76c3a14,7
0xBbaEC5458f67197dE96F2CA3D94d634316c804a9,7
0x2584D9B4A3Abb4dcD76e5c0A6654897F7a7E3c0a,7
0xF39F35f3eD43b2c2525c28ea17b7b6AaCAf1272a,7
0xdFE9778e0858A55C635Fd3540976E13d89ac5dF4,7
0x0F39a234676A145a1A944C6666b500ac8A16d74f,7
0xB0fb231c58Ef465b720e8Bef705C0Cf0FB56572e,7
0x1c973Fcf9f11daD86A965bBC757f7ddcDDaBa153,7
0x76F799c6B66689bfa6b5b6f2CcEedbb269c324A3,7
0xd34cE446Eb5a576D8F6532915A9e406d527Aabb4,7
0x6a5835b079E6197844baA747F94Fb1ebD98aaE9a,7
0x364056980867D1655897299889BcA4E7D465b395,7
0x3ddC07ECDE02A1D92F70e88551d9666712A837F3,7
0xe0BA7081CdcB4c5ba05496Bd6a63824740B786Fe,7
0x5D2e73DD5A395384961d60982A64CEa4Aea2dcFE,7
0xDaC730e43A43a13DecFA567ac012AA8cb83fD17c,7
0xf1f5EdfD50d35CAFAD8852a100869ae2903dD127,7
0x9394d6e3c5cf44621a3f4B078F193A66c617A8bd,7
0xDCE3133947b666c344C49299ea4599b39eaC0A71,7
0xB2020619B40aA268e3e2b6D6F6D7271bC93DAC14,7
0x81fdd17466B209BBe0b0D02934427a128f64b763,7
0xC7e223976061bc6BB9c9b612ABdDB36e82932e1A,7
0x2a25BBbb6f6f6C4E514957E5fdB2BD1222502ADc,7
0x8b2244bC61c64c2F5BF90D43C3B93ec73C786E3b,7
0xb26FB6A5E976Bd311eB2557A5FcdDBC821669Db7,7
0x5c4C7f7CF710302be5ACC1ffDa304BDE312205B6,7
0xa7f593C77299AE5Da093d6878E51e3cF529B2DFd,7
0x61BE57a93B3cE643e8662446e8c4572BaF67Ab4e,7
0x4F97A3aa19d2a274a96D67B8777F72cc526F3f4c,7
0xf6D21caC4D63C7ddbDeB8d012b3A6dd06180ea67,7
0x4381EdE38e1B36460B216A01F8725970c59e1b78,7
0x098Eb7A11cEAa5F53022144E9A3c15604300fFb9,7
0xd87a9F358E0EF81fCB42398899eD34FDCfd18256,7
0x016D933cF92434F2A2A4F6Ae973Adec154Ad2d69,7
0x57Bbf050D8920E133869949C0C3803AFfc4015b2,7
0x84Ff1226dE67066ad96854760eB7410a46070ff8,7
0x4B83c3CAf46c82a2c755242732a28FD296A9Db4B,7
0x312f1f29870185a81B3b9D127537475F49a273c6,7
0x388E37696037Ad4D8B6777577471fA7e75bA7e26,7
0x372570802335134b5654b41Fa5eEF84548DB4d79,7
0xdfc0dDf4a51fCf802C78B861D77B0E5E36552Ca0,7
0x3313BC8138C2e672905c018B303ebC5112794c20,7
0x84c9c7dc5091AD2cd6a196Cd86581D3A71D551fA,7
0x1BC8225ab022c8a7620666f3E975DC363532c231,7
0xd020DcD3ed9A57554D98EB29C91f1746b40d22DC,7
0x09C6230e43aCDF4aA89CCAB18C5cFD3F780459B7,7
0x61e61AE4fCefB8FAc53cF628B27e41Dc8C7e64b0,7
0x2941884E7829ee1d7806d57B355Da3cC37deDcb6,7
0x112f0174E51F3039668a9df8783451772EC9DdA9,7
0xe42c62D297Df212E96138c76C91df9e1Fab0f99b,7
0xD752b313E23Cba7d98080Ca57fC2d5C84A525652,7
0xA88882C2833cd62a233c15adD793dB811b708075,7
0x2b71A9ef572e8954D1A96c81c27ffCB4DE583973,7
0xB5621158e13134210F0Ba2De8C88dC4785DA6684,7
0x0E7c3700B3ad9e741D787eC1dF337A6c71D45b57,7
0x7db7d0FE387e442a93D0247975A00AF1Df8e052a,7
0x4d41E30d21B61DD782f8D08c2f6b33273655CE93,7
0x29b85b666a45a50C358FE5e43fBbc9FF1bA792E1,7
0x66D071A20d7942767739BBca130E08e4848D12Bc,7
0xEBCd250474C27cBaD3C56f3F34e08F97b370AC2d,7
0x5d2b6a03721Ec823015EccE31e8173Ef40cbD369,7
0xF4E57D7AC8670437428f67Ea8a0673833124A32e,7
0x62B8e69f9540305cbcCE6A94830597ecaaA8183D,7
0x7b1E8B4C96982D828eC3d99bB4D5951Ac62D94a5,7
0x40fe776230C96619313b1575687880007E64F3b4,7
0xC0d271471A542448D2AB34b0e142e8971adE0380,7
0x920758043228AB566A3E7983A8864B698Eea5403,7
0x2e2EC7a02737F1E3080B18Bf26cD9EABAbC60fb1,7
0x7526f716d2f22288b4AC3be9aad08CBf2c541f45,7
0x9Db824b0c0AB80D358811F01453989D42d46B3FE,7
0x278630Ea82E0De47848d59686A67EE53bC5AEB1e,7
0x2E0707aBC1C767B20c04cAdf893AE48FE9Df9b0f,7
0x012a5E2AB2D26DB89D50D625E90b425e58356280,7
0xc6807ba1D89e6A0ba7e3c4B07BF763d9a9dCdf75,7
0x5e36B9EAE998093ccc8c688c53AA16ae04405678,7
0xA9551E7424127648bbc7EA2b0dC78F8C6e023005,7
0x13DD4bC3fCDcb690689Ab50789B31AbbF93BE6c5,7
0x35EFE6F151786f9cEcf8B952f09dA4F50573c8Dd,7
0xa31A6b79169C7d268d2D7461A8b65a0D6d522c58,7
0xA0ADf945c82adEe6A848E902115555fFD0b21b90,7
0xC83FA6A9536E48194E3e90464F80Fea3c843b8fB,7
0xFC7c1D00b2eC6d3653E9De72590684456846c53D,7
0xBf1e5F1808C47E50d3f0E99E23c4Ecf664FcC594,7
0xC65e25ca3ebFd1D0c09d4285BE61d6B18CbDbbA3,7
0x34cCD31DA601d21276Af5CE323E04e44A0512002,7
0x982a0E09cc6CC4465590d76954954f17Be5E66Ff,7
0xf6958A622Ee89f77a9BfEe71fC839D3Aa32E1250,7
0x814CD1101f3F4C9835E4Ea0c0D3e5ff278b6e4Ca,7
0x3d7505CB6e263EBD907E3dCC49e98E0fF8e6406B,7
0x05e20721d94f5d6b561b5Ec307Aeb6c928a76DE1,7
0xE175761EA73aA341d8E21168b6946A03bBe27D28,7
0x0d705B5c69785B4E1fEb6F776aEdEb5383e114Fa,7
0xE1517a6bfd2661Abd6bD2412bf26f95474c0bec3,7
0xC0E284F6DD562403B519224b1F9655E0e1BB4Aac,7
0xd9eAc743bDEFE653b4E026324D86C94Ca54b0e8e,7
0xb84Ce562f6840e44403c7e43c46E3124226c87b4,7
0x52cdf8d58586f86B1E7Ae3c233E8F84C5aC46cB5,7
0xc9E1cd4278147FCc91B44Ab12A77B129b726Fb29,7
0x0aC468501220Be9F9E9500bc0d4C36aFD3BEd7de,7
0xEb38b36bf1B1bEe4D68610Cb5CFCe4E4E888D981,7
0x506E691eaca1513dBBf6C3bF97dda52CfCCFbCDC,7
0xaCE53a85465a55ee7b4d45A3B023494BFB0c5949,7
0xDd26257a65A8e0EA550Af84bcAAC48d227DD056F,7
0x72C3dB6F7Bd291F61C7f886404c2fee3852ebBc1,7
0x6C65599ef895F6Fa06f2FF1ff5dC27CFFfa96db3,7
0x7d4053510C0E2cE0f127cf890FdB84F1A36cDC6D,7
0x200f40AD26E1e7A374378F0Cd746B93899D928ab,7
0x7185F37F81D132a185C2f4d19b8108C4a705bB3c,7
0x1e9f7e255F5EE76241eF593b390fFe87FF419079,7
0xF87Eb3A8457Ae4e42AACE1733FC321d9D1A10678,7
0x569a657715B4d708B239B31f1815Ca86093a671C,7
0xFdd865dd901146f9C3dd3Ed4dD1a013a0A8EAe8d,7
0xe5A6DF02bA73FBE067f74353d6E92078785f38ed,7
0x0c035492f786FFf8Bf618a385eeB2ee1DEF246b0,7
0x60a151d00B592ef23d6Fa85E9ff3e7D9698A63E6,7
0x3A31d118D3869c77EB75A60B3525Bde9eCFCcC20,7
0x6faE2d8C135844f3a3B8328faCb1AAD709Ce6Ee6,7
0x31a224D9d85EAC877D2A177ce8F84421A086817E,7
0x8606D9A8e219CA642E27BA44F0e6B12eFA1E3545,7
0x45F5FFEd45aA4D8384873EDd02ABA136A79f3eE8,7
0x5F309A8a3b3070188e412772D62F0dD7A72b70b6,7
0x483F6e10c97B17b811Fb692B9f058F8a7d7b40fF,7
0x65aE86E279F30fF0CB970B474E9e92E179Ae123f,7
0xb0a8B427EE85f03bfa78D278CCe007Cd90B31AAb,7
0x26F381180b6694A516D7153504aF4f4eB15A3F15,7
0x1312572Dd2322eC143b56D5f2aA2e755E41BaF35,7
0xD391BAef620fd1B913383616701F4A0607EfdA4b,7
0xeC5897C5466558Cef257401a92568B543aF6a864,7
0x3441c4aE7cD4FDEfB0F6A2A4edDf423631CF6fA3,7
0x7a0FB632f86a8C8236aC8960b3a9cada3e7E0B30,6
0xA1aF9C704783F887dAe66A09ab123AaD6373df9e,6
0xb69ADef1596b2b0f600452581C786E3Db7B87De6,6
0x415799b4Eecc6D561d7Ab97bBD494d469e1155a2,6
0xAdfa6eF1D6223225FEb30478601f69105010492E,6
0x5A00e8683f37e8B08C744054a0EF606a18b1aEF7,6
0xAefCDA6b2cF4EcC7A7E07099C79a729a7c8b91f7,6
0xb1Ee654Fe244379FA80487eC0687E2cC16BCB435,6
0x2D4c68C62648dcB47fB44997EfE0906f64A7074d,6
0x8D1F338F8abd714fd09ec13C100A0d7dF693cd5D,6
0x47400da4c778655E7E8b4c72557289321Dff098d,6
0x6522fBFf34E532DF916caE19737feb5759ca26CD,6
0x32e8C2F853b9348bA6dd2F9c9E280F473C42a47E,6
0x268EF519eDBf507Ed9fF31a3EaE96c82cBE1bb0b,6
0x6F441A5c95b890310D47F58736C1F60c5BD56073,6
0x3f17502dA0ac0235eD5CA05B621E73bFcB0a9B0e,6
0xd48d4F3E8D226293046E7c6ebA8cB04D4cD89821,6
0xB8b573Af3AF72d19AEaf3208E1476326e0b5Ff3F,6
0x1C396f3d36BC0F94fCccF5D1FEbc0fDD218aA40c,6
0x9A1636FE4634537aeF315b26F914Ac53345A50C9,6
0x8A3f2aCE8D16b437F89eF06bB45602E70Ab87a00,6
0x4d699138E3185fE5DefA19b73aD65774bCe001BB,6
0x1e2C165400D6Ea634771F4c2B3892515a1b6725b,6
0xaA8e5155b2B2da30767BD98561069ceF78886b99,6
0x408570441054B712a9F8b4c96101915C75e3f044,6
0x45a1FE688c01CCfd4606aC31D1F7b10FE2aa875e,6
0x12846A6Da4e729a6B5c33d32F93bf52EE3CAe8C3,6
0xF07478eeD068E378d736686D9Ad0FeeE539146dF,6
0x43e65F8116174d1c38Eed3545d21fC37ea34B565,6
0x8d5C1d6727c620e05a696D591464A4CDBF25b686,6
0x0d61f6f25E12d74B8eA7bC9A83526441be832F61,6
0x129b5B4a911315c136fBD758565131b24967de65,6
0x3BB635727D963b96a5de2F58Fa8804f55B0Bf6aC,6
0x93CebB4004D18C987a0F22CcA7877A41304Df519,6
0x65ba7A28d127704A20727918423AB5B7e62d8A4d,6
0xB9596fEa763C6f0C0656F39c7f058C5870c2735F,6
0xe0d817c734B963231a827614558D98b75F67Af02,6
0x1aBDA7da6093D9EfC24F6116Bc7e49cDb1808a31,6
0x99296D7bF38a73e4F7910b101F5039B8f395DB6A,6
0x8CE89035f97d61fC4493dc2f3f8De717e961375e,6
0x7BEE10a601D3473C524e4E5E94f1DE2911f1Be12,6
0xAE1c825eC8fD25f117FFE8Ef6d3eAd6fcbc6469E,6
0x3439FE9aCE41904456FfC64baF9612b57631ef20,6
0x5bBe136698d98AB6389C3356368399408F1f459E,6
0x19a3EcaC7B2C5D9CB382dcCc605358128B93f96f,6
0x2d96276C369Ef03522e804Dd6d443A313B707316,6
0xDc7831919E92000242dC64E6C5A5bbAaBf214094,6
0x95B040599Eb3Ab880A4291E38b0598cC33993dE3,6
0xeEb5b86a60269BB60912aFfae09c828F00147A5e,6
0x1A5F6f16B81627fF22C36614D7ba59A4EFC2E206,6
0x593B0c00078A741eB440c7B9Dde999bdD40Aa1F9,6
0x1ABa64C3535dD573ddAC5B922ee61E158B99F1B8,6
0x98406E3f6A65910bFE11385A8a1CeDDcEEa02546,6
0xd6C3280E7b610b58EbD4C36Ca707D717c2683c3E,6
0x3CBF9c915146221BC0038722a57B3fE9D73893EE,6
0xECeC63d08056F157350b2E28BA17D2F5C2a1d5Fd,6
0xba06deFe02D820e5F04694e808A1e52254BD711C,6
0xA2c0905a8a1E66CC1633D2031ee21B18D4A42fA6,6
0x7EfD98f01A75Eba9E9E2e51abB94b74d0f03adFc,6
0x3122015De1C89E7447b9F5C2AFd8FeB28111Fd58,6
0x0A10D65bF54be96F0e6D93b40720e4420D9Ac946,6
0x470Eb91df919BFca9271B5d254d99FeCF7352e22,6
0xa7Ab74309974C46269E90b001a9a8858172a97b0,6
0x07837D40f89eB13c4aFF62f20420129a9e92a646,6
0xc560Dfbc06927840cFCDcd75C6662471733CEaBf,6
0x9C9848CA134FB7F6e08472aF6d2F1f9529b2111A,6
0xaAFf1eE99C147DC7D021BFEB49439100ba295FCa,6
0xfF4418B72e91C934f55D85DD0783fDF51305D9Fb,6
0x8c2BED7b4b7B6F9FC6851E9Bcd6c693e7A083D93,6
0x6B2b94B69F03f3B3A917778e610F41F1318A5bf0,6
0x49838aA6c98260aa1738fbef639f9793333a5B60,6
0xA406c626232454838b3960A850d92A7aF1214599,6
0x52A9693B4718CbEEa7EcF7a5A9a9A6A0Fda5f260,6
0x7e44f0efAA3aB5Dc227f9F38BB32f0acE2619F78,6
0xBd236168f56Bfe4b0F82f033bDD80D05F688FD48,6
0x91C66975744E8d8a503132922dE1bBF3300cDE37,6
0xD4181cDA623bd99654ffA8E1fA0f26A6437F9F64,6
0x737295EB79806ff69Ae5DD67e8D04050C42f25D4,6
0x9fdbdE148Ed2B4EB08ccD20986fCe0eb44559c24,6
0x8b458561eCaf5197000b4dfFc5757800934f71EF,6
0xC7b2E791ee0491C8DF611d5CcfD87B17a0cB9897,6
0x8e78845d990B5e101f44918bfA175eE1d8e70B87,6
0xF1D7561FDaa52e9bc783F4bdF88eAd334afA2dCe,6
0xD2b4Ad96Ff7a5A908054f92799D34B4C0733443C,6
0xb8D21204Ef6799155eDe6B188A709c0125E2A2e9,6
0x41d4a1444b457D211FA8e58e51f819d6C2A4fa82,6
0x4b5CE31DCE36E1dab6500366A55a1F4A139dafaD,6
0x003c9f72c550FaBB7ac70493d5cC9A4fe1702770,6
0x04df8C1cBa27019eb0e7aD6DC9927d02b7c52478,6
0xd011e3875e3D0229b0E186E64295aa47994c40d1,6
0xDBC9C696Dafd0995F129c81EC7341AfCE6f54D88,6
0x2e7e0E27c43bee6660B8E626Bae0F65E4758a63f,6
0xc6F38CA3B9F12a7C9B17c6d8E832779adC4F548D,6
0x4cC78b26997E1b0C0Dc92123b3508c158Ee39910,6
0x864Bd6C4aE68b1205052B35aA10167a57e08EE97,6
0x92469f5f4dB56Fea88C34B86C7940435D25ee4e4,6
0x8e1343508cbA64EB1AE15C17182685b4e38F37e1,6
0x1d6fc8DF2fCc40474D55a42d1c04FCD9be9941ef,6
0xB5F499BC7E0120F4835A958FC9186a766b230db1,6
0xcC9b97650541cEbF75e2a5dB613F3788b810Bdac,6
0xc6d1cAB8aa6c6099a4dD7352EBD4B25521F6C79C,6
0xf76bdb8a7AfE294719aC9ffA1C394046AE35A0a8,6
0xb8A7C430A7934e83C160f3067873fD3Aa2c8abB0,6
0xAb5aCc4E241cE7D533B852AEF548ab867F589459,6
0x8B147C4dB4e2616C0bAcfb29F5C61589BC0dE4dC,6
0x25e58696FBC8eB88301Ee06a57f77d9f0715Ec97,6
0xb6d821D56979B4424B8C43006d4019bd81931F18,6
0x7B69785643C0428E74659c9824d85cE0299a66D4,6
0x0fEA5da7eCFfb55cc24289587533f572A84f9C70,6
0x9d1D2b1c4DA3A828ADfd4803d8d52e3ea585A743,6
0x77Bc3254419072c5b554700B4d1C4f4C0c772Db4,6
0x9dd711B0cB4430F429231E5Cb9940DBD1952a36f,6
0x920200D82b0eB6996877f8762De4afaE9e2152bf,6
0x006c77e68d2cE85db549BAC376b4C7283A332447,6
0x162AD50b8fedAa690F70642fB697B05Fc4e6328f,6
0x11E14b7A383F3D7B82dD63da8f9B6B4D6c392B6e,6
0x703518C0B200F99FEca73743693B96F3F2d02E90,6
0xb16fD9113C315861b0E543c075400dA90451CfA6,6
0xc45222966EfFd6F6c8B87C32737975Ce9F79D6EC,6
0x96B80ca294263c7E05050C9885dEc4c124b667c1,6
0x0D550091dFc6dCb6049a083B25B58CfCc0a94f6C,6
0x16Ae02d19C5FeD4407BCE1453f33FC191c8b48B3,6
0xA9587e341B7E178D505F37cA42127E454700abc4,6
0x3CAA4A004F6B98936e42187B8cc99Dafc3566Bf0,6
0xe9ce25d8C5E27E998258E49CaB3E7869920AFaFC,6
0x058B78Dd16cFD9f3C83bE1860aEF13Ab11821302,6
0x3c2b9d1D72c3ee93F00164b6946aDec69d56AC20,6
0xf705Cb1501D04462aB7FF142F1F0ad198175725e,5
0x3caDa286D74Fdfc0C590DDDC5De6c2E54Fe25130,5
0x04A0a37e982E84893612980fa8d6adb39a982b2C,5
0x8c57D1Fab10D4B78F49ef5C6ABaEB76a63710f61,5
0x307ad7472ce2c9667B13937d369eF9438A88fbda,5
0x00E7a1181A32d03bB17f34F2903FD86A4370027b,5
0x7D846B4d6147607d49E37BD1bf3B1fd40ed3a39e,5
0x4215a881dfA38fA2FAced28778c9366eF3E5FBb6,5
0xd7F4806a4200801A59332416588Ff41694F0F5Fa,5
0xAdE6209a546a20e7885EF20Ede1678FDd3e9c2d2,5
0x9EC5fCEB76b0BCb2F8277EF703f546E2D8A72Be6,5
0xd49E50089104826d54753ca616998461F81e54FA,5
0x1De956c7aC4fFc0744Df5ec9b4751ccF8cAA5568,5
0xD239AC8263BE689033587Be10F6e39237fCe6DD7,5
0xCDA50682660318C089Aa3d1F794958A231586275,5
0xdC065fB9bd6D5D6651E257E5799Bd38Eaf005FC6,5
0xA3Bd382bc41C6F76478B682CF4fb005b01fE0049,5
0x320F879A382E410D3361fff2F8ffdC149ABFD6aa,5
0xCE557bB2EeB69162116E60472890503b9da8c5A6,5
0x43c48Ee33b3FF0e39be9476e41Bd3D1E37f2CA66,5
0xc036bd59C47207c52187D2d25195D9219d7789f8,5
0xA0c5fE75D174B7bf3105dDEdEa9D16adbDb4474A,5
0x94db828F971919dff4097E0D8970329CA5B95c1f,5
0xbb4D885fD41c807e8eCC2dD9e6295a7F96Adb0EB,5
0xd4bb9bD38319E396C5A1B7B5d3DfB0CC871a6579,5
0x9C98f6CA30F3FFdaa641BeDE9ece336A8b806693,5
0x816E24cf309F2b4C650Cc36Dbfa16129C410949F,5
0x2B062E868df35D6B9749e3d9062Ab2313B3C1a5f,5
0xf5DdFE9F5dBA6568e9078f4f7889947aAfEBD3E7,5
0x082baB87D24c1b24C17A2FAD673C3e7f64BE1e29,5
0xf772D196f62e248A515e784Dc9043A0c12306A28,5
0x209e39cEEdAaB165fB41E3c29BF3123be9e3d196,5
0xCA119907Cfd60C35E8EEDCf99B1dB01eF8c179AA,5
0xC3d43f8E008ccFf959101b8d0d26562e84d2B204,5
0xF8d203e3FB0F36a3BaEE5413C270eaAB747DECE4,5
0xD6A11A700a96Bcc99CD0026562B11B03383043C0,5
0x66633Cc6B84CD127A0bb84864c1a4eA0172469A6,5
0xba4456c3b45614b2b1Abf9F05CB837a3015882A2,5
0x38a0C07f7288872Eb759534AF7514960A6FCC1a5,5
0x0Ad50C58D425a264105D826f65E9db156BD864bb,5
0xAF956E083307C89Ff2bAD70AD15E923531E0A402,5
0x2059b5e2754C780410255e415656ba2be546a469,5
0x253f422811770197ADFA948a925A93b93dB0526C,5
0x5174415E38A66BE7F84B9B3bb1FA8AE84dE10e45,5
0xe886E022919ddCd8e9Cb3D93e25C5a13892c43D5,5
0x0CeB1555aa9E3A920C30a0BdB0CB74a56c0086A4,5
0x594176c99C8f080a7e5AF5D62f8465F5bEd17fE0,5
0x3aD9a7Ba6B737a53C86D3264D6c329154b9B4036,5
0xb47520aEA870C3fB9715C15fDF255C435F08c6c9,5
0x01D8C737Cf92bAAd532a9F5D5eFb3193d639A9E2,5
0x7e77BD0e63ab0b9b0a1935Df2fDf8fBb85A228C0,5
0x4C2A2D3Ea95e0b903df3063A648eAF7F477849D2,5
0x8B2D84AbEa4De54c8dDa04537730948d51358788,5
0x8b9C595142eFF03F813A7269ebeaEC13612a6113,5
0x0aBA973bA5Fac4Fc20c3Ad7047fBC992611583d4,5
0xD779a7eDEcdd3841C48933bAefe6A29CA52DfA3C,5
0x421BEE479EF728f666c97ebC9C259219e36A1D62,5
0xcFea7E948C0215e46DA3327A8b505aC1C2CAE6D6,5
0xb83b706ea051d2e7b9BD8C36a5897Ce40c0ABDb5,5
0xc9e791996Fbc748DC6f5763488ddaDEd4FF925d5,5
0x40A1a877ec23e8A89fc8fa23930E2513c0f02Ae0,5
0x059F825206540feE5b529091c594a8809B0cF218,5
0xA92b32011Ed8a6c94cb557920D78974D33e52272,5
0x9C01672bCA7C85b7D0422B8cf93A1D4794DbF08A,5
0x6f2d34EB0D9c561eb6D96c09aBf0D284a63CE599,5
0x433530204431BB396D6B768A6c5a52dB6146Ee1c,5
0xe8839C5eE72026D3BEE8f3D6C54aF08C2289c786,5
0x3EafC38de5F060acDa6aa32BD2da3932DDa18873,5
0xAB05170458bDA3458Cf3b5554AB706851FC73219,5
0x898E7BA5997Edf98aC95E19a2D8dc417Fbe80621,5
0x17a120e45C102319A60ca24A76Ed80a1f717E49F,5
0x72019BBC256516aAe8E8021f792433156FF4798D,5
0xb2bAb398b9772e0AA7230042a1D39a0694bd7FbA,5
0xC438B2CF974de5F8bFe2eF1e39ed676D7ffcC538,5
0x50f28fb44f6A08cb1D828851b54Ef41Bb366B55C,5
0x8615B8bf02DFF79Ff5aFbB0acb097203a16A9AEc,5
0xf8c4F1c2cb57a246337467082231279C8428f390,5
0xff611423A1F2798A61441304Ff26296c697A7421,5
0x65FFACef76B382f7EA6558D30aB000b2fa464D89,5
0x20313BF6f3071fAe1F44E23f1aED6950030BD1Db,5
0x489aD79BCbc9C3E2F68B864eD04134D1fb7e8032,5
0x89496eAba84524145884a26cf526Bf420BB672B4,5
0xaD69CE2A7119d97D87D110e2A810Cf042a9941e5,5
0x682A6C33E9Edb1eBFA01c18D442457e3B35A7e23,5
0x72bFB503Fd16aaBdb0c0b2aFB6FD82f2e1eC60B6,5
0x1CA7378e49bb23a0FE09bA6955FD1d88B70FF373,5
0xc5b9245BaCaD131C50239d91906908855a2C0420,5
0xcA550D69C903d905A1eB50e2eE74eC64d7E4efb2,5
0xE7eE1c3F90a706Ea81a800e8671E75F79559d721,5
0xCEf17DAf491f8Ee9A05DeBf91feaf798F65F9e6b,5
0xC5F30b37510490B494DCbAc444bd74DB879b60ae,5
0xb8a727E531cF868A8741b246428372B369944c3C,5
0x79474B7BCB3b9ff3cA998EECBadF7E1b2c37f1d7,5
0x84D69FA77631688C5D06a9e00Bd97a634330C31b,5
0xecb15fB87980C233c320cc3d5dffc0a84C8CB87c,5
0x3Ce5AE5E6762D568fcddB5Beef8B9B666CBa29Bb,5
0x3fAcaCE626D23515ef2f76D4b5F5f4d2a55AbdCA,5
0x6B61BB69327FbBAf02139373bb5c1F6e2C9bE335,5
0x351e045bE70BE6F9b590Ac56371d20DB8974394E,5
0x21a0f6cb3F16561D4393F3f715932cBf5351662d,5
0x076da8bc2a6c186D2808845e00D908bB980F3742,5
0x3B981fA5dD50237dAb6F96A417A6690B6f20FcC4,5
0x4077A7073de61B169Cb685Bcc73C83444f1b45Aa,5
0x34fA4cFB5A3e45e8E8dA545a742eAe4eBE4B0D90,5
0x29F892906CB2878FFF810C9744F7C670bc038472,5
0x360ff9CF1b3FD7732BCC6E507a2375aBA880a522,5
0xD8cec568CAbaC8636bCfB0ac9953Fad8A37e6d62,5
0xf68C16B1959a34dc62C8714c180225100808E0A6,5
0xA1006a882A452a03c342e705c40b3f3942355464,5
0x54312217E90895c5401e30337D37ef4AA55A5a8b,5
0x0736784C8bDaE3652DC19e6Fc68066fBF4033328,5
0x5aD6a4D317D357f0bFbD7e64ef17A774e4484f42,5
0x10cd9C2bE4764497E8c75f6a1827Cebd854E877f,5
0xF039dEb30cFE1483AfB7cc87f16C89ce9Bd47397,5
0xF4F027FDC16729F250e34c73A9f7a76e285bb192,5
0xB44f39c1cd2826C9C8582bF116F9d6e494C62341,5
0x6188751E928348d2e40939Aec7a22fA9a173c127,5
0x4B35A52E0ae2AED2f87D242088edaEFB2c4304AE,5
0xA80c3a4062D7C44Bb62013C547d789f1065f0516,5
0x8Ea991f3193415EC22d8f165e434687aC275fACd,5
0xf8217Db52Ade99b6aA045081347444003F91f621,5
0x63732bd61039ACC8A75ae44756e18E15E80c10d2,5
0x592fD5d5709baddba2986BFcD62995F45E0Ed957,5
0x7d62b87fB561AA18810f811586f8047B608d83eB,5
0xD465E41aAC45b6853986c93C6D5f036740427750,5
0x5e7Fc74cEB42ae098e0a25A40Ae4E9474aDA8eb0,5
0x3470F4e3932c720467125Be1037b14E5840DBDeC,5
0xC2f037167eA722b92d067c524fa1FF30AaD47053,5
0x88B0BE658E72C5518B37cE0A5625D3fD494dBAFA,5
0x6cCddc06415f66bAfd6499A189f8C212c143BFf1,5
0x865288100ff04bcB116c7E1b05156018fF517ae3,5
0x7586bFB3CE385A14e3CEAF945F9E6772235D33C5,5
0xB8D06dBBE6CAf6214D7351F108d8D3DcC0EA8115,5
0x7B24dDCF028539941EeeaF747F9B38f37016a715,5
0x211E7fc0566D39c81Fb75A6B9bCF6a55D48a15F5,5
0x6A1a45260e88c2Db356Ec308AD104be5A19Eb65a,5
0xe0b9280C599c9dEED1F81B121cf4aB6C995d5556,5
0x6C55aDfC84612Ba27E9548c78C10aB3dEaC6aFdB,5
0x517883be4fED06702FC7FFfCBF61030ad508064f,5
0x9970a71Bbd7ce3fD9db7AB2552D55b9bC90925A3,5
0xcFd57D8DC27eB747e2d6d662059C72034e5b689a,5
0x65976402E43B95E180788C394F52d595c97781c5,5
0x096C5F95AB725460DDfd5847c2ab5eBB0A90DD17,5
0x12924049E2D21664E35387C69429c98E9891a820,5
0xa7e4e3283f64A3e3d5bD6d48B717D79c3C31FD9F,5
0x03Be29388047f753E969FF0f1e5313939b1BE038,5
0x65D619d41bE19EFE6D1f6Bfb6BdC43418015b05B,5
0x7cBE74099F1Fd3AF827e676a019CF5FD3cF0be01,5
0x0ceA26Bc36eD5c58D3830e670EE1b0b9e72AC37f,5
0xCb589A0372B627C8F05Fce1bd65903875EB2c7F9,5
0x7c9d0Dbfd1A94716e773C91b156Fa82C25ebC237,5
0xbBa382E4751F7cc272cF0CB7964f24c602F712c5,5
0x4FdbB5d791E3e1157e1e464D3862E21B0EFC0979,5
0xf763c1AA52BBbC4BDf1C4263f120E1497a7d4118,5
0x3F6DFc2C915b08c2559f2Ef4E71988736cBA1abF,5
0xAbd0B130b798Ba563b77723C8e82421c0711a50b,5
0xde4b4c4fF38D53a55D0F2c9D404DFf087E5Bb3eD,5
0xBBe4ED7941f30dB11371B9c9a273d618A5F75abb,5
0xFCC82b0d204cD49911d96E335b7543bb48AD9Bcf,5
0x801FE5fCD05Ae63c22a713dfad552121F219A123,5
0xD301B0eC4ef0617Ea6044C0595184595a9C852F3,5
0xA85c512d32AafCa1c657a7E6e5693F8A51Df9741,5
0xAf440eA6ed2D862c3B7EB0C905012041952105C6,5
0x1f419142B7Ac401341Efb00c5a901C3408A943E1,5
0x9aD7b209cffE44BefC79Bd0F8de23d4dd6521ab5,5
0xC5Ac2f201C5B482697a01862da3A4fEBeC65562C,5
0xC74d4bE8d1953E63163aB66d893Fb0B0613B3Deb,5
0x0724F68631441ef568072Da6e824E1E7f33A54A2,5
0xD5f3E147bD2c308bE0Ba30e3f9A5256c30235E13,5
0xF863622b0b1eBE917bE5dD9C9724748DA8e1726c,5
0xf0131d00d50231579a2147d1E0FD0F020d2c4780,5
0x7E807b613672584Eba8699CDe58311A42F3019a4,5
0x7F800c99F25A14E1F2F48155Dcd191E6A19dB507,5
0xb5158dC43f6FDf57c9C8378E64376b3704c923b0,5
0xF55C6DbDF8597d02f8539c1C514D3F73D4441F68,5
0x4C50233b362118F78A9C8e413055d8143285a323,5
0xb0BbD5ba1558d6C5E1701f5c4593AB0367B2b9E4,5
0x65DFd614C0Ab5fcBB63E459fA7bB0E90b7D9b17a,5
0xB388233Fc7f3391C41392545bccf0909E5cf4b41,5
0x757b8564088F39e235e9E5FB57c6FEf37bDD2506,5
0x4Ef7985cF9f22Ad47BAe798DbfD9f231A9aE607E,5
0xf2DC787F600e1180bea8319A9CDb579F4a7D084e,5
0x05427c09De33ccC5732F033087eBE08086614fFE,5
0x5f203fF3A20c74bae3a723BfF8B34cDA33a52EB2,5
0xe079dFD1779D8CA15032e99C92ea628E8b9AEa99,5
0xC406C1A1D8D13C0E56267A547429810158886b0A,5
0x731d6637F4b214601bE2CBae09B8FA70016c8556,5
0xAb69Ec70B0Fe3A0C9F83ABBeB70F5dBfbf8D99fd,5
0x2D6dEb85Ac1046e9F8C2d11A88D63839AD991F5e,5
0x60DBe4aE832292F5dD213bDD430c99467C52ECdd,5
0x12955e2112D4E7A4eC55dAa1c88B01D2Ff900682,5
0x53A97F81031E72f5DD34339c1f2d87f16C9e331d,5
0xaBa5aF07D5e6A39678b998F58584d0B2aAD767A6,5
0xAA0Ea069B663948D11D0b121A136aAFdfb68097b,5
0xc565316AdD6454bBf49b2c7e3970312898a784f7,5
0x340Ff3fA650C5e0A5d4B548d7c98BCC1c0bD37d9,5
0xDF1B9bffAa9dBedBA6c0733f07346e033419444A,5
0xfe222BD8FcC0d6Cbec595d2eE000FC4C5f91b906,5
0x2dbF0999a5F9185720398453a9ADe586299F13a6,5
0x86A1a48ce033d6fDa5a19D3584988475803bdb4C,5
0x926F069A76c863dE736002Aa3B485686269BE5f2,5
0xE0697194BC33d95edD8DCb1206139B78EA6be188,5
0xBaa94A36Da956390207521DcA8493Bab196b9DD4,5
0x38F28B58Ac4622Cc254C68dD479c2FCEe5b1FD43,5
0xd8782bfE2f97D13A477b745846DD71E56bEB6AE1,5
0x74Ccd256597ea3F1365810f88125485F43beC81e,5
0x44837F2Ddb6762B3C36aB8df556c9b7C6CfA2C05,5
0x409f0aBf70Af152b0349916F1d13e525827b0d1e,5
0xAE660eb5BE4C3b14EF75b22D778F7bE7Eb3aF989,5
0x0157a51E1632Fdce3c2b948D4484E289fB97B6C8,5
0x54E801F18b21c4EbD18114f5F5fB06695246a9C8,5
0x55DD7D8Db617E34c37b43DB2e1Ef154e2558c6Df,5
0x908faCd15B6f27ACC848f578d8A2976D36a5e948,5
0x282A687b649b2209ab5275bB868DF3C2B9cc198F,5
0xFE47f3Ba2A1548557F4Bf5734781dF1C4bE1b9b5,5
0x17d877F6FD39E2FC43e84bbFaACB4bD58F620e20,5
0xa53691012a1308F6A2383Ed3c534e152300a1951,5
0x1118003aeb105955eaC012884cB07B36e76e0181,5
0xFDfc16d218fFa58742682591b1254BDDe6Dadbe7,5
0x81BCc6a163a5FE2562308E51AcB2A5a6d90DeA71,5
0x1d1DC008ef7E70acc6251858710fE2C7D4e8e431,5
0x0799cF9710b62C5a63d2ad8d06545c6b66910b8f,5
0xeDbF2E35C0134Fe1625804d50a22bF4E831522bB,5
0x0F32b522a8331890fD0d6Ef45b51C180fdA5EB5B,5
0x1d572a34171586D587d12Dd999d18DB8b8f7b2F0,5
0xf61771B1808BF37b0D0a02D52b896C9DeCF2ed9e,5
0x92986ac66de8B40FA44db0C6D04c6582fd3cfA29,5
0xFe8c2cdB21029371690ca9a6430591058C17B2f3,5
0xe8D30bBD4C1a398e19dF4654594fEf11e9e13eF6,5
0x0898020F14d8C58bA2DB6a8188F54f0aA311fBff,5
0x3223508f64D6C99d12bbF82330C1E97c38515200,5
0x511b5DA3757042b64e36cB259ec5248c163D15AD,5
0xCc4f1cb6064A69aC83A5133FFCf09217ae33c2CF,5
0xFD73d18cf5372084eBE4A6D40F19b88019317F28,5
0xdCA44507752b5c9C02795d9E2a3227924602d19f,5
0xcBABb3d40b4BFd4A707377A5D33566aE816607D5,5
0xD6563a05992cbcd95eFe6fe2131729FE56d0a9e4,5
0x6E6C1fb314af2D862dfAB0619e0Eaa0752f4b8e0,5
0x56c202807C8caf656f6818cDC66C51fAf2eA1628,5
0x711cd2D84c9329C71C1575C7Cdfe185E430F36d1,5
0x5B191DEE6A09918C6b729547Dd15ce8Eb83A7085,5
0x6cdF68C9f08E79Ec5f8834B183308a7781cE8eF1,5
0x66C983C409704Ba06FFF8584c943EcfaA3Eb4478,5
0xCc2005844AeABbd4d663f7C45C9bd1369eb062b3,5
0xfA17f185B25724572A1959FEBa516391D1ACD733,5
0x82F91ab95dD830706ceC0690D790A4ceF23d209C,5
0x0837220760AaBbCFF0F0c46ae3535e3f92C2ff44,5
0x6320D20CbeF11c9bF51Cd3509E8d3b08aC85Bc4A,5
0xb7eba91e21325d16eAe515948990fbE69e8Cd181,5
0xEF3623a9599cB59F916d189346aE02486131A98C,5
0xCB15AfDA8c59DDe4D2D7ad55D36Bf2EE28CCe1Aa,5
0x8b5505419334c6aB123Fc51FA55bA5eDf164bA39,5
0xfa7b616E68fC25c0F590b17800830bA3C2876766,5
0x133bb0332C9337c57175F62d0EAAf0e6497A3C08,5
0xFb50040DFA0baaF59ae69bb3Cf4067437652f66d,5
0xe40bBd3CD595b1B834719c3E113ea64bBAc20052,5
0x566DD0Be0e187ebDf6E81FB5FB060B0E877B2fB4,5
0xBE45117C88345155e25A7ff75e84EC51Ac0F3e3a,5
0x883E3AE4114fcc7495556e6c1FaC8836A2A979E6,5
0x710A54635f58Dcd9FE45eBD966c3a877BC83ea8C,5
0xA34f4BEf3a5857cC12f24E126ABbe752443D09d3,5
0x586DeFEB9C0E59c06148da2Ebd6D499e2A2902Ca,5
0x6fd76a04b40073B18D46cEB8a23da1359931AfD0,5
0x0b99C69c2D7A71fb372ACf2756E315A18E5150B1,5
0xB5EDCa78dc4cfd67E12760586d95977F4dB3F44c,5
0xf8D897699c2b2f9d7140F419e8cE03124488A0e8,5
0x3f6a3f6c567e54A2384bD8a986751d49453B7C65,5
0xF629232dE2B4B64151A5ee0a9aB45975f15544FD,5
0x6fF5723435b7dfC2371B57Fb5cB4c373E5995C78,5
0x63c4891C56eC141C25C1Db3e2ee07f90819a8062,5
0x240234e05d7fCd8349dc1aC7d0Ecf3829C4BB644,5
0xFDD867CC29822F89194F0F9c089f9903183d5423,5
0x4f5f385494A00737E6688f7B345144ac0a6FAc9b,5
0xA55B83A593c2b076B0A9c165090cB5363fb1fE3B,5
0x5aE1247E5B663B5FeA84311410247F7409Ed4074,5
0xC40dd2e85459e841021DD84F550645901aA337F9,5
0x02e4045724138E793ef548Bf8a82bb07f7fe3E4F,5
0xe5D19083ca3a2dd1D4ae9381d658b2d8293D7f98,5
0xeA697F0E2d66d4B94DCb3da06BED0b8E62d199D6,5
0x56463D50e1d58B2036B0Dad19784DF57D1Aa6E9b,5
0x062710C908Ec7C4A5B002FaA918e3d9F2Fb14c0E,5
0x17e78bDE92C171a7D8B28D9290d2F358755BE109,5
0xF987E07857069dcD37b092E0D91B61c8234D3A35,4
0xb1B6664c81b22b1198fA5a2FDC6d9522C884a581,4
0xeEfA41FE64f28526123a92Afe87827B6F6F4c2A6,4
0x7bae01034704381D3f7B09D3C1F1FBd17D71Acb4,4
0xAb50D5382864CeE06a764Cb5Ef4909fb37772423,4
0xF47027F3eDCb1F0b6861a25E6f3738E398440e11,4
0xCd02389AC7857Df86301bFc1fF5E0E29779083db,4
0xc2703ea9da719578d5627f2D7E5B471E9281A268,4
0xdBaBaf9d5a1a51615980510dc48160A629C88b8f,4
0x6E61A72F0a50671F0979a961d9B9454a35EC52cD,4
0x85e989F3a8B7fD10e52c9BdF0c788Bde707409da,4
0x0b493Af26Fa61E5FF84290cA934b7c85E3195505,4
0x02fC40b25e05422d940DFd4672de39AA198236A9,4
0x322BFa229446D95084F7763CEd3C59d2254C2453,4
0x465c63680F2a0B4277d9b4CEcC3f3310e531A77f,4
0xDEd2842EE66EDeCFDCF9A6a84B16E3d1A40Fb3F4,4
0x3A11198d10597B7a1788A8c6f88c0d818f598075,4
0x73456667bc0BaAaf1e5e2b25b4709ca2F318f27B,4
0xE0EaA12C606267527e270F8b7D88eC5F8F55b54b,4
0x739534AdDe5341Bd8E61092caEA1175C5A55629a,4
0x699F09Df6d6977d15d0D43336d85538B69aCcd8b,4
0x8DC2D0A7747aBC6fCE2b3581c7c0593374059b59,4
0xAc2aF0Ed1B7185e4346Cdbf439BDE79d897698Be,4
0x76f980Cfe17D4fF3e3F9ddCe2129C17e55A1091d,4
0xDF4a612ebC3A4135D55b576bbB6b78543c8Be261,4
0xDDcB91313B1744e366a088061739D138BCcA56bC,4
0x617Ad53A738EE4a678C34B98DC45605cEFf42519,4
0x5F936Ae0f736548A583838B52F690d6cDC67C9C4,4
0x38Bae869C82702872d2827Fc3CE393de8B3c6955,4
0x8455dA5Ba5F4F739Bbf34E97167f2Aa436287843,4
0xf84Bfca4A04959bB829b38Fe41A92B2933845a63,4
0x8aA192f1e2523ed09b32638b16585Fb14903f1f4,4
0x69E20D17FdC2ED47395073C47DCBAD51e5b42126,4
0xD9A83FBBC3718D751C5D3Ba14EAFf234B9744976,4
0x0792980A7E8D858F2ba40E6ddC5F7Ba77fd147f7,4
0x19CD3605D3c490B8E6a1538aCcb45D2a506DDE7c,4
0xa9F9D6b9820ac26f1350FB9099370E48fbC10DE2,4
0xeb4b1af3580551F7AcCFF1f847b9886882Fff0Ae,4
0x85B1B7d7472EB9d05cD9835db94BeFbd34F26a13,4
0x917D43Db7e44d6Be0CB26a29DF14F92fd6944561,4
0x0A9678C4470731A6967f61713a815B59E4C36754,4
0x5418c2A09109c285365Fb307632C91F093d8Cc9E,4
0x34191fB0925f866E40FBeCECF5bbBfD5E5186f0D,4
0x6E703F9264375b88791c958053Be7834eD49d769,4
0x905932ebDEc0b95fe908DEEc9D2C731d493eB4ab,4
0x0e35472CCD905339DF38aED374b7218912B379e8,4
0xF51AaB4Caa5d5DE2b9EBD58BB7f6e9b59e1460Ab,4
0x6Dd9D1e0acE2bc5802e13D1BCCA2016C8161f219,4
0x600028AB6052F9e140Bf631244C642BC53AEE4bD,4
0x93849f0780dc0A278EfDab605f315bc5b487be75,4
0x19655b64BC180742F8CC62129D2B29A4b76897De,4
0xA10a85F40cB3950Ba229A0cDc0C843eaC5FEaE46,4
0xE6E607F494D02a8a4a236c98645B2605Af1B9b4a,4
0xcFA269981Dc00e629F206c5675f84913076C50C4,4
0xCa34F9572ade52214cC787b88df6f550590D93EB,4
0xC9a226393fDeCFa0452B2E83dFd3501aA03E79e2,4
0x0f638C2CC65D72c1aecD056D1fDa2918126fBDFE,4
0x9d9C1715c66cBeE0566F509B8DB7344095D93622,4
0xbeBa3F66F4124FEdf4eFf8D5683a9105DB92658C,4
0x6e977A02cb1189dFf8917d435A19853375b655F0,4
0x10A73d1754A5a05Ac9Bd581dC0231365106788E8,4
0x313CaB6586B1B5dF89CFe09F667284091B304efF,4
0x34610Fd74786DC3a4384b83FECE9d22D1199A83d,4
0xD70973633D5496E95c6eF822BF787F486d4890AC,4
0x03626596a7996D22A5a3A04fD55ecC6efeD9528b,4
0x818DF098dB1539aEE1Fbb33Ace6BDA7DBE38CA5e,4
0x398f0d4d479BCD7743c21D51125C2d4ceDd12B93,4
0x6C87A8C3b7e5b29BAeEfd6fCB6187D2A50D59e58,4
0x3a6bCebd600A6Bac3eD869fC8Bcf4D8A1D07560D,4
0x4D1099b0a96c5F3917f455Ee3bc4aCb7D54108E8,4
0x8CF2C025f2F6Eeda1Ab548f2909fDD55fA692fAB,4
0xE2D435Be0c6A8380e55b6f7cb75a0b5E7D2565f9,4
0x5F7a9d511976f7008F6161CC75f2c924BDe1bB0f,4
0x080BE6ddb9d0E2Afa36F05B2199b06A08826EE4E,4
0x2764010bD44d29C3e6374a83eF4aC42b62d4Bb1c,4
0x78Ac1e6c58FCe2aCdF77de1479723D232B773278,4
0x73f6e57C1A581C09c620D4E09FE91b89Aa004585,4
0xE9179201E37f7B756B237C7eE878Ec3d736BDb78,4
0x91573B869b51EE0Cc728D08B88d8b808C8f7Cd67,4
0xe3D871d389BF78c091E29deCe83200E9d6B2B0C2,4
0x76806088f5b2fa37F1245ba3Fe3565B32296b2cB,4
0x5229D094915388DCb6f1c829aa6E241424360E27,4
0x5BfaCe33343C354D4F577f4EbE29e20B1c691Ba9,4
0x2D1fC47C4d6Abb030014f68fad23249257F73eD0,4
0x4913CFF514B8F77b0F1e89507E6CA835eFcd68f3,4
0x0FB6B07c2E7e9EaDa6548b3DA9997A19A9658841,4
0x46D7ACAD8CD02d1E6497cF0D6283Bda45cc31892,4
0x48126c48F9eA786E44e2DA83DE614f601AbDAC2f,4
0xAbCcF31a5d141FF9922654baDa7B415a5740B24e,4
0xF33797902a452D02F06d6EEf1ADf7FCE89630678,4
0xFd9Ae799d5b82eC2A21387fA466117a49a28603f,4
0xf838055D17759a9Ba621F9BB9160E76A0Ed3e279,4
0xd566Ac97be0aB14D23ca9E5bfCe7DAa264eCcB73,4
0xa351f5a093Fa734F0DA8eac1b72e616948924098,4
0x3f602e2eBF0A3a1d6232603CFB18C32Fdcf848E1,4
0x9c3dB91311DE3B646A3E4b23eaeB02a03826ee09,4
0xDa25c8eC25EBB8269DE3767155568E7991cE935f,4
0xdcaA85113FCCa4462907696858fF8529B6599912,4
0xB2B1f686833717068d6c8111CE2E0104d4686699,4
0xDa37D677358200Cf0369Ac51c0963B1d27b38330,4
0x16b0d2FF92fB7651Cb6C5be722a32376BB190315,4
0x0743542070891051861f8D0a4550f97B43B0B89a,4
0x1B2Ee83fb043a482f6012997C1192985749f5e31,4
0xAaf44f900F6f8431530Ff591c110613d1bC8c876,4
0x05A7Eb929209F5C1F2f08dd087b64bB1beBa99fE,4
0xe95EbACD69AB5BFE025ea96438C8893D6732ED84,4
0x5E156540978a1F1Ef032976F77d5d273Ca83Ace7,4
0x33333333392b691AA2cE6D9fE3D2E5dCF779098C,4
0x65d33f43AcD24ECb49361Eaee7fdD27eCDf193d4,4
0x3483A8fd4099939EBeB66D0845D67b6ff8eC6f1B,4
0x156AC784BaE328f6aFb6403460145BA8B029d3b5,4
0xbcD519292E09dE05DEbc063F52a34fDFfAB9a78f,4
0x1eB4F5aE6E14F6376b7175656994F58ceA565C0d,4
0x080CF7C73a6be337A2a2758a7095FF435e3dF70D,4
0x3E52151b9F13c1F73c095BE69f6CF4fa3Eac14A2,4
0xED6D93cE5C3a4baBb5690a1fA8Ef8C60575EB0B6,4
0x8974B25505Fbcf5A8c1Af1E19D61B56409F3bdeF,4
0x10495E143d79296d5222497b7245294dc9e2D596,4
0x2cf59965D7978C5E7a5712eA5d49Ddd2Ec6A2D8a,4
0x8772C691B647E37fc860875Ad486515bBF510148,4
0x33833d4C0C9cF00ffcc8A5D7048A6C5d2821aBa9,4
0x9048DB4c4FF3f0CFA3936b9e33cAE17A2e66e9a8,4
0x306b5629D35bC5D2Fbd3AB8C975b911dc1783A21,4
0xDE6E6D17c39eBee088128407fE6CA0228794D962,4
0x1960376bd83945d852d2b3965058f9fbC4FfdAA0,4
0xb4a6Cec808ad19e0BE5d2BA96A5C4faDFc77b477,4
0xA3c983DAa3288f2B15bba878A97042DCBf61C698,4
0x8639e50d0Eeed386949331Cc3b48B7a12baf541D,4
0xbFeD3F46C8c763B25e4E7a30ccF23B3153919195,4
0x06Aa626f74DB012538A6a38A6F12a46c66A8f334,4
0xc976695a56187cDA775775307194688908B00A4A,4
0x856d5B3277061A3C27bD0f1be6d3A148fDbaF42B,4
0x18C44f464f95B1791116F7413d244E3CffDE02A9,4
0x4fD35E225FF918Cde88e3bB71606224EFA69fbbe,4
0xACf1222153e2B795Cc35c57C32edD8B8Eae86279,4
0x161b1d3aB6cFd2b9F42Ec758FD5a9CEbD0808952,4
0x060709682ea5C3700b034d48a37a099bEc82Fd18,4
0x686D6414bfdF9a330365035aF533F9772aca76d7,4
0x3f4C66b1B4Cb79d4d53E990A2Bb78b3d502a90fA,4
0xa056D660D21FF59a52e2d9Adf1eEfAFFAa875814,4
0x4db405e0b38899CAEe5665979764BDbe43bef1bd,4
0x18E55b91E51fCf7fE3aF445eC35F69418A008EFC,4
0xf445CdE6AB8956b28cAb74311ee8871688120f22,4
0x08bf7233fc749a55aD990afbEd3e7adF03b2b9c8,4
0xF97C14e245c94E628145CAABFD14d73b2FC40004,4
0xE27a45d6091512Ea4C31f7d387Bc6B5285Fa3Afb,4
0xEeC62edc33489ca70964797e16A894cD649427B9,4
0xF7d36A57Cbe154fd3d9134CAC44AB49019180E12,4
0x14d0f956e40a96BDF89c27b8c6Df0130003Cb7De,4
0x4Fd556e95f3901e11a63F8d49D35a12Db577eD4B,4
0xCc3C96e77488DB131b325eD183972Cb8530624C0,4
0x28c1e820706d946a7b43F2c9b79427fB0522eB64,4
0x26a3e7059771bb0609f6412084e44dEF06829E72,4
0x3dD4b549218c3d92ced06D3d3729169b173d0DbB,4
0x204E8ac57C1DfE498893042c628b0750EC1C2eF1,4
0xad9073F8Acbdc8Fa0B1de2C7B8Cfc22f3C07880C,4
0xa1585B63B3C8900B0B0992F01180531CbE018eeC,4
0xb56472A98e93F31c7eBAB0bA1380344d985f64DD,4
0x73D23087Aa9cCAD29A92aFCC8660e817ADa44894,4
0x325B38bFD989ed85079135573e0e361ca7A2f44E,4
0xABb922EDfF04343754Bf1565D40c0E0bBdb4A0E9,4
0x98D3D44e81FFfa4509d60BfC6c35299F5fD71502,4
0xD0E71970314a72e73163097b99687D573097053b,4
0x3c244Ee876afE9f55117D53Dc38B462DF428849C,4
0x54636118D356B8BaEfDe986CBFA176572e6D352c,4
0xC2D253146E48e5593d76D3975481D35bcc389623,4
0xe7745349BD9F159f284705B71A265C2b3ceC7829,4
0xf18781657139A09dFB2cB8f9cFe75337338af929,4
0x14EC800f6576b111F59209919D6B363eB1Ba2124,4
0x0dF68a079D1294dEFeA239c9EF8C6014cceF3019,4
0xE359eFF26068b6134395857DF5AE61eC1a3b5560,4
0x671C46137d3fAD6dE766C46F9d20bc3fb064B009,4
0x23bBD657863FBc80c32925CC6f83e09EcFBe1573,4
0x8b36EA942aA14D6696Ff5E5393c54D9ae6Fbb342,4
0x09872Fa1d78dd6E879f6CB0A6075324995dBd581,4
0x1Fa696000B3Aaab50E2DfBb8857FA841F27Ce1F7,4
0x49000B54784C0359A9ed744a5f3505d39043e451,4
0x2fDD6cA72F6C193D26843992095BFdD01bb9abe4,4
0x51D2bF026Fde1Ce087c178d9cE3F91FdEbF054E6,4
0xdC5b31801e855fDD26F83bCB43AeA13563d0D54C,4
0xEFC40d2a2bDF6BC11a12588D254ccF129a7029Cf,4
0xA1eF29a71056039889362D385b1Ce2CA53AF9b22,4
0x290dB8d204833eA62e25D581cBB472CFe09B876D,4
0x05217ab2D79E3971a0859B656211c9C825e5B6e3,4
0x695aac8Cd7816bddC21013f72Cf758f39FF9347A,4
0x3eb21666f8822BEb3Ede687F4b1147bf6EBf6a25,4
0x0bd49022a4130d07b072e2a1Cc84D51Da1228618,4
0x325728B3aC5a0F5476DB7Ba83613668ab18f68Db,4
0xFA0fa60682CA9E8cdB1266400b65edDDebE3C7a6,4
0x19529d50E2610eaa2d895047Fd0F3f2dAE675c0f,4
0x2c9e70dfEB48aA32B9aD7DA92e79Db921819DFC5,4
0x101c14F14F97c637f5A3e91E705EaB8CFE95Ecfa,4
0x157Ea7465237654286Ba3FdfAeFD145cafc8859E,4
0xDCb388aeaa014681e70f06D7BE950d0F25DD0C5e,4
0x8d29ce87677E196Aac0383A53aE0C32376E61FA2,4
0x62A3Af6Dc474eB2BfBaA7160BA02a07Fe57b8705,4
0x717d321d823066dfF41487722C7C1E95Bd103866,4
0xFBFd1858e5e1923E71c5d9cb90d4e742125650a5,4
0x1FF54110f42AAD649cA5f32b750958c36504D627,4
0x489a4e0B523aa4BFa82C641200eFa7aA75C3a3CC,4
0x27320B7C5e01FDb44668437FD0B9C619Ed1A3C00,4
0xA28416E44306a5046F3113D53708EaF36151Cd28,4
0x1421324707f7aFD4aB89412f710b128209251b49,4
0xAb2B8867a18AD9efBb42A4ad4f4574fE7C7D5084,4
0xbe196EBc6fd05A6F86737aB73309E84DFac4A7e5,4
0x99e0D8B036CB00d555853b6fC6559c2643EacE7a,4
0xB5BEaa46A022e84ED944E44124b59bA5BE2090A5,4
0x3D460Ea466b623E1Bb0959733135d38a812286D2,4
0xAF7018949329da2b09A273e1268d9F38615F92A5,4
0xee425Ce319b3F097301a415bC69752102Db37ADf,4
0xF11a99EFE2453fAE8C26B81093428c2C9A786925,4
0xd498f99BAfD467C5D06556D433Ba89e52686F74b,4
0x82c5B52CCEfC6e2fC0a03871B70d9f0fbDa46d07,4
0xdCFC34dc307C489Ef7a58216875AB94E7FAAb340,4
0xD0AfDC1F23e7DdF563cCb604C7B0407cAA952fDb,4
0x556A257F8Ef54Cc0ab7EaBBfC74302047F528A6D,4
0x7e81eb3206D770A19dDe05d11275D8CAD204d5a6,4
0x9E0E9CAF794E039CE3DCe292EE99345F30879680,4
0xa7F381A3f059db523f5987C0b2C6e71d7660a23E,4
0xbc35FA8dC01E5E64B4bDBed22Df8Cf581c147659,4
0xb67B0CC68E0d1CDDc604aaE07a1A1201DAF13062,4
0x97568d242AB0233C55D992aA46cD41E7311FCc14,4
0x895eA5c14E3F46D5718aA9f74b76f7e127E1B3C6,4
0xB2512061D41aB7B492c8B4f9a7cDB7bf5498026d,4
0x76BBAA3B1B44bD8Cd5185fDe7bdA99396b04Cc67,4
0x29168cce1A88138e9cdD3aEb509F1DfC6E21a857,4
0x4cB594C339658DBF7A7534B18C182Ab19CD23eeF,4
0x5CFbD8e560CD62c7a235B8104253002BcBfF0329,4
0x1e6bE8B36cF529d9b2bf5dFe6684Ed970dA96992,4
0x32069F4cE851533B16f4434bfad5050306EC0642,4
0xF585E196450AB6642B239fE48a3042C109f46835,4
0x3c2c939C4695ED8b89Ff80E9484dbE2e3053896F,4
0x1728faCd323Cc9c726ecB61A3D4f72fD2C037970,4
0xA6482c6E4f487C9783690B8a02b6F15c214D2F0A,4
0xF123cA961a8B19fF0e70A3409C87A6D9078B332F,4
0x1be2634DA3C2521D7F8b1AaBfdb780845dCd3F9A,4
0xC1fB58cD376841f0E1172a5027f03CfbEe79Ed2A,4
0xE624635149df637b3785ec8f9a5F2a08195Fc9c9,4
0x595d4d96827046e54a1bE0aD4854773Aa953d899,4
0xbB71fD49e8eBA206A69Fb06059b4968d20296454,4
0x288E6bC7769A20439Be257F92bEB92327a75aD32,4
0x335670843869157465F6bDADd9406da1b6cEbB6c,4
0x04149b828b45FF0205083C50FE668B4bb682490f,4
0x543296b972c32242Ac0Ba16391bca2a4E891CFE2,4
0xB87bE3e0B0d240107e0dfc00a278a80eD355DC79,4
0xadDAC3d1C8165Bf9065CC0a47ed6a9df58db141a,4
0x8Bc4a15C4c1416b13e468312F7B927e80373438c,4
0x09C89B67CA5a9236ed00d4296d18C4E6288dE8B6,4
0x6ae37FCac9407d9d137385D836737f0F4c09aE1A,4
0x276061A1b9C71fe500d99a90c4014362Aa99C7af,4
0x1E67A318fED53e4Dd25B9EE92A601f46454fc535,4
0xb2FABA1669Bbf03E2BFE7649d087740671BA4b34,4
0xC6fB7aFe5BFAc84D75c62bcB4e2f3Ae564350F4F,4
0x58450e8a5C329d5E7c37CF8b297A69b583649960,4
0xfab9F5940E78e76bF37a4Fc7876d272Efd3997d3,4
0x7F828d244fB181ee0d23D607d3153EfE5248B021,4
0x1D2C92E42780698e05c90452F5FD69e41022BB7b,4
0xEE1F75fb80CC6786D137cDf3B51c0fCcFCB41A9A,4
0x1C4dB95AA3D3EfC5b2A175bEa839b668D435AcF2,4
0x80Ea0572b44120E10D6B4F940747e04d0afE666E,4
0xf9143CA2269CE0c95F01522670b000323bcc7357,4
0xfcc2c2dDfE6C52e35c93d0FddfdE85563Dc556a5,4
0xf80F2CD54465f5FE7E38413614732e9b90d54De9,4
0x864945dd3c1D9db9C9F351e852C1e8cc56B7679B,4
0x5B81C6751F895Ba26048cFEfBCEEC798C2e9c3d9,4
0xbEAE96D785274D32f697e1B694852d7B29873118,4
0x110cF16FC17F24a6df36357f3468e775BEb2AA90,4
0xd7FEED5cB4EAb93Cdc7BFdBf2a7834e79d0350A6,4
0x10E3Bc4DEF99b15e5Ca70E37D489805f53F5B563,4
0x2Eb1846fc3B7ECa877EB9593040Ef39Ea82d4598,4
0x20BF42815665be0Ce27A210AF17f0bD64067F284,4
0xCCDFa6B053945F09ed03513b30E86EC2DafACb99,4
0x817084937a8e62aB721020B5FfA8D3363C508878,4
0xFF4Bae48a145c44429cA93b6D1bC8E655fcb6055,4
0x55c80FD82B8dD363E83aEC55cc149A5fbCF4c505,4
0x16E658f644B90169C8251693661A0eD5026DeBd2,4
0x918C6e92486eCA4f6c32B6a0A1D319573369c2d4,3
0xE401d18F6F835C12CA54E54a2f16A802b651eaa7,3
0x3bae0F9811fB3869267CaFf8B5a1bAF00a352935,3
0x4d7cD8f4e0B60CcFa09aE648D5DbC73869185405,3
0x5568d637aEfE29D939a724f64e0515B238353Bfb,3
0x8ae06d2a588F6A507E0997dcfaeBe5ccf6976bCC,3
0xEC9201F6e3C6140F3db587096E25D2f58849Fb6E,3
0x81315C54AA0E74bdE7b4C60Cbce3dac6F20f4625,3
0xA3541c454d3fCF2f6a1Eb18672552e8837A5AD70,3
0x5098a31d8b422Cfaa395e4d4eBe1236A0FD876c6,3
0x170c81a7451CFaD5DcA2be9681834a5118BA2886,3
0x0a5503295a0cf364f39B9E175c4b08Ec8fc82D28,3
0x506685ad6E1D208d37547FD8d10a9124444251aC,3
0x568f948b6F9476f92107445C24e090283D042C7C,3
0xD0F55F7E6AC44C9121b655BE7a1E1c425D52106F,3
0x6C991016b4588B3c73A984b87275f8FF8Ea72967,3
0xb6704dfe3AaD48EB2755ADDD7328654479787961,3
0x288a6f913aE5178929f731651BdA34380A5383d1,3
0xAB5971dDA9F26c88Ff357c60Fce2e2270AA47857,3
0xD0E9b9f8de204aFbAC6782f4De47076A45F4A15A,3
0x7E287CA7928A092C549De8565c51ACbe7F33a90c,3
0x4C0F3359A4Ef3a4A2BBEe138A34777C102E40848,3
0x5a3649369BaA565b7603846c437Fc08479246b1b,3
0xC282E0255f0524B865eC90C5E1CB3CdA4359FD22,3
0xaAE2040f30725E3BA320dc4dE4a11e5979f21f13,3
0xc74f9118565b1e6Cb3D67A9Bf593Ca5133e7E8C6,3
0x8476bE99B6d22b8b1Fc94AF3E11E13b7Ae7AF118,3
0xa027d8d063237bAbFCcd82E0E9d4D97ff45b9321,3
0x7aED1AD8392F6Ad8C52ed17DEd1a2aA9Ec9748aF,3
0xC077459D40591D427858B8388d6Ec27110298668,3
0x0EAeA94B84Ef62FA7E30624041051537561ea470,3
0xc2cbf6E47294C642802052e934e8ac9cEBd68b94,3
0x14370497e509b13f52eA73F54159db6ca0aD5E24,3
0x06FCc5F1e7af00F53e9eC513A1c114A3549aDd0d,3
0xBC4B0292Cb4C4ede2B43d1A4768710428999f975,3
0xC75566ACFb143f8fAC1CD9AEE1D974e0947F6DE3,3
0x39afE2176De832BE2A5164e5fC91E27D1355c88d,3
0x53a41265E10f66C987fb2E55A48939E1C50f3Ea4,3
0x61DB80F3f811CE71Ee6E684d22a07601cF749caD,3
0x7D3bF2cb39f5cEEeca91eCc8201Dc01616AD089f,3
0xe1BFb1989C09E0E6BCbd4bF9C93AbFbeAe492484,3
0x4889534D402551b0764860f56A11D4DD001af20e,3
0xB56D5dF71DF9886f6E2B8979153BCA4154d4f345,3
0xD11B03BC8813C64374e634da6D1c794059c91a2B,3
0xdA90f5FE51c2B0ef0D722701683dab1A68FC5965,3
0x69E7E27096f43C9665e26B62eca9FF36361C1Bd1,3
0xB8B0148314205b519c258fF3caF886efb88306f8,3
0x161f6F6699c689732E89CB00E71aaA16ED599AD2,3
0x9516E80ba79b97D5085eA4553Df9E35022B1a656,3
0x2B83F654B3aA613D91a49fc323EBF8edC5592734,3
0xF5cFc413ece37d86aA2Fa367aEB789009808caF3,3
0x0020aA4472066100e6b5A7497fD5FCb17148FF6e,3
0x534D4E798B2644266E4C431545925aEB2cE764bb,3
0x0daa08c9A794F5bE5E0c2A0B5410b3Ca0EDD9cb9,3
0x2B627811B0C56BBBB86195aFfAE6702242cF5c82,3
0x94520E2F86afD790263715f727d0d35F533f2A36,3
0x5678298b0A0b828242641a202ce132000166dbc4,3
0x2c5CD47E355D3417a7F04A6Dee7DEEF6043D9b87,3
0xD960650A583F5d18D3e29A1B8d7C382CD515b9DE,3
0xAD2cc5542930f99F7d296582f9d2f8fC98D13488,3
0x5a390d91dA3Ad218eE2e6c47bB6b3DfB4798f5BB,3
0xBb7f13bB2E444F5574589F2AD649DA85446E3348,3
0xDf3CeEd7B2a94830516697faD7fe486c692b859b,3
0x4c1eFe9Cb913fDe7C5E9Cb8DA70bd7fa3100Ec88,3
0xcCe9dB166a4AeCDcA70e115Fd30f111a979AA4A5,3
0xD6bF398dFA4f6aD952CFD5BB75388eAeF3A8193e,3
0xA01e8b200BB96e9fa246bc66F6b4FDf54089735b,3
0x8055F8af78DaDCbcC80a18EbaF9927f2Cb8930EA,3
0x6BDc1a9A9eB9d154904e53d1fD5C0FE965749Dd3,3
0x247DDfE93B4821488224Dac9AB1A982f56aFdCf5,3
0xd1a5b91957530E1B3e9cfac1543467C60c352F69,3
0x10b6e1a1EDA38cdFa5c6D92891cA69876d363501,3
0x2E06E6A990219e3A1A33004a9B1430e9C25Cb5Da,3
0x9af6f946d80590E67E16eEC61360E4A7a92c76B8,3
0x297141D643b04ac17A072E2E750C7E06706ea699,3
0x4814b83b07d714Aecab48F1f54aF799f9AE9ad97,3
0x8353a3190b99CBd2a04D140ECC294098975e002F,3
0xa40079A4583A01eA353cc2c5047a61339914F301,3
0xfaC6983407F074Bc0100eE440fbAF10df0c45989,3
0xF8613CDdC962b2Edd5d10cC6feA6e7CeA7A2F423,3
0x41C7A008E863b641016D9b39C1d476E052Ab0b32,3
0xEd9bBf4711Eb9b8EE73f2B17aF40606069DEF6e2,3
0x50148e10F09fD9A33ee898d566A3Cf9Cf133cB6d,3
0x78B061F0780cceeb7e5404593c504B848D2E9778,3
0x2e7735AdB640c4A1f6C72657c66FbD892D487d5D,3
0x45E13B5680B07Cb88dC5781Dfb79C66e4773E2E9,3
0x575FF90Cca3fD03FBf9Eda9e0408A99d18751b19,3
0xC2d118937292ed6614Cdef46ffE336E40731a7a8,3
0x9e74799188961C8878dd2EE11A2Cb03F357FAC91,3
0xbF77B8a74Db0844032cFfB3EEB487FC500765C4e,3
0x2e88E29234dd5599c675b4A05f1d815BF567d6E7,3
0x836f7F070365A80aA4BDADe49f1f3104E90390F8,3
0x134dCFf9207D9f949EB87364299A5B8E1C1d737a,3
0x5e4729d5EC93bf03F084268Ef2F1C8805EfBd46B,3
0x9A608d9F416518b5F11acf3dC5594C90D6998e2c,3
0x29aCCb60A4faFeE42E5543cd58981192BbBFBA67,3
0x7D92F2aADa88604b43f056064a11ac54260918Ad,3
0xaf5fd19b5eCdA2118e9f8971088b49f27bA431Bd,3
0x682b2A8825FAf99cb1701fbC58B392Fd120a4CA4,3
0xD7f4A6a440DBD01b913B9b19f1445a4c488611d3,3
0xF851CbaEc4C1FDe75b25EF1C2C14EE2C327134AB,3
0xD122F221d9C56afaC72b04dDc48f415e540376EB,3
0x343c4BcCa43Fe11cf901e5e6A4546A93300F6481,3
0xAB0986908Af369335a8F7E9b4c3c75d7A5844951,3
0xA0B9ba620028d60430Efc0d7654A2b16cf5c674A,3
0x20672d5837305C75757dFf548068AEb64e248f1B,3
0xBc0cbDb5D40aa7c24906f5D0ccaDe1DF844f70AF,3
0xa1aFa93a4CA2490A5B1D45E4af9B01B27Ab9E8f5,3
0x814f5933522c1ADA24834cCc9A31E421b9ba633D,3
0xA815281Cc8510967b4166a4382A1856F03864442,3
0x03bD42B2C5441c80Af4f606824324301C5655E93,3
0xf0548F889Eb700e9192698b1549f180bf230c992,3
0x499541a3B08DA0FD43E3F3e0D327720e990CB4bf,3
0x286438884Aadabd18058edA12EFE3FDFf840eFf3,3
0xFe5b4c1Edaf231DDA874DD158297ba2EC4254B69,3
0x7124329794695725AC256Eadbb554Fe978e67AF8,3
0x486CF0ea88ef222BbDeBBE941eEbe9F72c136380,3
0xBA290105936A3ad688890D356686d8cf92cB6cAc,3
0xF5AC431B731F304811D94c622265df0aBA04E5d2,3
0xEC43d8E6433E1Bb63e2d03Bf5BC997F3bfe80Ccd,3
0x31A2a7Ba4214d589b3188D3Dab15befc9E53326B,3
0x85EE7B2f099578e4d4a4358A60dee344D02b2F38,3
0xB04613dfb18B8d5Ae4dAf33d6Bac6DC582aBD0BF,3
0xe99c559f0e0962a0A42B18DC21544ed63E25C540,3
0x97Ca9C21AF6b38aa7f8Df9B2DA2555f9346Fb89c,3
0x4310FceD738Ac2D50c199A3c2fF5ea1CA2735b86,3
0x3A5F61Db40F3a56fe3918E61d4CA84A2DBEE2C79,3
0x91bf28E62b7752097aFc4aF2FdbD27d0B41f778f,3
0x4DA04Ca44eF0A105f159ec8D9595423c1834FEBE,3
0x7Fa0b293A2887765DfBa8217730EA46B4FCB3871,3
0x4889ef178bA0DaF9184b25918d92a3D64B479529,3
0x275f16513119F0F9Ab75146fFD97697AC0aEc459,3
0xcDB2aebF2B17fb3C04b88515419F64C3dCe99392,3
0x9Ce5231B8FdD2D551E232FAB9aF1eE458A9b2922,3
0x0c5FC2971D6234A6f66869c6Cf9b3e1F1cA48343,3
0x94F9199BEE0abe9a74D6C9eeA2b7751B789132a9,3
0xDE29E31A9B1032c2f511d53b46253c4D096636Bc,3
0x320d2F21200F839B0E683769C34ED2D7598C6d24,3
0x7ec9932e7De1Ca2dC93A4EdF382ddF2e5D50a1E3,3
0xa2e8FF6b582AfC8f8c8E3d8C497eaEb7C35c5D0f,3
0x4A4838e584C06962d06cf612b26043d5ada3Af9f,3
0x8Da7dc49E74aA2CA59A8351f53b05D1f47291e2e,3
0x6325569B10bCfeeC6E3006421DdCfC9a9D5688a0,3
0x8aB93c8D9C2BEF91a3e294cb77e2314e7de53FB0,3
0xA78a738D4cf8C0F9939323ceED5aea9Ea1b42CD4,3
0x756Aae6c8CDaBAc14d2155D15F83BF9b078875f8,3
0x11925475EBd17C662409d2c0c352f144AB1cA637,3
0x5bcb86339f2B53CA52EdAdc4C692199a78f06E71,3
0x2E3FcA35CbBb34DC9005EeD1CdBfEfF763CcEECa,3
0xdA734ffd5CAACfB512c425065219cBA1648625c2,3
0x3D2F8f9108CBBc765DFa527C4c4Ca8A48186D043,3
0x61c1E63CDAC07dc729Abc6d92960c36399138007,3
0xF511470999e3F45550b886a3b483cDE0AD1B7201,3
0x4d0725BD1eD293F044C319a4E444bEe6F8349a2C,3
0xa13CB09D27Ca0942AB910d9bcCDfcc3a22aEb4b3,3
0x749515B1F1B0670227c8A4C8F115901156D14a6B,3
0xedC4F833E05feB31861f7aB2Cbaa18C5a3894fE6,3
0x3e2f18E12fa3DE657CE80e603eBD120443D77523,3
0xc76984d6AB341EBe4E9Caf31e47bAcB1a99c279E,3
0x6D0CECF442ad3aa5292c09E5843a7ABc387A8744,3
0x660F8e66D1183A54e85F586b61b9973Eb410A881,2
0x5C16Af050a49ECa861348fc07ec5f287aC047237,2
0x8691C78057F87Dcf6F43B7A8a36fE468087D3947,2
0xd13f5c072A6255961f176F993BE5c5fd31524C1B,2
0x00001Cc064b25cB8652e209096B8e2e4173F5C42,2
0xAC78090EB8DC3bb6Befc75c44624eF0E736492Ac,2
0x2CCfCBE956FCcb574fED38759F3E9DA67f7502D2,2
0x45d5d814b790c8622ED546df6932Ff6a02ecC887,2
0xFe377bb0628eD405d6c055141139f24eaBE8441e,2
0x1772ef83b2279a672154476C8fAcD9f2196d8dEe,2
0x7A89B20323Fa44ce03a9795b73952341A8Cb87b2,2
0x4b91475af6eC45997794b513349aADf7772De95a,2
0x3A0Ea67e8284b77EA368E26eD71025D49f8B1049,2
0x2C166d5642eCEA323f3693bb24c5b765d1B30cDA,2
0xFa2E79c83A4681C22e02780367f093b75B76FCf2,2
0x616cb8FE3BBC87377688a391B9022B52977565ac,2
0x555b9d8c489A8194F369a75E45CFE3De20AC486D,2
0x2F99F7827397d456c6a544D88ac8A6a953dBa277,2
0x9683Db61C5e24E0cdD359b7e928eeA4002765Bfc,2
0x0Bb3Af56acA11237A5E7e8Cf1c2eD395B0095721,2
0x85039bde950b8A569BFaC747EcA531028FfE1E9b,2
0x09C1f622b9f53095221dE3649e81D8913c84A87e,2
0x2d3dA5FDA51c79679e5Fa56BE333F24f4d59d431,2
0x156548113552Bb52AE921a0B44794A6a5F588C9c,2
0x909439b09F79c3C36dCfabEB5ee25869150439a0,2
0x00000e296e2B54f589D999F3AC209a17117D5664,2
0xD59d325B06b9625ae81001352dF00ae2Ffb3D7C8,2
0xD3A706e23Ce03Fe4fafb9A60C7abBAf9bc06284E,2
0x16576E6d7CfD91338Fb905a0a2Af1979b8624ce8,2
0x6760de24ab5548cf5102a3686586E0e266E093Cd,2
0x960EDa0D16f4D70df60629117ad6e5F1E13B8F44,2
0x1c27622eB7D068eAe55EF8E7FE16438c0fC23A7a,2
0xA12933eD4918291Bca0ED82578CDA9aBf6040d44,2
0x458Abcfe98c8Dc7535a16de5897BB5E7725B2CCE,2
0x3Cb149fc3FdBa1faBdCf31655ED1df460064aB95,2
0x62AB1cD519EAfdB64AD685A686c6f5d67A544Ad2,2
0x30b33e450735Eb5A617C2a4B5C66323079730532,2
0x423C0995B8aac8957da627d74C3123e48f5725EF,2
0xfcFFE7AeA3f70f7975cd64ace7717caa211a706f,2
0x0DBb9D306dDCd839f698Adad757C95d30538603A,2
0x7A16631F3a824aE37fc8c7824C3Aa4B05905b6eD,2
0x0A0eD0424175ec3463Aa90a679e3AaaDcd1A8869,2
0xc2ca7d78a2Ad045779dDe0FB210fe0e1386E1E4E,2
0x7415a096eC3D3fC08bCDFfa632DcbADb840a2286,2
0xd47f59Ed8d4E889363A79a56fEDf64223609E29f,2
0xAe7F45e9CAc43AA06254fCce2F6077190834C37f,2
0x370655a30e4bD993fedee2e6ef1692E37B8925D9,2
0xf3218323E190c2010f964A7Cfd168d5cDaD4E6Be,2
0x1F29cba44478Bd2df384e4b21B39e6fB92F350fa,2
0x354dA4b8305A0B7be588595545B12D1466474068,2
0x5bB11896a70F874c6a295639c75b94bA6bd3f3De,2
0x4e6b841E6a65D4BE21631129f2Fee2f8213EcaCa,2
0xdb6C66aca162d109304d59203E035F89708Bd5aa,2
0x201f5882700dd9da58ffDa4761DcB4662e0692c1,2
0xd9414E2B5EE3cAdA0d757fDec2fA2E9dF3172705,2
0x4e038840C21F12f3c02Ca029376eF3b93D91CDd7,2
0xDcae274774EE5907f5b9141Da815A305a252fEDa,2
0x0B61432b0dD1Bd38D485F60cB0E7ABe5775C171c,2
0xDC0E468201ca26137977AC3959f9F546A449d8c5,2
0x32622Cb41c18F2a9e63F205FF11d99620D654ebD,2
0x67D0C332f5288921D39504324D696B0d42EA9181,2
0xd4e55828a51F638Cd030d35f458777824cE24A08,2
0x5f20a0eE72Cab0162479874316fE6c199a0D5b67,2
0x5EFee0C80F931CFD9dd54150f7fB81Ab8A7D25c7,2
0x0e54736D61c578cB254ef74D6598eCe99FaF8796,2
0x4763CdfEdd828B5A800D5C810BCAcB944F592B8b,2
0xA3268eDfd84415472D9c30eCdEBa487f865Ee063,2
0xC1A3078e1308ae72c79B472A92b1282Ddef5Bd7A,2
0x94CC3C8981812Fe6Cf1aCB23Ba4397735685fE0a,2
0x7ad9d8711788ef3bCAba5348C5BA3C8d58b58ca8,2
0x10701840A201f2DC62E34e872f5EE74a1978b2C4,2
0xF7db355e7a7f1C7D050f2fD28356fBEF07319BC8,2
0xE3A94c3D6de1DAB95263125a8a7aA97DEA08a447,2
0x5e9a40b3d783b4dBdb35F7Fc87555b2682200867,2
0xd01E61E3f833979bc91249ee2785868f70DA358A,2
0x309A41FcF62a34493b4f0906B1F8f94b504fCCe6,2
0x4Eb1040Ae990195922aB36782640EE09de0b5479,2
0xdEe517bFc5DB0122e56FfDD605286F87b81b83dE,2
0xB191335AD10f4519a4a39f1548e7aC66D0666fB4,2
0x776e8a11512a1dF70d44310BC6fdC16301459016,2
0x31b509dbf5fFAa422765ea359a4a06FEbc866097,2
0xEaf4de5BF6D00b9848Ae7F3E12C32DaE25626076,2
0xC64f2236Dd8AE8b0C9e8A615ec3824acE69cEB4B,2
0x06df6838F036f2A340232222b5587C18d82e83F2,2
0x8bcE8da512CEE9191b2C3Ef9aA6d894ece885b01,2
0xB86E218E3841A52F562243Ac9Fa530BF597D204C,2
0x371633f533626CDe63E4d9Fb11043A9E8C3ED51e,2
0xE34f75D2C82AC050FA125b5A3A7C2Dee3080D2d9,2
0x3Ed6dAE6cC1422e8759bfd2B4f4A253B5b6c6d84,2
0x8dC7cDA3F0d1D567348cDEC9e0BDDfde22Ae01bB,2
0x2A1961174CD5588F6a3AcfCfa47686583E149038,2
0xAB277F0ADdAbADa86A1222D125d80753216cAAD1,2
0x942054F145C53E6557E9CFACF9aa44bEa5e0F24D,2
0xbBA58B57dA6c6A89aA64Fc0D534Db505366dc5b9,2
0xb6AdEda66E5A5bc0b4f4B83bfb3ef4486243be5a,2
0x2e40BC61514Eee9eFf92f2a73D96EE8c33017e02,2
0xf00Ce6212f3bfd28335A58aA220cc1C9885C39cF,2
0xd29eE0e7AD114AbD0783d115aA9B3EC3A39F2518,2
0x8fe6B7643337404aeb4b3ecAeb47FE3D463bcb77,2
0x106B1d8f77d067dE59786Ee9045D6A8F3E3Ea0E8,2
0x74c78aD3397245B1f1b9b61CE9b7fe8D9ec7D6D3,2
0xAe5093C7535fca03484875C4e5D1335Af030e405,2
0xf33b3395A7c07EE510fBE8c53d9760aEfbc5b7C3,2
0x2E98F288C2B443a0DbA1b24eCDc5F805C82B2Cf5,2
0x1920a2f2368A6d9B4e20ee4F26ee42c40b4182d9,2
0x1E800B37A851E13a55cCD07503432E7dCb1672d3,2
0xfDd4674bfd815DDFF479d0D81610C8B1433c4a21,2
0x73937B967e1030062dd3CAAcC1d8B137Db887131,2
0xf986454493f69269b3f2f2Cb18522F48839d403A,2
0x9521012DB7b9Be8Ae24d6c6561a73E56b6E92b8c,2
0x5D46f05C671A93C60A55A4ABa24cbb918711d8b5,2
0x2c5dD27780b600342dE6eBd9135e7E0b5a4E98D1,2
0x42444e604A7B78fCF89Bf0A16931FB979A413535,2
0x6E9e962e681bb89195068df4356c92B8af55C2c8,2
0x1F886bb69e3Ba6160D446577C5271Fd57526F599,2
0xEdA495b3Cb9b509CC1fC8dEF2B6Aa9357Dc6316C,2
0x03C4eb26d076287A4d2005493c55070206D19A6D,2
0xabea91569e9A81EBD0517b6e0F6b4Bb774CB4264,2
0x5cbAf7D959465Ba7cbb08489215EF1C2eeA3015b,2
0xeb0D3Ae8A5c0cBe9827ce54a99CC604Be2713bAD,2
0x0742A8BFce1c9581e2086Bd6CAF0699306aC6574,2
0x9b131Fe963d7e91688FD8cD57C6E883c839357D0,2
0xD614e581a7e69A0541F2f2a9e75203A9D95EF552,2
0x16deb84D974831DC5a4a6744CBbE9c89D74A1a6c,2
0x260Ae6890B0e32CB5eEd74285E56033D2E1cc0E5,2
0xDC097a7c7EefA2186aa1cB016aa18BA64a74c780,2
0x972351f4eCe9B2f8b2f19Ea98355014d66969Fe0,2
0x9254A9026BddE2F7E6f590A43cdE1890cB792740,2
0x2169Ec73eeB5287Ed3180b401B6383BEaf5a2011,2
0x555CcE49bbBcd0143e14a44cC7cc6FbC6c761679,2
0x09BfD5C0d369426889b7fB6b0459042dF086c517,2
0x663E723E06B5668D88700F3206375878441bc889,2
0xc977fA30AEC3D6713007f58399f881dEF2813460,2
0x1f8231Ef50E99D361B5252A24EC2eC44285367e1,2
0x5A06f1f6639Ef0a0a71EE2970452c77e5eD088B0,2
0xBfd0Fe82C81d2319D7a536B4126f7353Be2b1338,2
0x62f91713Abb079f9AA1ED76Aa1FD05a69d703be1,2
0x49A5AA497c916a3C9bbD343e188Ddb4Ba1bf5Ee4,2
0x5e15e09815e2135f6a14bdC0d431d39383bB4956,2
0xa4059098e6b9663b4585e9faef56dB9f8435D3dE,2
0x42c07aF1246Fb2d1B8A95e6Cc697Dd9297Ae15Ab,2
0x432dc199289f3aE32614A9bDbc83366534c45E57,2
0xf6b6733025B79aaC505c8b272F4fC9898D799Db3,2
0xb71595C4235f208E3DFfE0a7F2206E1D5cb07922,2
0xd19D407921F5D4772e358121FFEe9C802eD73CD4,2
0x436B10A32fa369bB636896Ef911CEaF05537B2f8,2
0x53029C946A44c04317832dc9bA32C279443bcCe1,2
0x01F467F381462143CE28BC45d1eA7a728b464dbd,2
0x558bDa969F353D7936634af51A1B381958C14f8c,2
0xD2eECC3AFf51e039c7a2E19a1931d93bCD9D16F0,2
0xFd1299d967Ea45c290BB7AF2Eb0A4d8300C44A31,2
0x78f9beCab83a79Ab2BdB29E63F863be0fBcCD0D3,2
0xf845A40a01763ba1b83462BEeCee331bc4653ED1,2
0x703D4c446c102406e3e083a49632CEE62B5FD90f,2
0xF3140c0B5f8d5aAB5D13835c7656AAF8E3066893,2
0xf53C7787A48646D063AB87E164E2435B85692E41,2
0xb92187Eb1435b7fe214fE6a2E3B695166ad05bE5,2
0xBdFcb3Dd2928E1281f62Ea4637FD251Fb360aFD1,2
0x2e5E4097198F385448370D6C8B5eEEa83cb4413f,2
0x97ac402A98C33cA0194bC51377159c635Ce2f672,2
0xdA3ac2621E9Cd980A7C05aCb7d901CfFA98fBE36,2
0x6212423B7c0988474863B7541e4e0E78300A0870,2
0x0C30eEf4775475d7aFB63f687D9eb95286fbc00F,2
0xA0958Ea641D1EE40b29d515E8Fc606B04FEC8b49,2
0x291d8A529F05600851Bfb08Ce4494d464Cb8D587,2
0x60048973FC086AEf9FCdded6db13359B45c9ec9E,2
0x688c0a468ad7BE8Dc2e1cB92cc1b9b6fdca84d5A,2
0x99960efe134A0a44960cfb7A1Fa9221C0547Cfb0,2
0x26e9e1907C4bE7e9616688776744BB8E39426394,2
0xccaaf958c551807B38C202018897168c701D8F6a,2
0x69B19d4e899FE30001a5c9b130f3a85Edf6888e5,2
0xBa2D571a52523Bcf6c98525a75EdD346a84D7049,2
0xeBb28d2c512Ed1786b246C7a96328ab308ce0f42,2
0xf7426A36B9De77127a7003931786980b3d945Ce7,2
0xBd21051E4C4ed7a2e011B395157D8B83419e3a2f,2
0x5c2295ab1368EDB685173Df501477B781A58AA5e,2
0xEd268399483B600a46882b0e8090c4882736f4Ee,2
0x5C9dC19818D11B0514Fd7DBA492042c8BDdA7549,2
0x5bae91E59f8b04a662D1EC95F3536f1cfe21578f,2
0x7caD26CcD3cE3cDE54A4F2eE9847F59061c80c32,2
0x0034E7b3B215711420De5bCE17b2efBCD37C1031,2
0x43f591061e0c77f6cc4B2f6539c4e8A1f9aFFaa9,2
0x10DD7C08ab59c33a1F4c49b0417b0D85C9Bc1c2F,2
0x92DE600F86669D5BC23fd33c4b93689D49C55aaE,2
0xe13aC87C5Eaf5A43a9aD2C20f84a4C84f3642373,2
0x9e602c1920443F01Cb100a57A7F894df8Eb42f66,2
0x35789A5C96fF9045fEa6cB06dA38ef82D2187b1F,2
0xb4eAcF57FE639BdAE0103bb0a61E60B5AE3e9Aeb,2
0x16D836edDcC27992d518C5505326499a2D16D0a5,2
0x30464Ab72CE54dA64B1B7CfbDF091D2fD348b6a7,2
0xe62a79f79c38ebD895e9f37C150D7c16FA3E4c26,2
0x564319C8C7c0aEC64771Dfa597304c03b1211B3d,2
0x70EB7efD0a017e1b2e80cd4343E38007d07c518E,2
0x156e4A5b9721b62790c1846b5f5fA9ec6CFB3EF8,2
0x872058823AC2B8D032c69de9096F6F37c2B06C9C,2
0x4438c0C1Aa569A35B72966e755F76ED701D8ade6,2
0x1aC3ECf7e7D37f9246eABA38B38dC1E3737491F5,2
0x1E22f68609A32d57BeA99d03d4b0E5C29cbFb1e0,2
0x22e8aCF8D52C3311d4f49483506eE75aFD7156bA,2
0xF511eccC1dB4EFC13E207Bf6f8ef01AA334A51C9,2
0xFD8164542C45A77F75908F45452A8bE8f19AABd0,2
0x0c8525EE96d8b27928Ee679DEb6f326c9F1B7252,2
0x0f306c6CB64b842F5b5854246FaC18EB6293311C,2
0xc836bb138D419107e65d22dbb42377142446924E,2
0x5Cd874072646F0D8c07c74C69B91b1fEcDeED251,2
0x28baDd4C4603D3FFda223FFf00cDf695402ee4dE,2
0x520e2B48a5C92164AfE5535e0A7484f9bB5437E5,2
0x716a33adb72ff53B91765698229Ac74863bE41DA,2
0x002B1390116239A65b8F14BF8691B7B0C3F54c7c,2
0x63b6206f53954E123f5dB5284Be4bf416Ed56137,2
0xE4bC5f8a6DeBc07A6b9233B149cfbbb44859C108,2
0x93859CC88a09Be9C1bc033d435F87f305Bc28224,2
0x1025782a4236152A7D603b8040c9eBa6764d2F80,2
0xDD47E92829c6879E3985502Ce7D879a370c22cb1,2
0xd67C07e38CC652B41716e0f23BF0A61eb665AD84,2
0xfF7116560005A341F809Bb6405260bbb0f2a1B45,2
0x2719D8BafAA3FeD05851fd79613d273B684aF127,2
0xa57961970eA7beDC36EE143d1885560745A33369,2
0xd076a1d7f868BD7D79b875612500C6b9a27CB2a4,2
0x946e86495BC2F2e9E963f16e7C480Bd1527fF5fD,2
0x373C9B9c898258DC69b7DDd42A82E741348A32E0,2
0x0473f0ec1B6dcb14B2b80394bb2Ea73183316C70,2
0xc4e498EF89e2fee15Ae209b1997BC87Db4B6b432,2
0x1CA3089936E69dcA47d5814f8073D4935369444F,2
0xFD9Eb712D62d2660C23e68C625D53Cd551865271,2
0xde4CF945B202235e09eF579AEC216c6ef57358d5,2
0xA7569949a41B733fF91F921F5b464bdf111cff3e,2
0xcB6ABF5e44D4e9C9fb9BF89D50DF32A8C801cF0b,2
0x644e420066Bc23683AB77bA8250079C5BCD4dCa7,2
0xFeB9bD767D5FA68fe8F079f85Fe366fc58aeA58F,2
0xf7401c0e16D547FaAee4e156Dc1a272d8CEf5c15,2
0x8572282CC6d0928002B5cB99641813c505bC331b,2
0xfD66522504aecB40A42B01bc03a07A29839Ba25B,2
0x120112677618F6e6286454DE485c02ddd830d970,2
0x615FccAb4729C387D9E9149c62D3B9DDA0E00485,2
0xd1699f8848d9A9f3E36Aa099c35b11F6107E56f0,2
0x83eE33564EA39Cc2152baD87F1D0d464D07FA3aB,2
0xB8483CfB86f77168A00CC57f6f2392413aBd5722,2
0x32B3f9831C8eDbB70d1cb542c13AC5dA0035A7a7,2
0x3819476aa2e6136c74483f440B55cc80776b608F,2
0xa8AbbFF1B6AD2503eE392839222138345de80f82,2
0x47f9bC8837AdB03219082743930BAF3a39c9b775,2
0x48a679f77f8dD6dc1Fd269dED81f9D94324BBd52,2
0x15Cee7Ac10A4208Ff96f340C237C4Cd531463CB9,2
0x1F27b0482ace1B82cf7A4f0c55dfc2A05dfCfD75,2
0xD65ED38DEDEbb0353F89E83d4d4499F9656Ec01B,2
0x9a09f5cAca82B67eDD330CDD8d50b218A82cfAC3,2
0x3f4f705CD1d7606173ac8A0256bCB86349D36C52,2
0xf97a5B1bE997503Bc88156Bb969CA9d59bDEDb07,2
0xA47301AA6D526A7dE5eB1D054c2EdcDeD9Afaea0,2
0x8a1b5f61aD821B2F20B69F3E5dcCAf4cB6ecB30A,2
0xfE99E5457a9b6FaD8a257189879c554b8D42c926,2
0x083f357C1E66C516A25e2512fd77689395aa7C29,2
0x4fc0e1BaFd06f57aE67c0145d50619Aeae946986,2
0xDD762B34A7a5F97f75D519393CaB5d295697E203,2
0x9b2911fb1Af25B90e520EAB8002828C677d5Cf1b,2
0x526E0BF35e2a3F511AEaf17c41318386dBc5a92C,2
0xc8c209Cb64A354611C21F3aF4D2E8634E54B8040,2
0xf0cE6c16E702A2C1Dc095458DAB01d28D90D7052,2
0xe122CaA4c78250DA78c8e2729Ed46b07E08FbebF,2
0x15Cf4Ff77d147eE60597EaEd54066cDE30f6F8f6,2
0xA57a059c6D6CA14Fd76D9aE92Ae47f66f601ab91,2
0x910aAE01e141718cc02F8777690B12431de70525,2
0x6D51cF34261DC76EC00A3865d7e9C8a381D3E719,2
0x203b80263d0d00d80A31457CFb06A4a5e8bf065E,2
0x99F83eC57Fe1e09da9a20Efc00156b71826E11C6,2
0xA09AA75da763D4aEB692672897C057786Cdd258B,2
0xdEb7960F2ad4182c8f6b8440fc762f55070b44f9,2
0xc60b91e889EFcB261b778E9E49834BCCd316E1bC,2
0xF0eb4675790acBe0cF1A2ADb01FFba1dAB16aeCb,2
0xe582B2F0e2dd5B4Cd9adAe496c3f5B3eB702c259,2
0x917b4B0E86fC7766695095dD1A5292B3BE8b2D14,2
0x4E9c8f5Ca7C4814cB1e23Fe11E850aD25eED63BD,2
0xaA21505A90F5A5D1e40c39BD719F1b3BEF843CbC,2
0xDb87085756AEa0645A690313c4713C74d1457E37,2
0x55A5705453Ee82c742274154136Fce8149597058,2
0x5d6Bf91Fd6511107E6baF804CDA1C8F2363FBd39,2
0xFFFF3f6E008B09691021e9863D1bFa7A2B9b5689,2
0xd6c01f4B14250BDC31c93EbA5219c397156eD32a,2
0xE0438df6BAF9d1931e82836A41266644EBDAdB2a,2
0xA672A5a997c00152C00FBCAF333380E07Bb893Cc,2
0x36fb66ea97A342c0f43CAB3045004C17bc15546a,2
0xf66d4094d0c66fC43494B453008f6853b4A45c89,2
0xD1B69b1dF28F68c2ef9b10f3caEcBCA1bc366C75,2
0x9467e6deD2a274D970100E084e8C9D3ceA4F4eD5,2
0xC1c7474bD53104B9da90BbceecdeE90ED9269ba5,2
0x0010b70d4987D0D2a410c7Df7df8460b3136219E,2
0x47E09DF1D6ff85D9e7B91B9b4150070a00EaEA8F,2
0xe169689F51380ccD661923a9B1EBeC705D448B62,2
0x0b1c44a0a021Cea9BbE590f0E701EC0f852E1608,2
0xA6CB0FFaeEAEDc905e96849338b4E3Ad0259636A,2
0xE8FeA775107b1AC14172aF355fb00d8087faD387,2
0x5B65DdF076b229C5a172D4815a5eC5EeBB5E5767,2
0x3CDb1AdB4721c0dD35fbB409FC2F74BE2c1863E0,2
0x304D51De37CCeeFab1Ce0398B74533a53623a5B9,2
0xAeDD1ccBd3B7AF7FaE15e235f59c4F8B8E4Bc2C2,2
0xF8fBb3f4d7238bDb6dD75384450f04b73Cd94C7F,2
0xa015995889937bb1f783B6df95324bBc9BF8bfc3,2
0x5AbD47780FB1bfb2d5Ea699910b3092ea1e3422f,2
0x6F18D3e712256ad185ECB6A81dB2C51CF550B1C4,2
0xb547351E79e5a3AF532dEc6c870F84749e0FD4EA,2
0x530826799123028143f9e435F0FEe5345CD29453,2
0x2B7815fE62d1487b0Eb728cc3bcC7B5a8F9C83a2,2
0xc070f43A770c6435AE5C587D27b7c53641D645C6,2
0xc764791CF27F7C7386724428D55cC0ad2Fb56CcD,2
0x660C9e4c57C5D562ec18F5cB2a9300411f6a7f79,2
0x76bF269a56367542EF72A727bF583DC6d601eD91,2
0x366F7B03ffa176C0226c2AC40c1615aD5BC649b3,2
0x33307166B47232b1B84364670ed712aC929EAB19,2
0xd22dD7090eC07242549E892854937E55eA992889,2
0x034eb98b10a29Ea619973f0468D615F9b17E0a72,2
0x36495115074a919f39AD7324ba37707b18784B3d,2
0xef4544D7fF3d20e60892A7FEE1C906026F304053,2
0x76ce075e6CcB713099dEe965F4124fb204c741ab,2
0x65B5FD4f66e7Edd967B7cBeeD2dc7d2959f72646,2
0x05431cD62F011Cb44Ec803Fe4AC96FAC651CA494,2
0x4a286E015cbEA31264FC7E98d8701E26492fe894,2
0x9f2267BA381e4784DC03C73f7D51416c135DB80E,2
0xD7f2E2Ff25be8Af5E7fD6A98468cF1ec98248Ed3,2
0x4BeaA5e85BA4b44F65c3681E0e592E702DBdDc79,2
0x5838Ac7ECe398202Ed87D458dB2cA1Bd587fd3cD,2
0x927c7F896DeCada8752d87A9200be30EA1C63678,2
0x417b7e58364279Dfba399D26E8FeCe9f99a03dB8,2
0x2b18f95d3F778Fe92608d1d151C3488a7d376877,2
0xe057aF5Ba21FdC3beD2bA08F2588C66382533a89,2
0x86b4C988D2Ae2AD9645B3fBB1d87bC25ccAAa145,2
0xEa6Ef8115d3ca1b7F8Eb3317C8dD65ee23F9246D,2
0x4BC40b69FeC7e79cd67D16FDAd51B123773cc1b3,2
0xAf288D7b21025E17AA09733c9E72E85100dE4aaE,2
0x0209D2271B607d992c558f421f77a6022136e4ce,2
0xB636dcA0053482aCCd4F87f830b8F1fE8cA14e1a,2
0xa09720db66914404eBAAC53BAf7C04e4E1313825,2
0x064C320605918a0bBef78A7c1818B8c393cc21C6,2
0x0F5904eAD4E1E022f1803C9E85eb11bD4776d288,2
0x7A90dA013E9F9a77944C6e5308cee2b12ec092b9,2
0x134A1fC52c13eB57Da610595509aAb389140Fdd9,2
0xF823F9D6f0E68E59B385B252d859782aD6BAdc72,2
0x309E65394C8bfc39091c10Ca723964F88fA4e5eC,2
0x333EfCd3442b8dFD979774cd99991CbEE6c9B4F4,2
0x48A483e6eF15f4c6b69c091fA59c5BFed0cA5852,2
0x91Ba0F8E760deDEeaccaf5ADd8bd96d65ACb89c6,2
0xB7deDf93Bc68Cdc0CB6E03519262D6181863B8C9,2
0x9bE394Eb181fccb33e624FDfFE9EB0Dba830f4c5,2
0x9e4C48c7c7d758Af0985fCc360ae6B7CDa662e70,2
0x80a345735FBBEf501B08c36f1bDB96740D833f7F,2
0xb4C5Df60c6edD2B7A417D9Ff07DFcB127E967AB7,2
0x710ab570b20C0BD4762bAdCA19396Ee0Dda17b90,2
0x2C8083A897f3Fac56a4e5dED68DAd647f1c6B567,2
0xFa8083628a1Db26C164395bF2CEF249444C3e1a2,2
0xBc7AD2bB805932064f3995817176a15F71F886E2,2
0x97b6653606DbE7075f72AE5c0A13e6691e8b8Dfe,2
0xe324c2478a8C2CB019c32609d60691f2fA362F0b,2
0x596540ca66b5b2BbBf9FA35d67FBF336754EB780,2
0xE9360FeB318584D2e7A41AF8eAeEB553fB73E681,2
0xdE6c82156C42cd3fB1Bb70b326b3b0FcCAa18CeC,2
0xce46Afa37f08d0D6ac9b160EdD8a968a36b0f219,2
0xf0447801425e70e29bCFfdabbee0Ce71f0570F92,2
0x861c9d62444c1B4bC61E313B6117a14a01F3c56b,2
0xA3C5950B81Cbf08BdAc9B905C8491D0c71Ee4B71,2
0x7CF3a0d9DDdE82Eb46aD96bF6Ee8f8ED69BfA461,2
0x8c4F8dFf96012d59F9DF00ac21f0dFD9437ECEA6,2
0xbF530634f854038ba3Cf8Ed3a0f9F1c5D78DA3C1,2
0x60057786842AFf287eBb0bbf96E082733A4a667f,2
0x03A52d720faa3a92Ae7926A6Af607fbFe84cDf5e,2
0xb2ffA393F0b4072081eB2738EB8340bF877BaE38,2
0xc0a3fc33D046860b59E61f4Fa65B18Af31e1433a,2
0xDa9f48577fCd4D381d2E61D0d71a08dCde7Dc1E3,2
0x9F5bd149F8af984B02F37f88E4B274Fb14784D3D,2
0x11477C1fBE34FEEe517b48980959Ca549DCC5248,2
0x5898e39788E03795715390aA2Ec306D81D63f162,2
0xA515F7fB260095eebC860425493b8761B4FC9abd,2
0x0fEc28E5416fC3D6A21452600bAC46db3Cfbdb03,2
0x60a9506F9c8FBf19f3cC33495dA0411e0a3E4a95,2
0x3162B3eFF87c94f989d0799F11d61e3cDC8f51F7,2
0x265ffE2C4A2D44299306FFaeDe0CB03EBf9015dB,2
0x81876c483Df7169deEF0DC77308cf1592fc48185,2
0x6F7065bD99Fa3585760f298B5140B151E5810347,2
0x706ecb191B8eDfD3A5Cf8f89Bd4Cd909e4192943,2
0x6803F84bDF110A6F6a084202cA361AE787C179D9,2
0x4134fF79cB444281e49B10171Bed4f6FB7d1a6C0,2
0xA4698fDcC808b7a7fa1e6929EF5BA78173aA8B49,2
0x6EDe76592828f9F1af417064845305B54660Fa19,2
0x5b1D63E61D372F5C4B184F186fFE962329e99d0b,2
0x2A000BA2E9Dea487455d5C37713AD22D754d68b2,2
0xF2cec22679C1c2F45D7A4d70C65c9e9e6cdEad35,2
0x140BF38E628BDB08A5df2025546F5ec5E06DE7DD,2
0x7815352Cb3ddA85C9907eaCbf026FFD02a0A566e,2
0x339E01B10Ced419F42CeA07881CabD3CDbF7A86d,2
0x1AB1f8b67a0a1C2179bE6cEB70f10c77D2630204,2
0x0063052772F10343caE16354F5c6B792C6F58CC5,2
0x6E4F04cE5d6F37D4ce0CD4BDef747a9845792237,2
0x0FF97f10C43c61b592efc9C6F012f6145eB1BD99,2
0x124141b7A6e507AcaB506B32c672bd1e55e43b84,2
0x16831516Eb5707589344662dE26F805fCE69D13B,2
0xb44c1A829627537d0b9BB5d897B766bf0e7c9062,2
0x8B6f7a9Ba125096d1b762E66b2C5bcb6e9cA117e,2
0x4a16A2346256d7c53b6efC0e3992D9b4f9ae63AD,2
0x5F9211DbA600Ee22d9961fE35b767dA5EaA484f5,2
0x20F22Ee52f93C083783B81fd5cc463d8eE2b9bd8,2
0x5b5353f8E57Cf8C476eAfdCfE5eDA04e99fD0801,2
0x69F9C3b61CA28Cc70b1bc5f333E26db70405D733,2
0xE6369426Ca71D5aD56F3fD768f3725b890b1F80d,2
0x96397F03255783CAB07b74874b95be3f77280D1A,2
0xd7A718c1BD2391cF19a2bfEc18E00fc074F6a273,2
0x5Fb578B179f4559a5B375E5CDbC91F60E1e0C446,2
0x66328015Bb3177C550C9Cdc4cDd63587998C31A6,2
0xdfec12A8d75cadB4aEDF9546039D8AEaab066d1E,2
0xc3Ebbc1B0B2E81e6E1Fcd59b20A7Cd9E88957c8b,2
0xAec1028a1EfcC54Fd702A6fB409C27acb6f71041,2
0xE954F4c5249C505876DEC5324754Ac91471Ecc36,2
0x0e6c5322296537155E45A819c75FeC8E96B1431a,2
0x92750F95C3a9036e4836FE3a64070ea46f8FDeDd,2
0xCb28bC0f95988E8A54BF6FF9C20d09b1A66cFC00,2
0x2462F984D78D402c29305146999371605d1cC5DA,2
0x8EE9BF9Df34aE86F00499a4D4A19188d8754d53E,2
0x6ff3CaD69a3798a703a127CA76915F062DbE9762,2
0x6d8537e69Ac7E02522d9637B96EA5e7521dFbDA2,2
0x6E2dA4D3C648A2A3A464510bdC7844E530885698,2
0x2Bd9b3154201571A692eb55E8107603e878c11cf,2
0x430688E540716b7bAcc1e7080E01b2449d299e3A,2
0x0b6f2b52C01d76289208E3FDfeb8c3A515f5daff,2
0x3929eA96Ed7C3957789c8b3c6d6A660921a159F4,2
0x34E3a48390a678B06352B5a1b5a97E6b494cb51d,2
0xAeAdc4DC6b1DB189fc4b2C53Cf09431DC86D1eC3,2
0x7e082964802ee6f266dCa44c459a82E6D80c70c5,2
0x302a6E2774a4dC6F2c7ecFBea9168abb7CCEDe06,2
0x8c21AdC670b6Cf37A21B1F64fddb63716163D81B,2
0xDB2C507732B0B5a54bC1E5F6255c63ED3409819a,2
0x3Db1230de87E2E1C04bbDD8b4032fD5819f2dF76,2
0xA200369d36d9a1040bDddDf7F83995220E87211C,1
0xe6Da4a4930E896c7E1FF590779B4046d7587b802,1
0xFa4D1Dcc35DD22f71CB079bB2ccf2e152661c40A,1
0xdbfEaF48cBaD9b9B9AA3d46642c8cC65bBE73E88,1
0xcCA02C00Ba4A580eB3EBfa20A317CdC17Caed4D5,1
0x9168a80AF210c511e4BE5b32d7de75124D0a4996,1
0x349FB17E4e0Cf9de036a999125bE4b1446fdD6A2,1
0xFAC219Be81D0236e4167163111298934B53a6D95,1
0xC30b8088CbA3242D2B890E7f5aE4dF843E08f4D8,1
0x282d656A9d95c64522F6Bc1a42EE759DE81e8dc0,1
0x74A1B97Db2e9C4742653F46047f6a434c55f53f0,1
0xA848aBfA0d878bE8616d26B890156f8af8Ee29A3,1
0x0EBA3c1E84866A65D99B116b2B3EA4529dA8916f,1
0x560545E7f8A76D47056e3928abBF44D4432afc2D,1
0x7aFD68ac26a4Dc42BFE81dA21743B64EfB6E1b00,1
0x933A65D42d93652a5427710Bc878749538Ae3C2a,1
0x97f156Cd2542629D7ce897D7a8d4966233b1AcC5,1
0x3F9d4869D78d34Bb5102A8743D236Dc8BE5703ea,1
0x5dB9e26D5035C124a9b7dDdD545Fd60C23Cf26D0,1
0xDBbD65026a07cFbFa1aa92744E4D69951686077d,1
0x74772a6462A374211AF7fF33D9cF749eDFDDCC59,1
0x8F7f738A57F979c2779289c74063c59aDb43B000,1
0x2EFDE0C4A678c6E29109a460C44E2A958d2Ec589,1
0x4288c99A0E2b43D780ed45822E40AE64E2376dCa,1
0x5e7c7470dc26377EFa765d2B6797f136B9f6d380,1
0x808BC0bd2060901f50313d2cACA4572b2ca7375F,1
0x2308dD5F290986C91028781A75c87844cEaad672,1
0xdB75103d154F190734cBb4409d6Fe71169e2F7D3,1
0x8474Cc92E53217f5B42496cc03e71095e124247B,1
0x7D7fdA374aB3eDf5EA8c36f131F20C43D8d9d739,1
0x2F2F665974261C4129b1DC6c359BD259CD66f78A,1
0xC13ccf23E4e4709E41fC468a8C7e353c69bf94EF,1
0xfb6140838e08dd410FA683DE1bdF33db5dd6b7f8,1
0x7d9A9d450E8E7223A001c148b5e27f49E0a570bC,1
0xe2cA5521cAC74d2Bb2ce3e1fAD79A1e71eE5b95A,1
0x59eaB111E163124c2938c741B1D6997573Dc2338,1
0xeFbacA68f1738103A77c480E271ce77E7997ebCf,1
0xb4fe2ccDa14c4f4695B542c144a42b9d6008309f,1
0xC2308DcB1844e4bc0CB65cBcFE465e8d289A4c48,1
0x54e0296bD7Bbb2734BE155811Af400Bf338f0C64,1
0x268703Ed376f7Ef210bBa3A8C4bc7B75AD63C630,1
0x1008C246F3825Ada32EF0b671A8E43d5B2ac30Ae,1
0xb2d5e9CFCeb8ad4844381C184496cf6d4ea25DCc,1
0x5F95f0350e55db5e9fE6f33A85CFF89a49Ec5ad7,1
0xcd60CccF44cf03c0C9d840956C2187091EeB5eB7,1
0x91628188530F7B93919C81eb4D5dFE9D93ECb5bE,1
0xf80Ef1822590Cfbd384da50e8A4Aa2aEF38017dc,1
0xc0A26b567430e1B4708a26677C07B04e94E37A8c,1
0x3a059ca2b7CeF069F021005e4713DFbEb91c5906,1
0xB1AC95A15aB91E6746DDf1c1735F8E524aad8D19,1
0xaaFb0204955De41Ade6B1BaB01cc249b35e4C6C7,1
0x179C5f6f80848e78E42c6BDa102CddB22a8A32D9,1
0x51294cF814DfD80376EFB577badc5e11c600aDd6,1
0x8b31FBA186FCD5c6d18a691671371D9135E259Ac,1
0x1676c4D77a30F1d9E7fAf0D54459bfcC207A14A1,1
0x838Bca83E0568703F011eE6c09E731C2AE8F18c4,1
0x37bCeA32e8dBbe2b04B08713744a864c395F729D,1
0x7a40E4513e337430678F1A0811207C788A7c08D2,1
0x0Db489657188e35242B1F23cd7324bC4AFE3727d,1
0x2A800734B5e319A5D652027B9e7DDc5642240C5D,1
0xE40d244f914538Ff8ABeAAae048fcd978d3CF9B9,1
0x6a1FF2AaAab0837F940ED7471E16d84e8953A035,1
0x0cFfDb26aA94Abf067dfC71f2B96183C1e7c63Ea,1
0x8ca6a9950492759Af267B1f4610eE2E71d13db95,1
0xEE315119f3fcaAf91680167B967592B1a6935826,1
0x343cC3d8480ec2Bd0591adB71d858FC4A9CE1a65,1
0x63Fd6394f16680D6D58a090b028Ce2C0d113a08d,1
0x3a68e7285857030C7bac691E18cB3DcfB7AB5031,1
0x67Ee5213155DD584aBb876B737E3ba9aA1f150f3,1
0xf80b896BC9C310576e14248F5f09d8934b5C4851,1
0x8D93c5E1e4439f91FBd21ceedDFEdC1D38410424,1
0x1B99BF9274a745597bEd00C4b9BE2d92777A23E1,1
0x3EA68B11Dbb95DEb1e9E7b55532E9ECee75F05F1,1
0x0493b6988aDD9a904926937Abd80891c6F0D42ff,1
0x4EE574C4FF098D5D7D18b2128296B3548E1e40Cb,1
0x0D33d24eea04a3F776733cDfE2c0cDA228E8e7cE,1
0x1D54eE6c2e15B168F35a578Ca2BCf49F6A46c473,1
0x416907B94b2550491495083048Bc4872E8b12593,1
0xDC2a82f1d03e6E6bBc9a05969c48122C274AAb82,1
0x572669Ea66380e5eF0df6d0F768791d0f0b014a7,1
0x8e44fDAF9FEA4535b5C6d84160B3Ce3799773FEE,1
0xb5E890d0dB308154D686856668A3f96BA659bdD2,1
0x7b56efC5039eaC595a175712F34344a7Ee105d1D,1
0xF249cddE7020193D2c836A81b58DD2c1993005FB,1
0xefBEe49244701f596E49FB649b46A8853f085020,1
0xEEe85b55F8C6EB0fb32ebD97006e05998CbeD341,1
0x3D635c7E8545710535544E816c54f82deB3BDDb3,1
0x7199c101324F3Af4E1089AA865f7D358696A8acB,1
0x59CE4e774d7fd49B965041a9B3BEA7E2e107a027,1
0x1c850d2bB346DA12f92FC06A8272274dd5EBBC3D,1
0x4DaE0d73d43f22F7484671F68FE533D35E429599,1
0xC06d834FB0cAd4C7A3aD1754E42F938A6DDbC2A1,1
0xdC221e1acAB5cFdFFeE5B34b9024f9F03147e20d,1
0xd8a9C601f340272Bdde86e563f2630f0cBDCD4Fb,1
0x477ac24Dc55aa17BffC2eb4dE093ca914fE2b59e,1
0x1146b980bD6e31CCc2a42140061Ad3De833828DC,1
0xE305a010074A5D518d1DdAA7e77Ca910bAdB9722,1
0x99FDd2a67ba5eC9fb98f451F0e88d0fbEc1eE121,1
0xc3D21D7464Db73A7DEA2bA44C8a8BB361450876A,1
0x4D393a8c2dd969d6BDa1Cd2974543e2eD7bbAa35,1
0xb43321da59ddaeDF60e850e8499a767A0abcA7BA,1
0xcC4Cf561Ff49Ec0B8529aa745C6225123dc8B499,1
0x86c16F44BC75851a9E2E16e28366aDD78169fEA9,1
0x5A9848573eaF194aae78DEb66AbfaE604b225AD1,1
0x47e5a7bEde47d277874357D3717aA4e50522A4Ee,1
0x172E2Cd574eF7DEc375f46daA2F06b0959B80685,1
0x1F34E0b879E9f0054Ac992E3eb80bedAf122eCeC,1
0x1a3e7c8cc8a423CD9195Eb0C7E744a6b9b1655ec,1
0x167e342cFef1a593D580f45b1509200dB75f2D1e,1
0x1f360E0a4632FF219c287053dDA8FF3690ad7aff,1
0x4306ca986546d7DE4ceA003Cd7095B88BAF605b5,1
0x133518AD35FD91009528791CC04BB4b01E176dD1,1
0x6EA012A3249ccc35D020Dd4124b739956966699e,1
0x669cB0ce2E50af27cAD691d617E3c77a462AAD97,1
0x64a8B1EBEFC4d2783AF9a123a04D2143dDF55599,1
0xe76F0bc0Ce62f5aa13315f3Ae844dDf1DE9f7A3B,1
0x66070da7ab73f44Af54AFA8bCc5dC98eD5e4923a,1
0x2de725818E427319EF0BC49DFa19bC2010Ca424d,1
0x9eB3feAedCcd9B364D5C316888b47ed21c9b48B3,1
0xfCF474B0C34da3DB9f6ed60e92d4a695435Cd183,1
0xec51ef3a781D2f32A3a42Bbc49DFEB7A79A871Dc,1
0xA6770A9e5785DBAa41E3b9B7e8F564ed52Cf0aAB,1
0x53fA4FB0924D660d5714dF2939b9A9dAdb9f25e6,1
0x2020d25530CF90f48F176DA7CD3d3C1cd282d400,1
0x0F9093c9d7fAD2829180a745e75a075E92C0E086,1
0x042276489F26ce13ABE72d0f947821D4D1034201,1
0xDC02781Bd75Fa9102E00440A7E6176985430074D,1
0x492e527B7040B471044d84B9040160cbfd272dC4,1
0x6C41d9169D27C436EDEBC08b53DCabDF901816E5,1
0x9aAEA1C9093Fd9524cE54E64aA8dac40c7957c81,1
0x9008E2A8C9F6E4Fe77CCF98b58652176e4451Ec0,1
0x4FddD3ABCAf4eEE299D2CB877A1Cb026627066F5,1
0x4d39C2499Fac8EBb24D3b6B8A2c9729Ff12EC850,1
0x2f52fD101A9d766A87B3b241Ccbe596337310761,1
0xE8b1EF36473Ae17b2f9236F1C19f99739bD969d1,1
0xfD308dfDB978b8eD3675A90394040C5B44989E8c,1
0x3426648b4cCCb33A7dF81D69993b71EF5e7207d7,1
0x6C45a98B88b48026Fd7bcc7f21D7C35a73c6ac99,1
0xFAb9933Ef539b812A17E4206B314147286cF2a74,1
0x0782b1906A15dDd2E4e8d1553efb176F392E01c6,1
0xDb10c9D924B58F5fad3FF0A72888FA10E740850a,1
0x1d2622961ef6997Deb6B4Ffd3a81627A3Fdc13A5,1
0x9F8B69EB4C91139cd7a8a8E55F16747b11564C67,1
0x992f80E69DFe5D5feEDcA4c500aE50205f1f9861,1
0x82E0D9d0DC14027BE54C44317542fD680A7766dc,1
0xB3CC09f18F9bea082829A3a92a338cC1E11d19FE,1
0x04c650b361A9f9DEcba87c6b87db11a67bfFcC4E,1
0xdAE80D5547F5B9431829eFeb2f654C17FD270b41,1
0x16ee80822e0ecA840Aa72a29740f494DE2474e21,1
0x818c2e04d284BF10120C2883edFCda659Fc5F538,1
0xDd61Dc5373A90d2D2bbdfDC5FD8B847fdDF5cA0e,1
0x8f6073FFCF8e4a5f90Ce473c3ce07FCFA07D1678,1
0xCC459846FF7587A972CaEFF28315c8D20390c4bd,1
0xaB51f0b65dF095Eb02C03B5dDb463E22EA0595fc,1
0x2713Cc0aE67Ae09F29563881ab4fd5eb74f272a0,1
0x4B12dA20fFB5a9FcEA8807DDc39cE4f0211a5133,1
0x3070665ff6e9d9877807C2C7db75dAd710C44d94,1
0xcda6e2Be5ce03F7820Cbb6EA7df1630C4D618Ca7,1
0x11e7C5CAa6Dd51649DBa8667B2EdBd0eF65ca5b9,1
0x3D51847413663696741ccC5081c1E9744B01c3E7,1
0x1998f627ad0F5904165b1796c4b111492365Dad2,1
0xAb58368030B5cCdab8eE94d5F1e626E75F546A3f,1
0xD38bEE8aEbfb13B1E00cE99c95d0F2F364087bB5,1
0x09B17dBcd8Ac17Ed5d2d6Bd22ECB8Eb68759Cb4b,1
0x52FB914641daF95A7596a93684a50909fbCDf857,1
0x3629b9B7986715a66a7C79fAbb834952C26b460d,1
0x913a40904e2A17420E30BaB4D238D2817894B909,1
0x3CF282CD2DF98D8589598fdE938eEcD1Dac9671f,1
0x55a56186C82ee1F35D3b652F98E533f62262Bf03,1
0x2834f1869EC9581fc6bF88D5c551B2E482aF6565,1
0xa5F7A90bAD45094aa676f81D580D8B93284E8506,1
0xDe0c164F9E7eaa3Ef1F7f01Da9014c325fF85282,1
0x365943fbAAe1b764F3bb15E71977Ca58F9ed9a31,1
0x6CbAe2A966C9bFac13A97B93427E2eDFfBCFC2d0,1
0x2dBb5eA4010f65a5fFf18b7D43a6C1237788A0e5,1
0xC8eE6F074786928374dce78391c2Ba5039F2f288,1
0x7FE6CE1769d511597C8862007d514b5440754093,1
0x1a363fE0cDbDc0be1d000831ac4F444454Df7753,1
0xB11D965d48DEC3F5402b8f69cB1DB5CC99A2128e,1
0xb1A97A9070cFaa4d5653911E7D565E1EC819dF4A,1
0x5900B9BdC51eD10f34A981E401F587276F3FF524,1
0x99f3c441662314e9b3F6333290C2E0386cc04bDa,1
0xaABEAb199E717C90e1608bFf914Dba33DdFfaB83,1
0x7Fe0639b003536014466E7F5F137733479932126,1
0xd9cf6912c1ae6626F83f28D2549Fd35c04ebc8bE,1
0x4E6A0929C673728941EaAfb6eD0284FFBD3d3648,1
0x7c96d9887ef2668BD26136843904e431ef6e3d30,1
0x9D63038e7f74bc089eb38e61Be8Da937918900D6,1
0x8EAdFF3CE9b58Ac209b0200EA66Aa35465703914,1
0xF637FA99BE2bb8c7FB05DD9382f26e1B7CF03358,1
0x20bdc2bdAE96b295ff4B6a3F4523E006B98d4219,1
0xaB8461A734A7A936f895bB056b596D6180B76B6b,1
0xC3EE19826F13b3509c8fEDcC5576552c36dd74BC,1
0x7f682CC58F4A8f6686C298eDdDf13512ebC6d734,1
0x42F826A51243e72DE658eb5274316F13163A9d84,1
0xD574BF8c9b0716e6245c175D23696F5630Fa8C23,1
0xD5D0c70A768a0489695596bB48030a3148a5BD13,1
0x599Ce1287Cf106a48D1b3E9777bEf005720DD7FE,1