0x5AC95F99bC3a1E19FBA1DB68B0b47d72839B5caB,620
0x6Cf3F12e5FE8Cf31F3CA0d02C318D9e055339eF9,200
0x0000000000000000000000000000000000000000,70
0x6CbAe2A966C9bFac13A97B93427E2eDFfBCFC2d0,45
0xCE30956d1C827706DFFf63E39898122BF1534174,42
0x8a82e0BbfA749f3CE0eEe92560BDDeC563f3c2DF,41
0x219b0170762E43Dd903DBde5ffb1808C9d8A8e9B,34
0x57Bbf050D8920E133869949C0C3803AFfc4015b2,29
0xE2D435Be0c6A8380e55b6f7cb75a0b5E7D2565f9,27
0xdde8A490C41bdF2aeccacDA1Df974f79F1aa4Fe8,21
0x5bA6a1995bb07965097E07B4B2F4f9a6e5434423,21
0xa2d2Ff5165a697d641C530aF5C3dCcfE00204038,20
0x0D853d2A54B01f846E5283FDb6cd3E0582799650,20
0xc4DA6319585Ff59912013338108ca895e48Ac733,19
0x60035bbf8409C6D0D92Bb42919115373a4e1A44a,18
0x2Bf08f2E7bf56A5aA496ccC0D71a1D86e4b2910a,15
0x10c1Af10e3703D377f69BA9f4D17A5f3b8D3F501,15
0x853ffbe0bfc151125b936c4995c3721a9688380c,12
0xCE2f93eabf8E1ff6bDa15EadD6B771F9171f71bc,12
0x363467759BfD02C9E6182c9d2b3015645719A376,12
0xb9c79AD75C9E2f3657aF5760052498B72F6d7a48,12
0x25A04Bc7379FAAbc0bE0421DA74191ea51713c8c,12
0x1Bf18f8AC3FaaE409d847BCf3B93Bdf1a5923bE0,12
0x45a1FE688c01CCfd4606aC31D1F7b10FE2aa875e,11
0x9e341464F95a9A9803b699f0656E309F30E2DA98,11
0x90e454426160419f683192169aCF3059Af3a3515,11
0x031633884306abAF5d5003Ca5A631Aec9Ef258AA,11
0x51DBdE14614231bdE7B18b70DD49d0914147eBec,11
0xC7e223976061bc6BB9c9b612ABdDB36e82932e1A,10
0xf64eDB06673EB5be70953BD1ab473b5143B08302,10
0x290dB8d204833eA62e25D581cBB472CFe09B876D,10
0x98488C8A8005E8cae743d571d2a0f87DB288Ea99,10
0x29d8BF1894fb077edCd5A6eE8eD475B6aeD5Dbb4,10
0x9cd1212f15F8347ae09a622ca5B33544F91C0d30,10
0x24D20F4E413d54Fc5F78b381EE09fbeea1e19A0b,10
0x8b592391e63EAE086e984171a192866ddfB1CCEb,10
0x7b56efC5039eaC595a175712F34344a7Ee105d1D,10
0x0920e18aadbd494a03C9934B0352A5652e049247,10
0x54B4B93E56a0C65B93CfDdb7327441661319ca51,10
0xa5fF61Bba382A8F2526771f09C58968e1285BD67,9
0x23928CfBfFe0E450a866e1542b9bB2e94247Ca62,8
0x0170168b95FE16B03A38b485AF06833cA601f7fB,8
0xE934e9078C788d57abfc0F67Ecd8EbD120e750AA,7
0x611471Bc56a47c85AA4f16b109CB2a2D0be6854D,7
0x9D3714cCEFf1e57D9653158c877dEF1E74bd6f20,7
0x1ceB4110A956F29ea04bbdB599eCe5520C61F712,6
0x66633Cc6B84CD127A0bb84864c1a4eA0172469A6,6
0x009F27D1fffe0664AC64C5630922341569C4d337,6
0x4B63486E9Ec3d19f32B9FE4C1715b5943D6410fd,6
0x5C57dB5A56379f0993D8C119fff1BCB63Ae2F4FC,6
0x58AD5ae241F2e3139DC893d35Ddf329451eDB9F4,6
0x77dE2936083f476c4110D304029d6dAE2B0b4CB9,6
0xE186D3d5f0988e4307e51D804BCeAD79beC6525a,6
0x8e091Fd102200b794e5659A8237C20e275C1BD18,6
0x9cEAF5c45215B3bCEEb6fBeC89192370089988Ec,6
0xB6C3E1cddbcDC2E1758a7CC677749D3c6c811f8A,6
0x830A07B30b7B41DE3e0a6269C22F84060D326365,5
0x29168cce1A88138e9cdD3aEb509F1DfC6E21a857,5
0x4f05ACd4c8af08F8b0b43e444cec444dc1270861,5
0x5EE94c916A99c22B9ba9f374F16C6F1f09f02eE8,5
0x3fAcaCE626D23515ef2f76D4b5F5f4d2a55AbdCA,5
0xcD37ae6f4972dE5b24112e4168D877B1eaFE998c,5
0x40823Ab89697C850c76068D6f667b7069D148bad,5
0xfa7b616E68fC25c0F590b17800830bA3C2876766,5
0x07f0A3e8DA9D3881A74F64E8Fe09EcDAA5C7433b,5
0x5906f44D502feBdb37fa3d20283436522f7BD338,5
0x38afAEdb78E2A0018860b06FE231292184CA14c3,5
0xe5b0f31b041E7730c3f8AEf407B0B4C0633EE4eE,5
0xB7ACa6713AFAC83A3A9E41Fe5252f58a452AF733,5
0x112f0174E51F3039668a9df8783451772EC9DdA9,5
0x0EEF09F02c52CE98E94882E2733988b5328e289B,5
0xA0532b402a110C580478B47f19382CB8cf5D3E99,5
0x0EEAc81cf8218691721A57CbEe4ed59770B02F8e,5
0x57FA37D6F5A6900a1dCe26A5C18ff4A8a5849015,5
0xA835accA713f9814668FCF250448B61A40e89e8e,5
0xf08Fc22abc7a83018631A0d2247b8c9cE0c0EF9c,5
0xBd2dc1E04E8131421b7578124eB92F79d4A39a19,5
0x829A2Eab39aBB84C1E0Aa621736a14443b5c5075,5
0x083B82f658537B6e372EAc865EfffC8EF52efd1E,5
0xFa6CF06a2EbC7A1FEA70cF56B7D647f75C26E4e4,5
0xD65ED38DEDEbb0353F89E83d4d4499F9656Ec01B,5
0xd1a5b91957530E1B3e9cfac1543467C60c352F69,5
0x7Fff80a8b0cc95C3A28eDbCEF9f2ca08e2aC243f,5
0xA8129913F7961fc3C62325fea1490ECA51b81A71,5
0x10b4ee99F35df1fDe98226eF7438Fec12909eF96,4
0x0413B621da3adD63B35a88f9C7abE1521DCE587a,4
0xee40b443109078E209848bA3229d215a037F6A37,4
0xcA77380D0caa2D2EB484A4C0C92926764CA9587b,4
0xd553Fe129584198F36DcF6e54Cd3176Af2d5BE0b,4
0x6fB6CdD521eA6bB09B1FabFfc778f125e4abB2B4,3
0xd7878C545a861B71F3f34753555694f875f92CFF,3
0x4F85B87DCd91573Ed0De11eDfC55fF0249171e55,3
0x76b849d7C7ad2803CA81fca5F0ca539063Bb22bD,3
0xC3e782033009c0B48c4bF39857daae9792F4f646,3
0xA1aF9C704783F887dAe66A09ab123AaD6373df9e,3
0x8dbCA1cB6478e653A041a08709a09ba71122f734,3
0x98B4C83b18B30eEdcb327d6C95d99271fE3ECeE9,3
0xE559285e14B71Ad8158711bce96730586aaCB7c3,3
0x3386Ed77487bB2FdE8775D85c92d6d031C0b555C,3
0x29B98D6898D77Fb5379Bb27B335112FE80f83aD0,3
0x5B7BBBbB88fCE6e1d4CCC425e58CE144456e64d7,3
0x54cF78C31739B97F87381b19937d13F04DC9819f,2
0xE65d55C1fBc01Da5F80e45c9108ab1D39d5b6A54,2
0x65c9b2A035721D4f382b6Ea38a0aB0519eEF7ffC,2
0xDE29E31A9B1032c2f511d53b46253c4D096636Bc,2
0x42DF82dCa70821b7f69d3D84bA00923674d20881,2
0x531f34f4151830997d68A24e9eF1497788683b57,2
0xCd0A87c465F768CF17A59E8b85691810a368e68A,2
0x2300c809b71FDAccdb743618A79A2778C24a86D6,2
0xB42494518fc7Ca35224538Ac261deCEe610C9118,2
0x985FDbCb45411889e539ABff1DC0073a5d305038,2
0x02f63d9B019441366F5E3cB0e691A33dFB8e8f1a,2
0x41ec28eceb137789032B2B505A57c1dA829934CD,2
0x3790cF357d380930C384762F6Aea7e86Eef6B1fC,2
0xeC5897C5466558Cef257401a92568B543aF6a864,2
0xd56C5192AB9cAB77c626F4283a4688bEF77ac1F3,2
0x52fb93047ACf981C64a3d54f9FB63d1634293766,2
0x2A000BA2E9Dea487455d5C37713AD22D754d68b2,2
0xa6614E006c2a40cE4933A98E9d57CEa09EA47C02,2
0x51b5ab70e4a010388De62C96698e269B3f492D19,2
0x643436FF58fF84eF8821bB3d00fd9976a52BAf0d,2
0x081486dBD257fCc0bA9d367cB0Ab061eB01bc226,2
0x4DA04Ca44eF0A105f159ec8D9595423c1834FEBE,2
0x04795cDEE2B677b46878896DAe76BE5CB174dAc6,2
0xcAe127dCd31D460376Fe98f03390342e49410b6e,2
0x61051F0dff0eb1C4706090FCbE06278aFABa2e5F,2
0x7Dd37f2643B6Df0B489d034ce39EC25f4131da76,2
0x33a5de978D80168F9b7Fa45679F97aFC17a3B4c5,2
0xC7724bb40C3D01EBCa4CCC1E46EbFa510E5E6305,2
0xb8D21204Ef6799155eDe6B188A709c0125E2A2e9,2
0xF274418c3A0A0328beaB79625830917f48b4933e,2
0x3F9d4869D78d34Bb5102A8743D236Dc8BE5703ea,2
0xE7FEfa214cA57b9bDD20F83E9D9Eb5A84cd9baE6,2
0x84Ba5579B2711D7258839C3d48d358a274045f1A,2
0x4ed1053AB7c9c0eeB906deEAB41d0B1843F2f0D9,1
0xFa2049AC8f12fc423C8d28754da0d7E72Ccc7a9c,1
0x0E2c023eFd9bB79580621fBF26e612368A7233cE,1
0x1d1DC008ef7E70acc6251858710fE2C7D4e8e431,1
0x72bD085832dFDfAC645e5C8412023Ae2144C05F0,1
0x420a3d9F4e4717F6de47D6748a9C5a5Ca6e60c9D,1
0xeAc5E702e9Da37ce8630d1Abf21DE99Ddb691D15,1
0xF823F9D6f0E68E59B385B252d859782aD6BAdc72,1
0x99a32FFB380Ff7dC9cDCA211dC6e27849c9E7bB4,1
0x9C88367275f6eA7d8F0b9416Ee927D22d9Ff7D28,1
0xE2441A654Bf336d561b150Bc39F0f0F9288B1E79,1
0x63C00E100875AcE13b774E15D355E8994355cceE,1
0x8F3f70f2917985b1a7ec52CEDf336744446908fE,1
0x4d41E30d21B61DD782f8D08c2f6b33273655CE93,1
0xEd6F695F1Db79428c0aFeB1697AB3B553a3a7CB4,1
0x1426fb80621D96698F5C0931992B07F6E52ea2C4,1
0xe9ce25d8C5E27E998258E49CaB3E7869920AFaFC,1
0x60E5534e3Fe9ee624E9B70C3dCB85a9E6C1156f8,1
0xEFDa6c2482c14CE47b3A1a553BDE0326F7E17D23,1
0xB20dDab2691432edbf3EE231427d6083457Ab3f8,1
0x1A64eD145A3CFAB3AA3D08721D520B4FD6Cf2Ce2,1
0x03A507043314ef13A83aFFFbAf15d89055F64666,1
0xA10597A6e82566364449AB0586E9D08282d3C356,1
0x8De96F6C2605Db961258547C80CbF45f4A456314,1
0x45E1077d1F83055B1bBE633680189Deb0376e26f,1
0x96Edb0C1dCC3B4180cCCaF211Fab4B2eFe02b808,1
0xE5Eb3808D09465B1a543228FDE384C91D6715437,1
0x90E815cd3021579a454B3FAa83642F00586Dd9A3,1
0xC22B4e197f976b3F43CEfaB6aD221Eb0e5DdA275,1
0x31F308D8cE09FeCc6342DFB39c34627Ea173C6c1,1
0x576C12004D897B8d64C05F7435C40B07190c38eE,1
0xD06bE2D103d4e4FeEd867e90a74B15f7026b5A13,1
0xd85ABBBc56016193C373A7Ec720858CA9823aE22,1
0xA6D3019730c77A5dD83B2A1e75BF55B1b33d6d42,1
0x568eb64A2dd8D4b1B41b5227fFF0ff095BFb2874,1
0x1D22FD7DDe53585E70EDC5721803Df8672408aD3,1
0x2DC96Bf9fc8EE1E1A3Ea82e419F415FD25d722b0,1
0x24523B1979Ba2603A66d613d00662b63aaAdBB54,1
0x0DB4dc9A7b9f016dbFaa7e1353956a71567759D9,1
0xA818060139237A2dd3ca4994E4eEb4547311E022,1
0x9B935f2EcB4Fb10a060995e1E56C7e14a91990dD,1
0x6E703F9264375b88791c958053Be7834eD49d769,1
0x2ba17611F03068a12407B3d2dEF5A63A3E5aBD8d,1
0xf3e74126FF6E50b9B09bEf902D7E51E65B1F4db6,1
0x6Ddb992bdad29Cd7bc3595101733C1cf7f7c741D,1
0x01E6fB7C0F6020b90AFa43F42E4E79164e25Aec1,1
0x3Ae20554d6611C983e859037e9541b5DdbCdFEF9,1
0x351bee50d58846a6D5600382B53ae6acbCCd1731,1
0x39c008876D560483095908E3988DF3a961e2f68a,1
0x54dAe4c0896B6aD182dB6629feCF2d65Fca06040,1
0x8b5505419334c6aB123Fc51FA55bA5eDf164bA39,1
0x77BBCB94ccc697F0b3bB46f16f667543CcceCf4a,1
0x8B96b7DC3Ed8530a43E4eB50AC67a44bA54764d0,1
0x6fF5723435b7dfC2371B57Fb5cB4c373E5995C78,1
0x08cac3E127A370Bca0f51caD5715E085C5619398,1
0xA7a792E0F3e13C72aDb4706AeDab355033EF768F,1
0xf91d2F94E699068f8E979488dC5A9Ab15B83B1E7,1
0xA672E2aa5E3D282af5300b52bf7F0A804323f93f,1
0xCb1f65e51E30A9Fe31980C00a1250Da1C2aD313e,1
0xF4C172db98c208A99Eff39D4D6fF35e90CF86C7F,1
0xaEdE4A537Df0f9D1912445E6bE4eeD702fA6BFCf,1
0x61F3452194de23C765560415894f0249560eCbdD,1
0x32b325697f5524977bE4e7D330419A83E81e6f23,1
0x466529D7Fab05269f9cDE1a8Ea582a1875B87c8A,1
0x7d5E6E52443433BB8df673844b16a391D770d001,1
0x19655b64BC180742F8CC62129D2B29A4b76897De,1
0x2117085E7e4eE35825A9C71bbE46AAd8c01789f3,1
0x117eeb29fb239E147d767E5C95A8a7185CA2569A,1
0xD86180Ef5A900e01ae85Da8a91c371eAF34D8Af3,1
0x0D559c61F4c1D5E5F01E2B64595139b02d999501,1
0xCB00bAe3D2898f8e1A96F60B7b10e6a3720f6dea,1
0x347A32447aB52c5b81350a4523c8152Dc4a23414,1
0xB28A4177aC30Bc95Bea1e409bd46924176468959,1
0xE8f06175f3Ebad35e51B4b0bAB7eAb1042C2721F,1
0xbbc91096961EDD3659D136f8ab3cb8C35b6a88F6,1
0x525132158d6966AD6BA7b729295a73616a8A06a8,1
0xa52Ec84cE35D4426599A7947f0B8778fe03CBCd2,1
0xfb10EFE8d84E73061ABDfa5F87f26aFC1f0a98f5,1
0xd208c034f58A1A90d69dAD5cF674e986a259F83A,1
0x7Bb20AEd3388d25dC17BC849CaF9Ee2A5289ED1b,1
0x90EB7213Cb30Cb671f1057746d8139C5dcf9B6d1,1
0x91bf28E62b7752097aFc4aF2FdbD27d0B41f778f,1
0x64A77D821a1022fd77B4d55EaEb0CA99131EF908,1
0xDD31a8026608307DC60532c392E22f490bb19aC8,1
0x0DdD9DD9B77d3Ba97B2496e3590787DeF887a95b,1
0x4cd42Fe0DbdC75E05206d3E5e290806c8793a4c2,1
0xCD275d536C1fAfF7dFa271aB1CeA2bE091f137Ad,1
0x5561134fF5b24700d1F8D45FC59F73d023eFfEB2,1
0x00F26589Da737c93a08228E0d168d0Dff5492f2D,1
0xc9b4EAc1DD76dFb71fA27c4Ed42597Ab1CdB7852,1
0x30b33e450735Eb5A617C2a4B5C66323079730532,1
0xb282D1E991cf6c0b15CFFdbAB1D9502255f974f6,1
0x16b76bd17017aF0F6D2992ef70A665B5e2744078,1
0x0CD969C66AB682e7DA5Be514B7764bE055FCFd57,1
0xE29A7735BDb24b89FDaa98Bc63eB6b6bFb7259b8,1
0xdc49D25B2b8458783f563Df08c0Ed7fe93d2D92d,1
0xc421DC97217D81f57305468C4fBeb07850dfc60b,1
0x58Bf211821A5B5638c16D370064496dC512A2513,1
0x7BC08Df36e28bA76d20De99D156A09446c71B1FE,1
0xA200369d36d9a1040bDddDf7F83995220E87211C,1
0xcFa1Bf8CA39A89B6c0E9AFF55454B20e589c0dA0,1
0x0e551a523BD88f3815a5D4CC6231fBd513B28b9a,1
0x7a0FB632f86a8C8236aC8960b3a9cada3e7E0B30,1
0xb0bf6F6Fd3C8bD194d94d39a41FcB99FdFfb5273,1
0xf943B9daac52568c3f5B5Ca41b0C31Ab2d737c42,1
0x84EB048Ff7f52fABa4873832654D5dD26A3E2966,1
0x1A30254019b2dfBC7DD54B651458482B9451e821,1
0xB3F29aeB8Ede7799213B42e1B2FBADF609815056,1
0xb72Ce1F1687152CA5679884BbCA888893d528a2e,1
0xc2D181726c904De54521A705beA1c2885C89c95f,1
0xF7D5fdDC3802e5fD875C15f64A36F584F6bf540B,1
0xFc29552Ed5B83d5E72B2254d9597985a865F1dae,1
0xd316A6cC92e70D17E83D63cd0497Eaf87BdB28c6,1
0xd742a5AAe25713d697DF3D7c762B678D10AEA681,1
0x14ecBE763c02Cad710eF43fDB7dD00aD93998a88,1
0x7199c101324F3Af4E1089AA865f7D358696A8acB,1
0x64ff673f94B71aeD4F2F67c93D995e3714054F6f,1
0xEB398a02335DEaa61e8fA6A286eCAE9CB9aCa952,1
0x1dCecCD9597290c3f86Dd17b09c13BfbAE925e17,1
0x17fac2D0148CeE3cDBbAF7dB4e3263B0fFb978f6,1
0x288A4e70Eba5d4f92e28F8CCc561E9fC947304A1,1
0x1604EfA11c5b7392BFd161f6194EB7d636e01C31,1
0xEF3623a9599cB59F916d189346aE02486131A98C,1
0x9Cb63Bc3fa3143dD5f732De333ec3d0B145743fc,1
0x030528dC4D1D6132Eb618Bf245241204aB0989e5,1
0xeBb28d2c512Ed1786b246C7a96328ab308ce0f42,1
0xa9F6f9F3e1bF9831D07FbC5c7AC16928E682e090,1
0x833613759E76b54De956A6dF89A7EbBE172bf47a,1
0xd4F31dA4127B082821ddfF34932cfb93EDd1738F,1
0x5C2F42c2Cf2eE5E0729f98E72063C70985a101bA,1
0x7A12028000d4494cA7501e916C8A5fF8bF7830d0,1
0x01057F8E7a7FbBEe878c59982a4aEFD8D377449d,1