0xc836bb138D419107e65d22dbb42377142446924E,7
0xb60f53B52BbA583293Fe7378F49FfdEA8b165bd3,6
0xe2C95f06CD1a6F9D3c86eaff3f67fC9A4aAF6568,4
0x6fF5723435b7dfC2371B57Fb5cB4c373E5995C78,3
0x45a1FE688c01CCfd4606aC31D1F7b10FE2aa875e,3
0x6a9A848187fd97B045ac94F533C8Db34613f2460,3
0x8b458561eCaf5197000b4dfFc5757800934f71EF,3
0x756b456EBD43866204231188309843b5386b3987,3
0xDa0a4a7b33D99fa767fba10035Bb0A58EF6d5a1b,3
0x63C00E100875AcE13b774E15D355E8994355cceE,3
0x465c63680F2a0B4277d9b4CEcC3f3310e531A77f,3
0x49000B54784C0359A9ed744a5f3505d39043e451,3
0x25A04Bc7379FAAbc0bE0421DA74191ea51713c8c,3
0x0180927b59FC9435723E974dA015bC722456139d,3
0x9D3714cCEFf1e57D9653158c877dEF1E74bd6f20,3
0xAF7625b57DEC124c5cDfE065994aa17b3f7070e7,3
0xF851CbaEc4C1FDe75b25EF1C2C14EE2C327134AB,3
0xeBb28d2c512Ed1786b246C7a96328ab308ce0f42,3
0xf08Fc22abc7a83018631A0d2247b8c9cE0c0EF9c,3
0xc4DA6319585Ff59912013338108ca895e48Ac733,3
0xd1a5b91957530E1B3e9cfac1543467C60c352F69,3
0xA8129913F7961fc3C62325fea1490ECA51b81A71,3
0x6Bb275953D6297261386A8eAC44db37e8f278eBF,3
0xc976695a56187cDA775775307194688908B00A4A,3
0xd14edE4B61195bED37Af792DD0E312aB1c9FB2a8,3
0x0413B621da3adD63B35a88f9C7abE1521DCE587a,3
0xBCd3325961cAae222A44ad0eC90Dd15ce05FE60b,3
0xFa4876248E44168cAfec49f05C0820639dA6E313,3
0xbBA58B57dA6c6A89aA64Fc0D534Db505366dc5b9,3
0x993666f71A92c085B1F5Be11d7873789316e8979,3
0xeA3E579dA60CdB97f3870f862Af5DB982C0Ea08c,3
0x7d4053510C0E2cE0f127cf890FdB84F1A36cDC6D,3
0x06eA3b4fc6E7f8E8CEb712b641c49479963CCa46,3
0x10b4ee99F35df1fDe98226eF7438Fec12909eF96,3
0xCE2f93eabf8E1ff6bDa15EadD6B771F9171f71bc,3
0x7314d37db36d7403Fe37669704eE9a33F589496E,3
0x6198A21292308cE287eb9e36e273c1773c5cA888,3
0x7b4Db86B9c497ef68f6D956350B35d9857154042,3
0xF8993027b4324884Ed55a6868866f6C1b406b474,3
0xfFFA889f71003F256F0E14B48e54FA2dAd1F2ff0,3
0x1604EfA11c5b7392BFd161f6194EB7d636e01C31,3
0x90d7D90ff5B54fa6a3571455FdECB10B343f8464,3
0xFDD867CC29822F89194F0F9c089f9903183d5423,3
0x250343651C846E01DC9d65821FdBDdE8d692Af5c,3
0x88B8dD3E10788B48314567F512CD3180716F8D5D,3
0xC529f8B3Ba2B9ffC16c00f108780E91E752D8567,3
0x91bf28E62b7752097aFc4aF2FdbD27d0B41f778f,3
0x984886312107a9ae23B8290D6C1D519A737283A2,3
0x0Fd21f863D9A220bA194F28216D20ED968e99083,3
0x40594F31B9F2939851fBE64bFf6dff996c75Fbe7,3
0x2799aaa2c28425B6554914c459da470C5198BC4F,3
0x6Be9a337C58Fd7F636eb999B31BfB77bC332AC44,3
0xF507d8235ec866CF78e5DA89e59BCf141346bEBE,3
0xE41A21eB617060609b247AC62cD344f538b7b0DB,3
0x24f71074934d5652F9966959929D310620bf78bE,3
0xd34945e0Ebb0fEa7078043242A3691e3b9F82CD9,3
0xE0279B1532c9f5De97cc2Ce5f47F8B8A5761265F,3
0xF4972D0085e50787D7C2c6A46a7A09e1E7044340,3
0x4581b0c0D0d6Db8Bf970E93d6bAa004F0254d6Fb,3
0x6Af1c53a7c57269a7E0D35871147488F673CF419,3
0x28091F0613f48258Ad41bf2f79CD5184eA69cdE2,3
0x290dB8d204833eA62e25D581cBB472CFe09B876D,3
0x90EB7213Cb30Cb671f1057746d8139C5dcf9B6d1,3
0x38afAEdb78E2A0018860b06FE231292184CA14c3,3
0x65Cbf9A496e5BC9CaED929b2007633Aca8b2EF2F,3
0x941eaE7e32d4cb95d1147498c66152E6B2084f8e,3
0x2B7815fE62d1487b0Eb728cc3bcC7B5a8F9C83a2,3
0xee40b443109078E209848bA3229d215a037F6A37,3
0xf71F50AD3d8E6c48cC15e7Ec29A62A0a9E17bE65,3
0xb9c79AD75C9E2f3657aF5760052498B72F6d7a48,3
0x04f56519dE241935905729A9120758616ffF0B36,3
0xd553Fe129584198F36DcF6e54Cd3176Af2d5BE0b,3
0xDBC9C696Dafd0995F129c81EC7341AfCE6f54D88,3
0xD0886275a97757676f051B29D3b636bADcB1Acb5,3
0x043EFfb6815C7D75b269EB8f9c30dB6B248ab64c,3
0x020Ee2b3876d33EdE0D7C751a3a4593CAB11b90b,3
0xf64eDB06673EB5be70953BD1ab473b5143B08302,3
0x65565Ae7A300ebbff1a5d8456667729Eb7554a74,3
0x7A90dA013E9F9a77944C6e5308cee2b12ec092b9,3
0xb39BF4d0a51FBe4525D34928425317B7cDaf63E9,3
0x266819E6C2Bc359EEF9f2F850E3701F56a16E8f7,3
0x758CBCAe1D0Cfeb48dA45954022866b926a2f714,3
0x96539455E49b8DE5738f85C2347cf7955775f502,3
0x997F4EAC2B90e2af1909Ac93Ba7E905386bE6062,3
0xd3740f946F67E89F0F555858AeA6D474EeC193De,3
0x8421d61ed51cd05dc041c590880F3A8a829CCBa0,3
0x86839204B0A82F07bC779FF9a1235C0335406FE6,3
0xE408D65d495c567aB246E7c90F11d15d96c1738D,3
0x89BE2B6c5E3f396485A655555a304dcC48f71d00,3
0x2895FF2286A610FE63c6412FCf2D46127439FA68,3
0x1208614666298B08C8A3B49FeacA7dDB3A105d05,3
0x0332A05C57a3c9C56F06329fef7B12f30dff8085,3
0x2C21E5bDF5A29C6D6Dc89838C4815B539f9f8B89,3
0xec89B3dF2a27f5D636F7f03728720989b52c42a4,3
0xCE30956d1C827706DFFf63E39898122BF1534174,3
0xC7e223976061bc6BB9c9b612ABdDB36e82932e1A,3
0x6c543fbAfc5A4dF7B85ecd09fF5eb3B5Ebf21e5d,3
0xF5a6545d7a25A9fB67E8504f66ac6584d692B907,3
0x297200138926A1D9a85cDE6952f316fEF7ebD169,3
0xC658cc681F036545A478bA8A07b1e4b42104F71A,3
0x7B4D11a3E5eaD71AD66fD70eff0Be1a5DD09336B,3
0x20B0E84F57BcDc7bb757EbfB8851CEE4397D97a3,3
0x1cc42446804338f73C9cBa99B5a0e0A695fe1074,3
0x1dF363ac56Aa413AB63E2D183144B1c4D7A1A7a4,3
0xD38cd7340281dBcA93Cc21C108F646D8626a03aE,3
0xE69453bD9Cf83f7a3d12B5bAA2E555D76A0c8947,3
0x58AD5ae241F2e3139DC893d35Ddf329451eDB9F4,3
0x3CF282CD2DF98D8589598fdE938eEcD1Dac9671f,3
0xC8F81598ef59cf1D2beeF19f7f6F1991Ac619883,3
0x8fEb5742Fdd17514244F77b006c99503f4ae2Bb3,3
0x424E7c57E59a73DD162e59622e901002E648b15D,3
0xfE76B2B3A1512a10Bc294c4d63908364c1bb6dA6,3
0x656b51e1CEaD1d5C2dD64fA68A76aFB7eF91a528,3
0x7BD4EC07f6466137A9155832cd6f3a8D4863D811,3
0x45648cc2DD919636E57C8A5e70761BF37479F0Fb,3
0xB24B961C30F5a4A0F599513c52b790c2b369d7e0,3
0xdC065fB9bd6D5D6651E257E5799Bd38Eaf005FC6,3
0x5b08fd7de603Ebf9756EdF5E8355Bd965DE7c12B,3
0x57Bbf050D8920E133869949C0C3803AFfc4015b2,3
0xdC73D8938e5A0cD63a8203A9A295ccC6Fc29bD0c,3
0x507303B99c42F35058B00f6Bb507cB2b094B616D,3
0xc6F38CA3B9F12a7C9B17c6d8E832779adC4F548D,3
0x3A7f3EB3dd803f41CF6C97Bac5a806d5E04d25fe,3
0xa884DeB7E52522201118058a8981A5A18D99F60C,3
0x3fAcaCE626D23515ef2f76D4b5F5f4d2a55AbdCA,3
0x3aa50e86b3aC589bf3a9b9D3f90Bb6801611e8ED,3
0xeE0919EaA80d4b618C747B6b4bAf2aF2C94a333D,3
0xc76984d6AB341EBe4E9Caf31e47bAcB1a99c279E,3
0x0b71E6641e356f3ba31d3ed4EA006DD1B227bdc9,3
0x7d5E6E52443433BB8df673844b16a391D770d001,3
0x03A507043314ef13A83aFFFbAf15d89055F64666,3
0x79dd962259daF6847c858677F4C1B29D04522805,3
0x69f81a0E1352D2c0883FF17180F5a3dE2A269F26,3
0x0089e617a33914E170295fcB5B7a33BfE3DEA922,3
0x7886aD834484e953f47cFAAeb46AD9af0137ff12,3
0xC00cACd5C51cBb1901D8ED6aa9f9C02E36939467,3
0x4f87b3B56F0BBe6c208121447CE202fC5201c761,3
0x27c1c08A4a12B005DB81521e42e3679710a8C5C8,3
0x5f20a0eE72Cab0162479874316fE6c199a0D5b67,3
0xEAfFbFaeEFa5449Ef8d5b911DD2f6a0446d9000c,3
0x644e420066Bc23683AB77bA8250079C5BCD4dCa7,3
0x81F8541Bb110E0AB16f61B90dd1cdFEA73633Dc3,3
0xE61b23f39db4D74C584dd7D0639D809a81c60C57,3
0x91dE4D9ee9985431283c45e73c6e1e181c59f7Ca,3
0x175A4b2A50744Fc7A9d3c3DcAafB4c372F9DEb3e,3
0x696125F821C924F642b9aa0816f3A19fCF334D0c,3
0xe48B55279Ff749F689D92c3e95c2027C2ED36D4f,3
0x71f445A03d37DEE22ADb3D4f2b5C3C87B5Fd9F4c,3
0xbd38F2b6049C1450Cf66C380B11Fbf39E3Db2Fe2,3
0x7e4D432ba66d1bd75300F9436e886d66B909a929,3
0x1286ebD4CFD1f3cF81A0F0Ce65CB3c315861BC88,3
0x5d171A348263f51c8de539E9C0628D13CEFc2b72,3
0xE2D435Be0c6A8380e55b6f7cb75a0b5E7D2565f9,3
0x8E3F39855AfB0594A2bb93E5019c4F82070De3dC,3
0x030792896Fa096d1aFc429f3520CB7dD549cbAF2,3
0x0F1cC451cd64BE40105F29d9977226ff77B7508b,3
0xC29631B1E81b73dc539b42361589954C4800d3c0,3
0x408A09724073288e25029622c32009cfeBAb238e,3
0xB6C3E1cddbcDC2E1758a7CC677749D3c6c811f8A,3
0x90fA69DDB7faB3FD5C67039882528470081aDEB1,3
0x3FCd59E9B4003ED606938A7Fe11a615bbD56F01c,3
0xc548844118a303157Eb40e30C155a0d0Dc0e3B9a,3
0xaF1B2a07523D4Ebf6e6835187ab896D31E177eBB,3
0x3FEdDBd4283cB43af3F21Cbad91FF35e2bdA286F,3
0x66633Cc6B84CD127A0bb84864c1a4eA0172469A6,3
0x0b493Af26Fa61E5FF84290cA934b7c85E3195505,3
0xe271583e7A5D9255D5EeED0de3e5171dfA68B40C,3
0x431Ed2EeDc0f71191CC3ceA7E249a70dbF557c75,3
0xA200369d36d9a1040bDddDf7F83995220E87211C,3
0xdCecB2D0FcC39964655D06D7bC89Af6242bb2d68,3
0xe6E9B596af87a5008e6ef2E272F83216De050D07,3
0xd2f51d4351327574bbFc426E2681Cd4DC8F5d456,3
0x420459115C8D049832A2A366d8700e416A432e4b,3
0x297f1e490Ef9B9a2D2797bDFf78A2587cd19D030,3
0x6203552c1c6601902EA2736b00CaABcb9282Be7e,3
0x2B2eb20D3d5F2E45525BA6bF18A404F1e2F8F056,3
0xc1CF8b4D74936D19666a90924be0e8ee91fedcba,3
0xeBb8fc3606197F2f5f6065E363C483f0E122E756,3
0x15551B41E61f017C89BfdC2d073881B6e3F9aF97,3
0x7C59bf01017d4A6fabc0FC78cE0a4c5a683FB99f,3
0xbBb90AA74d96046755F1aB108E62a661EA5Be28E,3
0xA7c5516d130B4393C49B06D2312aE0Efe0463FBe,3
0x4Bf2Ce8515176fa3C6F6B3393EBA5EBd8941109f,3
0xe9ce25d8C5E27E998258E49CaB3E7869920AFaFC,3
0x0c27e026466048CDdB22aFaC8860007e64EEAC2b,3
0x1A99cB1190f74f1df54a164F5b994B4A0f42Ec37,3
0xb4fe2ccDa14c4f4695B542c144a42b9d6008309f,3
0x8d95863B0FD4d901c6cdEeDD9640D8638609D38b,3
0xf82624eD7303aDcD8b34Fb53599AFe512625616C,3
0xF823F9D6f0E68E59B385B252d859782aD6BAdc72,3
0xC8bfe2591052Ea577f7dDae3EDAFFA036b7C53c5,3
0x219b0170762E43Dd903DBde5ffb1808C9d8A8e9B,3
0x8B89aF9Bf0798BB44C7ef0CEfd1C2b75C477C0B0,3
0x3344bc6bc06D1a631cDf627c885033612Dd532B8,3
0xf802f4960171cDcCe8CAb191800143F77931548A,3
0xFED1b842a85B9F8402f716B24C2fB28A5BA42ebc,3
0x2C2B87fcf3c1e60aD01b98a9b00bBDA1e4859CE4,3
0x8798613f234d75cF2FDd00e13389fe8E3EDf55c2,3
0x5dfb6AFb4fbF2363Ee0992B8fb11B8D4B594e197,3
0x07900C85840450ccb4E3F7a914f25155586FEEb0,3
0x3F9d4869D78d34Bb5102A8743D236Dc8BE5703ea,3
0x86c16F44BC75851a9E2E16e28366aDD78169fEA9,3
0xD144922dF0CA6a1faF0692838c74bf24fE05380a,3
0xefb413d2bD1c2d08d0b729d0797a1afA2cD94B24,3
0xaF2519792Caf949318a7ed676509646D38f42FDf,3
0x5e92dD09864213a896D676783906D621168067e6,3
0xD923dE646D3f0BB9Eb7f9169f259C79C3edE2188,3
0xA2c5EBC1549c3E02d55Acc70C614eb16c72faCf1,3
0xf6F02d5e6D881483e618fa7A91d885B979740526,3
0xe2F62DfeF10aC98830c9cD29EE240B18aEEB803c,3
0xc2703ea9da719578d5627f2D7E5B471E9281A268,3
0xFe5a81F986f6321deb9a652191bE6eA9BA8C9d67,3
0x54A272eb57Ef6817EB76096Ac384dFde240362ea,3
0x62C9cF302873606Ec4Fb087a872E30e7EE4Ce935,3
0x2764F3102510e51a7d3543A09Fd7F49b1d5e2439,3
0xC36f510cda000588474368b78B4507A9D6f598ac,3
0xCef87676b7dFD1538e8C0dA209Af820dd057374E,3
0x7b56efC5039eaC595a175712F34344a7Ee105d1D,3
0xb6d990Bb31249C54cCfdA7F69E9DEf9DC0084Fb7,3
0xd4E0F7eaBCF7703755583A58E98AdbdFF10B3aD2,3
0xa80883774528Ba74c8FD32E25Ad958ec8959aD51,3
0x6D9E8325DC6a5c32884860b8BCA2B8bE515c85f5,3
0x77517b021eB4a40577CD9F75c6F7f27Ba5B3a1E2,3
0xC81B947b82F4Da21094548Fa50f8632CC5cDC5D9,3
0x3C4ab48a4d03d04DF10f34098bEe869E5495AaF5,3
0xcF4d11423fB2E75D92B704f678b6BE1fa427C022,3
0x54B4B93E56a0C65B93CfDdb7327441661319ca51,3
0x9fE76ce24cA3f1B88E85DC498659b952BF86A794,3
0x5a9aC9063f8CB09D67c79b839aD544650B126a4f,3
0x987f1bAc7751Be582c180287c5813429FecADCA8,3
0xdBaBaf9d5a1a51615980510dc48160A629C88b8f,3
0x0B084F50B944A74e77692b5B1F464BC9D30E9af0,3
0xE1A0d8d0E7D892B26f281aF727409772B3CfBd01,3
0x1Be49f4c800ec9DE69D3D906ADC995c52B9A23D5,3
0xDc5890C220d22f01650959E27C55a0c4E6021788,3
0x783C4bC6D14b837516D845c3d01a21A45Fb5EcF0,3
0x5d51950614f98ED13677e4c23d658357169C9906,3
0xfa42f81e66cd9c6c01c0BF47cbAB4db8182087c8,3
0x999b98242f5384E225a02aFceBb5Cfc817559e65,3
0x4F5cb3F4a723B740F477CB2A31C6e503b97Aa408,3
0xcF8373446363216f0daC6ace39cd3dB12cF8689b,3
0xe32dCe6EB11F25C9B4f77A2c147eD6593EC636C0,3
0xdaE55f2C0367f24d13E72E75392CF2d68A450F7e,3
0xcCF91A18A688A7a3CC6cd8ba227c280D2F5Fb2e5,3
0x30eb3Bb45A602a2026E4b2fA4c09F129aC0569df,3
0xc3A6E2b72EE8478A85593Bfe86fCd612855BeAe2,3
0x93FE65e840183CD84f7A43a03493cE6D0Cef1A0b,3
0x12Ff7B920Edf2ba45743C71f7a513F7a82030549,3
0x1D54eE6c2e15B168F35a578Ca2BCf49F6A46c473,3
0x447525Ea501E2117bfA8417be70151DbfE3524e9,3
0x9649D183918280459d897085416bf29BC2E7C728,3
0x866E4c88A97102067E829FE936332CD71952a675,3
0xeBBa5897304b8F5f107aeFdf5995B14e960ef96D,3
0x533230eD2657e7eBA5AE94520fe78955a6548238,3
0x8665aDfE17721209DcC248Cc6a6b3178884BF7bd,3
0x95493AB5dCa5169BE35138025C0E05D5712025DE,3
0xB381dAEaa7b4e1252b153500DF5B04635614aeDa,3
0x854f4d6315092D7916FeC18E1597861fb5994d6a,3
0xB7e7b0bFF7e556d033675CaDdcb496f44eFaa14e,3
0x45381cff6dd20a079F942af2EdebDa54C9C56190,3
0x973eFe97a5fb054af9B71307bd9fD504B04D18a4,3
0x26FeBACf63b32D8A9faEe723b63B2f0D06193166,3
0x5900bF5493aA43332949f0fC383d2abBc6d54bcE,3
0x0d9EA69FaeD1d0E763D6D1a7d39F26CcE2Cfa358,3
0xA5b58662DA9B7CDEF9F8f7B30569A9152F612eE7,3
0xc0c2e3e9E5DdC9ef9F9FB4452c35455Ca0BB5BeA,3
0xeFA1C087490536D2EA647819bC8450102D864E34,3
0x463B61598d2e82f050a582132045C9079613445c,3
0x5cF16BF0D0356DCa518c0FfbF26334e4788EdF9A,3
0xB027654455E0Ee1476923651b0245454a9AB4011,3
0x34df86fCB776811984A26cA0e21e8f5ab78eFE3b,3
0xc14398044097CA129f7f8705E23A8Ecb69CF4A11,3
0x1D08Aff6E8651ae23fE477e1855042A0C3fC2A55,3
0x41118C28FEC4a09ceC5EC87A6A8A4179eDE79d0f,3
0x67f17b74100507D39dFB5a88762bdd8270C6610e,3
0x2fF1751ddE8Edb50b036CA3b3c555f9750a9B78a,3
0xc4b9aadA643033B4F79A3BEFCa9e5320564D2d2e,3
0x83F67dc4648143c372D5b413d770005d4F5dAbc4,3
0x170c81a7451CFaD5DcA2be9681834a5118BA2886,3
0x303e70d616Dccc93C6d47738eFB9098d001f5a68,3
0xfe02da19bC266BfBa1b52dd468D7541DfC6887d1,3
0x525132158d6966AD6BA7b729295a73616a8A06a8,3
0xf5a565E514CFD1fF5f58563CFE706A7FB6B60C67,3
0xb28F8d19E992867BAb91062FbDF280c18dE43663,3
0xb4C29A4f5681B1405B87bD21d09aA055d1Db5b54,3
0x49838aA6c98260aa1738fbef639f9793333a5B60,3
0xb39E7d35f65dA12c72331BcFFe13D486745e9de8,3
0x6b99686580A285751ca39A88573CE81a34182e9f,3
0x55DD7D8Db617E34c37b43DB2e1Ef154e2558c6Df,3
0x07386A54cB655B92C4bf40D49B34BfD9d6caa985,3
0x88D0B1b3Ad75fe4f03FA30F8647653bb89c086D3,3
0x379c1AbF15a27E12fa172A3162A3781365F152e6,3
0xB038F040b9Fdf4b673b27Dcd9E81bBa21C6B823D,3
0x7FF5C13A12a212BeEA49732Ed1566967ecBa2644,3
0xA2A9d99c36D6aB097F97A51a2792C1954c4B55B0,3
0x00f648AA72bB954D91d594C5192604e09c62166A,3
0x871Af68a73f66dFd8fc66b1485a64FC6233C52F5,3
0xAA1C029076662cBBAC2A8061e83D43f85Aba5ef1,3
0xDD835ead6AcD6e2de598076D8c41222cc3E5BDeE,3
0x45E13B5680B07Cb88dC5781Dfb79C66e4773E2E9,3
0xeD6075Bb8C362B11B8d0861D0b995aC5c8b95288,3
0x8Da8a63717bfC7197DBAfef29c6a379dA6F9018a,3
0x98263dDBfA3A3d5C97f2B9e74c4f1B92A1976907,3
0xd011e3875e3D0229b0E186E64295aa47994c40d1,3
0x1993E630E105d312E76F4C1DF65689F220b5700a,3
0x8e3C8Ad5b8a887cbd1A48461200a15794dec814C,3
0xB5608aE3916291A91Cc572bFbEF6cB96873D59BF,3
0x0898020F14d8C58bA2DB6a8188F54f0aA311fBff,3
0xE665b93697397aBbb6212335F3044E0206D6Aa4F,3
0x0e1B549ecbda4C7A2e29939F5b8CfB4BeE1Df85A,3
0xe67Ad7d5DD7EAf813F666886014d6be0843310bC,3
0x9748366263313B5a8507FE9B7B9c7FDc8E768a08,3
0x7babefFca22C2079569d573E7bFfbDA93368868e,3
0x65Ad4Ff38d351b63eCb4A56979E52c52e4aC8e40,3
0xe01ECE3F5CcfE3296DD70f9fea3c65d13b190CaA,3
0x8209Aa675545B4910528F77954B3dBC9db9B8c5A,3
0xc1E394144BbaDea2145B9dfa65DB238182DE8658,3
0xbfeAF517eE7E46d3e094186955A3Cc42848d8dd5,3
0xBE0Ba5ebE7f568e6705FAcBC4bAfe6dD010AB258,3
0x201449bfdfC56DE48469a10e8194f64898b152B8,3
0x39b38eB2a100cf1b78e7689abE76cf5574469fFb,3
0x20838b5a5d25f488f595930c2E68462669CBd328,3
0x7Bff0189ACFb4cC09b3620Ba2322cF887D756271,3
0x4872c52Ddd29ebcBe49281A6a0cdfFE4ebC7b627,3
0x3C43bFD2868982c79768c6b4e793A7F50bbf58fB,3
0xe5b0f31b041E7730c3f8AEf407B0B4C0633EE4eE,3
0x99893Bfa2ab7307fE44Ac8366968505202D497ee,3
0xA69cb2D275A9DFeE432DAAdc358AB113C44606D3,3
0x91Ba0F8E760deDEeaccaf5ADd8bd96d65ACb89c6,3
0x67D7941c05eB96f2aD94d96d1afe07E19e931e09,3
0xe886E022919ddCd8e9Cb3D93e25C5a13892c43D5,3
0x83eE33564EA39Cc2152baD87F1D0d464D07FA3aB,3
0xaa68629C5104711BAf98Ad600CE4F297B22edEcc,3
0x0312D2d60D1EdFd8550C6200817F42f998abAf32,3
0xF9D5917cb0E0F29543582B009c297CD1882E90E7,3
0x4193C7d446dC2B69E815F4784BB7d40EcDEAAbED,3
0x890aaA3b04c87E28B6106016dD0df6b507f90F22,3
0xBc7AD2bB805932064f3995817176a15F71F886E2,3
0xdAaC6b62b6b1F814E5987d6cb5E0Dca447544A4B,3
0xC65107f99Ad356Fe2AFEf69257c466B70b4061ec,3
0x8513fFd1fFcf20e8D87302243faE64B16FAF5ACE,3
0x6e9297C3b14Fc770C80224F67644A3ec8D553322,3
0x6F441A5c95b890310D47F58736C1F60c5BD56073,3
0x76BBAA3B1B44bD8Cd5185fDe7bdA99396b04Cc67,3
0x2Df0974a92E4eEC22cF2C423569de711d0FD95fe,3
0xd2e27021eB2F14A2CCcFa786bb8332E93fd7571d,3
0x69441b4516e798dDAbef05761bD9F25Ac9A1579e,3
0x6453b35Bf9F857deEb872d9D586359885cF3Bbe6,3
0x71159Da4E9f98F890dAE2Bad30295A69B1DB42cc,3
0x258cE197575D1aAcDA213ad58B6C324aEE26c692,3
0xACf1222153e2B795Cc35c57C32edD8B8Eae86279,3
0x652633e18d4B06ce646b7d5116e0478401E095e0,3
0x492e527B7040B471044d84B9040160cbfd272dC4,3
0x32B3f9831C8eDbB70d1cb542c13AC5dA0035A7a7,3
0x219573281A071568BE29F410615Da15dcC468205,3
0x2171d5F20e9eBCA5067Ff7002fa9712E6403917f,3
0x86c56d04A9870b514CA2E7dF2c9ac820f5EB63e2,3
0x9b5a1B76DB1Ac00938147d17371e9956776BfBDb,3
0xAD00644645F1CaE3F6105d49E659Bd7ef9588563,3
0x1A64eD145A3CFAB3AA3D08721D520B4FD6Cf2Ce2,3
0xa6614E006c2a40cE4933A98E9d57CEa09EA47C02,3
0x20313BF6f3071fAe1F44E23f1aED6950030BD1Db,3
0xa40079A4583A01eA353cc2c5047a61339914F301,3
0x31d5397e062616490ED42f40a89008d970F4A63C,3
0xc047AC8BF1aa561b2385d39E129Aad4c27ea9237,3
0xf845A40a01763ba1b83462BEeCee331bc4653ED1,3
0x9427Aae0cB493141bdc7082CD421DCC5978B3Ee8,3
0xFc29552Ed5B83d5E72B2254d9597985a865F1dae,3
0x9A1636FE4634537aeF315b26F914Ac53345A50C9,3
0x0E9F80d1Bb8740D610f65ddA8200A7fC16DaFfEB,3
0xa8Fe4DBA19bDF11620bDC4793ce94905EF09d176,3
0xAb59D48c999b7266CB193d04e3E0bF4825736Ec6,3
0xe5eB3553199604b98f2e7861Dea4420CD58C34D5,3
0x5cFBeeDEc75Eb3b84658EFc9Bf1062F806ae8741,3
0xE8b1EF36473Ae17b2f9236F1C19f99739bD969d1,3
0xf953eD008a0fd6B08cD98dE579faCC10a70D2165,3
0xdFfB6ae0eB199b4e55543227F31a09E92542e9Fc,3
0xdffCD9002F7da9E369fbede89D7Ff3b9f33A0759,3
0x191039E81f9CeF770ff8233C04F700E2660E1584,3
0xdBE82E19FC4a3ccDC2d265065eE2E7bE561bE708,3
0xCb9FC14B5952737582A9BE7a74b3540E4A7211Fc,3
0x0958FdBcfB423e7a3f947AB06b7f08790a7d2108,3
0x94Bd78b9a5C3633Fcf1f64694D658d45c4c4D1c5,3
0x0B4550399507E088403d7775Be82d79d26Cb96f0,3
0x319806596e195c10faB605C398c759630a6770f3,3
0x68730Bf79fAEB75D0AB00326d997376693a6B589,3
0xF196836B53E8f03E32f5186C7909aCbb8B742615,3
0x7165e2330B2177c3D83DDe1Ce109a6F435b5894f,3
0x2227146bBe8BAF0e0A7C7CDcA34AB924b93C3627,3
0x36CBB0CE66e636D5e081Ef994984859BfDb15B28,3
0x9942a274e61A7CDEd9a240E8db06E00FfEB9fF1A,3
0x328E0B319bE9665A6E472fd050485bcfdc256117,3
0x38543DE90D3363c3b389a4d9Cf1f3C6246df6Fd7,3
0xB26f7cE9A0D5786fb5BE2Aefc0353B37a0245459,3
0x8C98F3cc1AF0E72036dE9e635c8E985ccABf3dad,3
0x2Ed27928F116323742dfa0AF99dacD680cD7C495,3
0x5E52a7C2Da01b851801B2A1455c030f5306da1ff,3
0x2a2c23dfbcC8FABA8c1520efa84C1A682e284EDb,3
0x1143f263AfdF8c9421507686673Cbc866Cd61eCC,3
0x01d0fdB015c5CBC5fD0b9503Fe306cD20665adB0,3
0x7fbc69c7A4e14A5b85973f4DCEC3572584726A3A,3
0x8461922C11838D99601FDd20196dD35E89c24751,3
0xe78Dbe9f907BA9b6247A1cB83dA40d278F0e9859,3
0x709d8cE2686183572F20a866F526D537896C2055,3
0x3E97638035dfa129C503F9d588047d5053d0Ab44,3
0x0c466Ab7d13E9Bb72C239e305aAB1c70b405bAAC,3
0x2EfB04b4c64d0AdC86a7be539d461b7ccd4ece63,3
0xb197518BEe0e0570c86E942b2020551892591FBE,3
0x0644f0C0C7Ce949251d47C87F7bBFc54648b9831,3
0x3D635c7E8545710535544E816c54f82deB3BDDb3,3
0x0df6EfDE43AaF6f34D66C40474aFa6e09FE44eCd,3
0x313cb4Be73AFF1BF955aDA76aD60e87813eB497d,3
0xfAa0bd694C7229396d100A543Cde1fed6D6c9439,3
0xdCAd95C9894d80fB30817F59e7619Fd9128f64d1,3
0x9Fce4eCd2fA7af7569E276dafBD27B686380F067,3
0xb5774dB5cE82F11571F657E17723029d4E0a24e4,3
0x0858333C72D4460aF0f859C8b32908685c1c6755,3
0xC7B84AaA31D1E3D47A54Bd9E6765d6197A52350b,3
0x7d46361468F88F811fd99a62621863481DA78f77,3
0x1Da7C9B278F5b07B29Afc40155Df47AD19c56e79,3
0xB9b93bF2DB3678b010E71Ef701d763Aee144E93E,3
0x9ba23a61c2dFcb7323894AFc08487032bb01586a,3
0xB1f2b6aFB7570cD6d696fC62736639aDeA619E5b,3
0x096BD65bE9dA324ff054486bdeeF8f43531383D6,3
0x37b00e5744E1f5dC3457faafCBAbeFe129e30933,3
0xDB3022A38ea89E072fcC42302837C081EDcB8ec0,3
0xe2385468c4FF3263951d9C584174614A4aBcD0A9,3
0xd843fc98A03e3cc6344F16efD1FDCD0268C42D25,3
0x513b4Fb84dF4f8E05C05cDCbbB8D04c482ec0b4B,3
0x385eb64211BF1053cB6F4490dE7021763530A392,3
0xe3D871d389BF78c091E29deCe83200E9d6B2B0C2,3
0x0Ae6c242186A4D72Fb94ccd8060c388F73C55F09,3
0xd3a25f234e5698acEbF805638C17560be07721e2,3
0xC34D931CC6290DaE177a6Fc645DB444a132A442f,3
0x33fcaddB3Ca4f9a556324170d911e36881f871ba,3
0x17B64387A2c4Ac59856659D1B11E22966160d1EE,3
0x6e3D747f5146995C44B0d0c0CC74F23e86c28a7D,3
0x1a74E030f9E5B19406ff3967330D57D0036DF471,3
0xD675D79f543C077fe0c083B5d1ecf61144A92c27,3
0xCE436E5B28918Df04ED04D14B06081797e31Ed77,3
0xAebB1b9519355a54B80bc8Da5923Bce80550A5A8,3
0xb156B83B38Af5D579816fcC97b2CBa0aF1E8dD1c,3
0x1A32b1120351387e7d80fDf5d81BfD2209D076aF,3
0x2A95C881ed4eAe30E2529Fc58b2bFA430b7AA647,3
0xD94A94A52Ac6481AC01D070033E103ee1a8D3620,3
0x1F27b0482ace1B82cf7A4f0c55dfc2A05dfCfD75,3
0xF1dEc14b457EA41F8C3565Baa9daCc57D2b26eB9,3
0xe1e675211Cf17294F4057AD2C5cD2F678E21da3e,3
0xdED77410241c3bCC3997C1F92ad622b9eacB2c6d,3
0x06Ae10b98256ffc1a64395a988955A6c31B8d2f1,3
0xA6d18C862bd82AE4729FeA4D1C1CCe6a2FF01624,3
0xDe4bF7e0ff118Ec108fDAF5932Df0437348528C1,3
0xf01Af3A280bA56a2FbBd66FFE59E7B83E2679f7e,3
0x0a48eF887e08598Cac503B122F4ff0a34a3187a4,3
0xC6f4A7Bb17EE055259E902Dc0b0d8024e082817D,3
0xBd2dc1E04E8131421b7578124eB92F79d4A39a19,3
0x12734f36E365ed769B16b4157e26B9Ee7180E8CA,3
0x53fA4FB0924D660d5714dF2939b9A9dAdb9f25e6,3
0x7513e092733a33eC89A509Aaf50771C32996b875,3
0x420C72375eb3571ff491904D7C7CdA4870f904b2,3
0x65a6A1d164080914a66E0b89Bba456e1AeDD5928,3
0xAf72E36d1d16aE80b6811a99909cb92396d18777,3
0xC01E56c59fD59e80F23dec24cbE3dF3c5622721d,3
0xBcb220B07295a6D12eC8F4C1d7FE6Dc843d06571,3
0x98eDed2a9aB19ed79eB45962Af85A4B6cf125E99,3
0x03Be29388047f753E969FF0f1e5313939b1BE038,3
0x165FB1d69772667A6baeE8bC599859d631dCb3f7,3
0x7a0FB632f86a8C8236aC8960b3a9cada3e7E0B30,3
0x12cb4ca94136b6e8Fb11636c55F47d0885f3Dc64,3
0x5D982C0722E152E8D5AD16d9186d86d9e97A5482,3
0x0EA4Dc0B219bF9459fBa98de275e1419366a2c73,3
0x12cb9deEC9eb0EBA190671CB3F8c3B338F8e86F6,3
0x159A753dB06231a013Ba8404F14bf71650CE0dBD,3
0xD2b529586Ab4Cc56eb8dF8cFEC68C8e6eA717107,3
0xfA7fe54e287c0E6A6ad121aBc26CeD0797e27f90,3
0x3bc975bd53C447a6E74f9715D309FCcB589C3E56,3
0xF37A1e05106bd964E5095B328D6Ac5629a1f6b54,3
0x42a03b6E3Bf31B4fBD43daEC4119Beb1413A21E0,3
0x54cF78C31739B97F87381b19937d13F04DC9819f,3
0xC9624D165E02EA137Fa9f6D5B88E9074a5A9A002,3
0x41cb76e6955F019BDB1e90b6B22c8BBfd9357110,3
0x4a7a8C959a15c6943791cFA9a2cCd1616C392185,3
0xFAb59fFa74F537E5E0BadBbCc230E44933e574Dd,3
0x6F39997Db2d835F55a7C860eb82905DA0472944c,3
0x47D0F9E0660c76a212d7Ff3e5ef5C32bE72F138D,3
0xACC17Bb304c19f627d391C0A4FF35397A8eb9768,3
0x2f52fD101A9d766A87B3b241Ccbe596337310761,3
0x12200DD434C331F1508640836491ef0652B37107,3
0x9664D9aF9EeFD4908f5F72adD3288aD68d907Dd7,3
0x0A2FcBa57d63F0c6EcBaCbE3Db8Dc9B257D87786,3
0xBd1312879b55C8B5b093f019fd91B60C11D50e71,3
0xd63D75cd094727d0c5a2C1234E5191B759Bbd462,3
0x1E8B2E64020348E6d12F67615b0de751302D95f1,3
0xE0b28B237DBB11acfdD1f652454eC6b4D7fEFb02,3
0x3aD0f57F006b5A060d4631dF7A996D7a188D9452,3
0xC3EE19826F13b3509c8fEDcC5576552c36dd74BC,3
0xbc456eec633711573ff8ef52D40f6dAa75327F48,3
0x0532e1bf21c85c002d7D80A954cCea6b1e770eDf,3
0x69b648Fe7A70FCD598274C398EE97FCcc469E3cf,3
0xBf6f6936a8049c2a6262b70949156367866A1Cbf,3
0x309c664c2A1493A7D8aeE6290fD8F06E48dB7fA4,3
0xCde773B3822D12106a7522f88B9b609593899627,3
0x1e9f7e255F5EE76241eF593b390fFe87FF419079,3
0x555fc76D3c5AfD4EbE8E77c868635d33381EB4ba,3
0x05B3e17F5d30ea03ca39D8A0Cd3500A005c86d24,3
0xe2e61643fCEc76F5148B3E359528D0473A301D47,3
0x51AC49EBfe773AD9C338D7821bdd23ca1105e7D8,3
0x2737840364FBa5642F96ea530f21A43e69a70f59,3
0xF449EfF4f54C30AAceb5BC17f86A091f5989a686,3
0xDa02172354a6d10Eb3A28565816D3141F2d1948d,3
0x6f2AAFFbdb6B210Cb30683E25963c9C24C3FC183,3
0xA6703cef72eD7536f6648BA375eCF71DcD25d641,3
0x4A297BdaC445E918f0684fD4B25E94DF5d3684C1,3
0xaCA43eB81f7555A220449Ca1B63cb52bA4A94045,3
0xF87Eb3A8457Ae4e42AACE1733FC321d9D1A10678,3
0x12cB5f585bC8E383cD1a2E277dFA77E981Ab9aC2,3
0x77EaD4Df84087Ac4eaD5cDc01B5CAbc50bE108E0,3
0xCC7cCe55315215A15918a8d289F8f6a066961493,3
0xc28f5789399f41aB981Db01855964A9543479183,3
0xFd70baD4a89A758Ecd6bB35cA17e5D293f35e0Ad,3
0x5b5899d59aBFfE6Ea007FEA1EE0ae41F70a024C0,3
0x0cad0a85E041a29a01BAE19D1971B81dDad9743E,3
0x121A908Ce011403E7b8e71C43a151e23c2E95EBf,3
0x57CE5472B60561382fa764a4A7d49afd11B98fF6,3
0xbA7b08b1835aC2069111a2B73a838719D3CcD14F,3
0x9C092b42ce9DF25a912836682333b280896a9Cb4,3
0xAeAdc4DC6b1DB189fc4b2C53Cf09431DC86D1eC3,3
0x7CA777Bff6b2587B9291338C7E12a77d879FE05F,3
0xae7E6AefbAe169319c6Aa99949d3a70b8195976c,3
0x9e4C48c7c7d758Af0985fCc360ae6B7CDa662e70,3
0xE41EB1D2Bb4Bcea2342e91507dd46DB378C941f2,3
0xf1A7D8a23329bA2Ef35a17a506378c9D234481a9,3
0xf4bD058B86946dff0A6EF2a2977Ee4C40EFe8756,3
0x5FAc5a1a1D8343705A605561D925bAB7642A1957,3
0xA2c0905a8a1E66CC1633D2031ee21B18D4A42fA6,3
0x987315E6546492A8C284b17d9bdaE6ee1C5a184A,3
0x15234cED77607eEd9bE02432b617cb340B71eB26,3
0xa9a484bFe006F64a7435fa57BD35C055c1888f43,3
0x9fbc0f95bf6c0A90A05542E6D7AeDBeb4e2f7EaF,3
0xAf6926DbFCeA7a292781dfE8b128bEAa92A7c84f,3
0xC663c973f9A7cD6fd0aB17F1E55F54Ff18fd8200,3
0xa4f4fC38Ee675398f92ef860Bf2f8e0B8cA9670b,3
0x7b0C46c1f32e655AD415B99D9F01Bc599DeBe228,3
0xA0Bb7027472A4c32B063AD0b9eafFeC0550852d5,3
0x1662908f15581CEBea9FF2f52417CE171dc3705f,3
0xa744b30277a26cB92cD4a92Dbdf169CD1503522C,3
0x3BD3e79bAE2B1BB66697A4E3e76A10D867aC5FB3,3
0x4FC493b41F3f2E617091265126C4ADaC07FA32FB,3
0xB8e1f0f1E0AaB629eC07aE9e4FA680B58732c643,3
0x7A650BF407718d36E210DAd29585d33066439160,3
0xc5c0D229c3012e9B6DF4f2C7b088CB7d60a99d94,3
0xD85BBaEFfE747D779D76D65e6db162A32E6E1287,3
0x2FF605cd23337832B4CDfF6A7Cb745CB2F055b02,3
0x033Efb89a90Fc46A0aDC39270CB0640C708497Ad,3
0x604Df42975C82b424Bd779e2f3Dc42fCD9A37614,3
0x94E71378924E7F8BD076b36966f81C6629946C12,3
0xb79Dbc8852781055115228Ef64b4132107c83a9f,3
0x8C93F25e0717DD5d86509a31A8595cD968A2e7Dd,3
0x696C2dC44fD6207324409beFc80dFCF8FE132191,3
0x5cA67d0b3f79BE74FAFb08F5110D7D5af330f0F0,3
0x9C88367275f6eA7d8F0b9416Ee927D22d9Ff7D28,3
0x9451A8EBF1b98794B8e44093a0FE70Ee3B97B4f2,3
0x6b8DC0110bF3adCf1140306cE71979Bed35Cf634,3
0x12D3C9fe1741166aFaf6D903059FaDBfDB8974ff,3
0xd7bB57bFCd90A40d94e1F6865e338cD62AE8962E,3
0xb7eba91e21325d16eAe515948990fbE69e8Cd181,3
0xc6c6f1040a917055693daEd39C33946D50F167de,3
0x907E660C6F9e7043f902933E79aa4bD986f6282A,3
0x7191bB2fE3657B3E04cAe36CF1C0C21C7dF192eb,3
0xd768c3b4e3903B2C9673f5849fAE91fA846fC14d,3
0xA1d7e335c51A67290D03CE416b6287a5a1578Fed,3
0x09B9eDda2eCDdb60EA1c5CA62B33236f970A8a53,3
0x095289fe91e2A0876C4610CE2dc15B74C824190B,3
0x8D9a28B74F6ebcB4Ff7A7538DBcAf26b0e889Ac1,3
0x634ff2CAbF9ed670c12e9f71F8d62226583DA5E6,3
0x41D893D85209bb8c25C995C242b7fEF9D1F24f7F,3
0xf3284a18B5BaaFcFFe6E0635F5452F7f5a2A7dA4,3
0x920200D82b0eB6996877f8762De4afaE9e2152bf,3
0xF4b40B20572D117EAD7b5ca3C7eFf7d3CBdC4067,3
0xDe13BFcA78A4715A48Eafeba531aaEb65F9e6424,3
0xd329f2B6773d71Fa505C398311FD98471499f9a4,3
0xB92c69319Af9083dcaE4E567559ea57cc11F0e17,3
0x8C05F4bb0491883A0d62DFDdBb5c81bF93e8523D,3
0x3a02a1709B7C5a5EBe779E369ff9240ee58C415C,3
0x42DF82dCa70821b7f69d3D84bA00923674d20881,3
0x6bF0c839981d2a003D3134B21Bc7bEA1432CD55a,3
0xfc72aD77EC89ab3604e7DcDBb2EB461A95805Ed7,3
0x28f9b133DCD1FD6Cc6d164f3fE93471849E41368,3
0x6C103f707A9c56a22770B628Bd99F434943f3395,3
0xCAC69B835bd8B6fbce63bD1578Fbc0127fbf6329,3
0x98834d67342D7067Ef98Ed6713BB89d730028bE2,3
0xB2d698750cc7c0DB2cB12fac72317771E05ac072,3
0xD8f6D155F6b1d1f4D55Fd2EE761cf363a697030D,3
0x80B21C49b2cB7b3D8956e028a7776DF7863f4538,3
0xa71459994EB2cEBF9BD7Be2a1e7059ac85cCdCb8,3
0xf88E7b50abC0A0F2461d61b86b1a71fE4f934F0C,3
0x2B43C46807f33D2e8360bEBD167a66124511936D,3
0xCb33E2730dA0D7824b1BfdA6Fdc5bDeEA082Abc5,3
0x45d5d814b790c8622ED546df6932Ff6a02ecC887,3
0x61ad30F5175E65d30C7f625E8ebF3aEE199C5cfE,3
0x76ce075e6CcB713099dEe965F4124fb204c741ab,3
0x60d7C8459b2087A3BC4d8ab3307c174e4cD4e469,3
0x9B72F62f82847FCe7d5740a885a04bd1D23170B8,3
0x3e2f18E12fa3DE657CE80e603eBD120443D77523,3
0xf8B254899bfEAA937dfc2F7A92D6dB6C14bD5e0E,3
0xC870130279eA8192CD72a34d5d8b914880F78ffF,3
0x7380DE6579c45555a8c3773d5c6Ea661de1AB45D,3
0x7cF3d322e58dcF5dd40A5466F364C50e9EA0Bd5E,3
0xB1390Ad6252A186BbB607a51aA77eF04334b54C1,3
0xbF530634f854038ba3Cf8Ed3a0f9F1c5D78DA3C1,3
0x8E32b7A48F5816725d43D1a646a54C8dA00530BF,3
0x9dd711B0cB4430F429231E5Cb9940DBD1952a36f,3
0x015cf7E5eaA3d07047DbE87b3390a173db33b9A4,3
0x0645d56466cEe130a76CFd163208737d6F1AA9FF,3
0x366F7B03ffa176C0226c2AC40c1615aD5BC649b3,3
0x7c3EbBcf92d3575244B1803E2A014f4930262D82,3
0x222E5b8216dbdc67352Ea23bad7daB540c753437,3
0x84D5A3E7704015773AF92677f5F89Da9bAaf2269,3
0x0B26cCAA073B95B70222D6C7aaE1592A05D3327C,3
0x1c00fC3f28bA749829F78e4aA7ac90f2F0e3b5aD,3
0x955615d373632Bf5D264A75ae7131C975aA34CDF,3
0xEEBC6Ce19056444e60F76486DFb74FA756DFf162,3
0xC1c7474bD53104B9da90BbceecdeE90ED9269ba5,3
0xbca34271A5613903F7c575123d38BDd51F18dBfa,3
0x0bdA17434f6915D800ff875Bb62E16a150db2E7E,3
0xF24A837E6450666Aa1F8271ab348c21775a8b943,3
0xc9301e291260371F65c505dDF4EDB3C3555eE6F1,3
0x52C75F75362d334cFF94904517be6642aFdBeb61,3
0x86D7933192B1fAccb62dB1e893dfe25D1e2104A7,3
0xf01Dd015Bc442d872275A79b9caE84A6ff9B2A27,3
0xD8813aE09A9CB1c882747bf86832a1a1cD79546d,3
0x2f240457D8f91F33644f7f183ff7BF2A4eF545DF,3
0x47239E336513C38EF4CF4B54624CFc335e7Ec1F9,3
0x93953F26C713627B6d6f413954a3994A22b69E4C,3
0x894a525f7099Aa5b935a3A8C0373acf27594e2b9,3
0x83Cad329aE76709746eea792C92c9c318ca7Ef1e,3
0xd498D9ec4a7A418263E8729B09448e18a8ec863E,3
0xdDe2cE6baF159d19FAA8a19e7b067648a9aba572,3
0x288A4e70Eba5d4f92e28F8CCc561E9fC947304A1,3
0xACb963C498f4007C7C0B3E9f20E39F40F6F2aA60,3
0x0C162242955f136e0b5f7F0e4a9719ad12c60553,3
0x34b3b937EC1e2e3e7a05a8B154B7d01219b0a218,3
0xB50AE211eFc20b97464ab5E18e26411357813f0F,3
0x808B9723d6517f7dEccB1919d83D55EF9d30fB3c,3
0x79Bdda65C706CBdA69C0AD4C8da1d3e91724f48D,3
0xb2FD900d6C86f432CA674B593C6ec228e7283833,3
0x01588EBd83Ac84D2aec8e19Ed1174bFa593EC831,3
0xFE49512BED67E68b9B88E4Fc3E8D8a0F1AdFb486,3
0x83bbe9CFCc205bb8E53cBa0b51d6db9386CE58B5,3
0xa6d01A5cC46A95CFC8ab985D0d2a4B8c46AED434,3
0x4FE21F97F73284Ff75a0A7da51e744D4A68d2257,3
0xB1f64A57559C34c63B8c6617B895d424d4c1E34B,3
0x25446290eA2B7B7156627280939a304e070d2b80,3
0xf356269d9Da0fB940FdE1CE06bFa5b588d793D92,3
0x268C7ebed916683Af949cD45EaB3A4D705eC18D2,3
0xd4Da3Cf8064BC11aEffBbb1cfDeE618B92EdAB03,3
0x8FeEeB68fcf4ce1192a93b0344F03007B64FfEaA,3
0x19fE5Bbe567Cd8FE8C9a1Afe30F6dB89e8EC4dA8,3
0xFdC75731792b6EfCc8C02429f61B9eEF536A6F2e,3
0xbC48F1292feC3054a69f070b96B3c01C4532BA3d,3
0xFFb0E74727A9dE8f8D39e348e34FEd1eee7ab0C3,3
0xaFad14Ab54C9f205E0A74b660c4110dd529fB7b4,3
0x58f0B1c5E44ACcB8BB7c1259d0f21e96A43E3ca4,3
0x936596376F6aF0bB8E0C6eaE456736239e41641E,3
0x02fC40b25e05422d940DFd4672de39AA198236A9,3
0xf9B9A6d5359FEc7F7C3854e1a8c0B6477961b628,3
0x4a550E6EAf8ba34305cBc0D7cFCB1d0e4865f274,3
0x2E3a027Dc8aAc0aeAabE3Eb50A1C443Fcd7414DE,3
0xDB31b7eB3F06b39Bbd8f8b431038E22A69fed839,3
0xF75d960C039B017994494752D7e7f9F90D91A158,3
0x8634c2eC33918226575F7972f0f139Ad1bdE1D66,3
0xb621e3cDcB4bFF8128435b5BD9A0C367576EF4B8,3
0x774b5be76059205e72BcdB93bb607E857268559B,3
0x486F1C50ce2eB0D6b28570FBDeF5882B7F2a9348,3
0xb967688619d045B4feb7134ab9A72E66Bb900F11,3
0x19810e2e622c4d5f5Df9dfd8651dF925D7f92de2,3
0x7596beB74E2E42cCEB299E1B4D1207C1413C3B9d,3
0x781682DCa66cAdbd8c5217a63b16E5CD20310D93,3
0xdcD239B99630F28a5987ca16372BDCBc050b84F2,3
0xd67B21c3Ab3DAa6C5F3506EBd581c58f54FE53B6,3
0xdE28390fd2f40252fD4Dc3869315684b9b0D3F9F,3
0x1dCecCD9597290c3f86Dd17b09c13BfbAE925e17,3
0x21928274838d15D3A7652ed879FAa0fc6ed652d2,3
0xB502B5577B7cd3A670912d8Fad231E5f992e843C,3
0xcCFeA5e89D6CbC7c59957C0Df386Aeab5b5c5A38,3
0x04ad6d873F0a7a05daCa18ee33D15783c2C6777e,3
0x519290b3641D881a6AB5Df4C1b4494FaF1ccBC64,3
0xDE14fe7267f7c8c18cD82cE0B82CD3CED32d73dc,3
0x4F550202F7BD756d50A317087D13d60313492A16,3
0x83b4689d8CbF76c43cCB012b21f2901124C40a14,3
0x7669753291CcDbD975793F940aE0a5C7950289a1,3
0x5B1E9322D92585f49a0302993098e2eEF3831349,3
0xcF0B6ce348930430419dfEa25722c2fDAB464fB6,3
0x9aa3F4EDD79295B38B4E79B58856117C6A6Be289,3
0x2f4aFB77C8874c1B694F911b164189c2670AbC54,3
0x73b3f274ea79257E85FDCc3bFF59fEbD3c9Ae23b,3
0x3BA71C0ceB36d29B4125bCe505eb4535eE4C7b3C,3
0x408570441054B712a9F8b4c96101915C75e3f044,3
0x10a3BB8343dd60044Bb0FB62AC51b8E017d6BEEB,3
0x24A69615507dB20C5E99fB5f86748338c7619990,3
0xA49CEE842116A89299A721D831BCf0511E8F6A15,3
0x7912a760e769b35fbF358b721cb9D40f06AB5b26,3
0x8DE7bb14218D4E1bF210A6EcA81b0B8D9E82a0E4,3
0x7137f09196884CfBF271D53fEEE3979159eC1d5e,3
0xa01dA88fB85e8106ef9a2ec16A78012884E5430C,3
0xDFcd59ef62F489CDDfdd27aC1A4b4a6fbedAA03A,3
0x5D9eC7451b905be0573797c35e8bE1019289e887,3
0xE8dB79D4675Da12242Ff24E74ad532834c6900ab,3
0x06E252CDb6BF0E724346bE59ceADF6684c79793C,3
0xa2d2Ff5165a697d641C530aF5C3dCcfE00204038,3
0xEc23eF1c91A6dF99639745C71899f967e59F4136,3
0xC7083273cB598eA5C982f1Fa6c479d8f741fF9c4,3
0x667Ac63c76ddA80C59EA6d6d65C6179946e917C7,3
0xf163d5a9451997FAb2E918C999262F4a350E5777,3
0x84A055539b8DFFd21EDB969dB4C966dAb6b8c574,3
0x6A56edC5C5F1740208A40BDb6664D2209DC76c7d,3
0x72ef3f9EE8d604F08008A0E99EBfe3c1078cEC71,3
0x98488C8A8005E8cae743d571d2a0f87DB288Ea99,3
0xF4Cc8A6a89cEFdbdb515EaB3AC7d76C7F32BD61B,3
0xF39F35f3eD43b2c2525c28ea17b7b6AaCAf1272a,3
0x60ACb2e46C51eA2Ad772F63dA414a9E145A90882,3
0x560CA76613eD41E51B88Fb6dFf5eea920F3f31c8,3
0xAe5C635952c87659DCBBedd515aA98c13bC6eA64,3
0xe1F6004D1Ac0cE3a5769Ad4E1CE272A6C4029929,3
0x14A492e83f94E69921eD4d8EdD2F449A7B3b42A3,3
0x9DE44d98978bDb32f9Cad7fF49B5Fc25742eFb78,3
0x0891FaB9EA5688Fca5Ea63Fa5361ccc3ff47B451,3
0xC2fdC7303f4D5b05b3B4a8F51d5f1cf05562dBF6,3
0xa758b893faaD655f6944277eb9ece3fE54820a78,3
0xfD1bc8232166D0e654A7086FED3916ba3D2425a3,3
0x535fd5b4E651eC0d3db639e98FA08E61b4C148d9,3
0xE7Da2c73B289Da4A0EF328dD244692Bd46cA1883,3
0x21E929e8Fe048C706d387c5b4645936E2d4410Bd,3
0x57d1b3a9fa46067378720ddD6ac5286025327057,3
0x9046F76AD22f913BbCF95A73336C569e1ac2e59a,3
0x691AbBe6d8aC6a284Eb6bD08240e3AFF0F25d016,3
0x8e7d234686c25BbbCabBe20a8830aAB0ADa0190e,3
0x38F09BEF4911765B4278E7B76cB7a037619eB3e5,3
0x84Ff1226dE67066ad96854760eB7410a46070ff8,3
0xa225Ce1f73Bb42eBfed8a90644f1278aA95d6C98,3
0xF7b8de5F139F24f4760460475EcB61e0e1319cAf,3
0x7B4796a2983cb91477Eb2D4C18586bc5A090CAfe,3
0x1a76431a6dE7d8F138Ff53aFEE4Fa014040d1264,3
0xB56858c0Dadcfce48237A4bBDb3e72e86443C389,3
0xd002E731B302286009AbAAFD5E05A9853f5f3002,3
0x211F8F3A5DB72a32AEF30CEA208E875cD79C975c,3
0x3Ca767b793d6ac28ae77a093d9b9Ad28FB41DB8a,3
0xEd80D5A03e833D05BF190e116f22E5e447b8E39a,3
0xBf9DE01Ea317cDC84E6Cc63Fe621a2E30b9618d8,3
0x1c93C94F387902aFA8B618EE5edcBd8372c8D359,3
0xf4F6C488BC08c5fFc14C52f38E0Eb60C02bE2Bc5,3
0x961D6b75ad37403f37A318E171128b36d0CfFF26,3
0xa41D87b153537a32cF0be9Db5Ae81E4cd48D5174,3
0x80b331012CADbCFe0074E0Dc9f524B5D0b3E9559,3
0xBBA7bdb24256431D3d4f65247eED413480EB18a9,3
0x448350D05A14ADf4B7bDBEDA9262d88F96eD2757,3
0x9830d6B37fe7488707cC4AD7F8B481D75eB2a8C2,3
0x86A3f19e699Cf839DD3D0593bfbFc22B0fcE58b5,3
0x9d3521C8b1928082638452a790Eb4b977cAe942C,3
0xE045d75004Cc30f6C048E97fBDf29aCCc23B74c5,3
0x63A43A24DE2CE6B1BFED393f6FAD714B172a977e,3
0x63E414f556E29c97B37c69C0458d564d4beDc4Af,3
0xdE7CecCf57ffA3c24b60086eF9CD7d2728310309,3
0x814d0C282b68856ab980bDBb9F869E12A159E38c,3
0x1db5Fd3c59e8A3723AB3F044304fDBfE6Dc4Aaba,3
0xBF282a10d2314c08EA4a4c7965A4e264be09B19E,3
0xd5Be83b342B5AD3D661Bc47D9531416A5ED94ede,3
0xCd0A87c465F768CF17A59E8b85691810a368e68A,3
0x7De2F67B4d0c9c7482AdFdc1b4A9B1CFF3532394,3
0xBB84A92257aE26b306158f56E13De3D6F441ea8e,3
0xEa43e51cb4BAc05e8352157bfBfC15c1d8Fda8a6,3
0x61776Af4bc5b3FFA8475b784aAD9ABc8B9bA85df,3
0x4F755b5f1A69cF2895BAe02C815368A2856F8577,3
0x27b0B4033b6BdCdf12c8d4B86969E3AEe53Ca107,3
0x2E3FcA35CbBb34DC9005EeD1CdBfEfF763CcEECa,3
0x0f771Fb01a6E7352b61D67d1cc631C1a1f4C7DD1,3
0xbB4E68B1106d10F34Dd3DCE137E50541AF67a1cB,3
0xe68b2779bfFFAF4f0972f42f83ae5D62d48cEadf,3
0x44BB200792Dd929C6360C95847C4006Ce98Fc25c,3
0x06B0019649aCd72e895bAf0A2a1E9B4E3b495D29,3
0x7eaEc254f78613d9d57e1FdB8d9964EA36E7523d,3
0x9a6Ea45e6f08A86E1B8A306f2c4b2f22B7FcA599,3
0x5aC5925871228315e5D0c6509ae8c7f3bbCfa25a,3
0xC3135B0437f4E1C22b6c9Ed958E37f7D72eBB74c,3
0x927aD631BF4aF3fcfD8E60a044BB99C65f94D871,3
0x6Cb0FeE429638ad65e99FFE69fd3683eF89af4eC,3
0x137172585A3b69a307a5AB838C3966B73c9c1f9c,3
0xc678f5DdbE4722C0BF27D3365F9fE519E195eE9F,3
0x83Fa8511368E9688DB03dcc131066eCafEA479A3,3
0x5b301B69704dC9bfBDfeD62F36B6f8973aC84e51,3
0x2071469F3257769eb49900230Eb021aA10aaE413,3
0xc6d1cAB8aa6c6099a4dD7352EBD4B25521F6C79C,3
0x30106Ab0d962A4c02fB9fbAC9A9bB9eDb3174597,3
0x9405f686Cd51eEcb2406bA0db15916675B796D71,3
0x038470d2B2EfCB50FcCb5508e90F4eb737862e83,3
0x7199c101324F3Af4E1089AA865f7D358696A8acB,3
0xA3DF661e9272cD40B3BB926397e669293B33d4Fc,3
0xEdf7bEF709CE8c665863387EF8171582F862A35e,3
0x156548113552Bb52AE921a0B44794A6a5F588C9c,3
0x4EfCA6454DC485D34Dc9B4afE1B101A2fb16F417,3
0x9Fa5a53Edbb1421fE3F09aC59Ca98b55dbD5Cf0d,3
0x21C34b3f2B47CC6062b21E426Cbb711CfC6e690e,3
0xA21077a1a4bfCC7bAc0344F8ed012e8e62C5883b,3
0xDF04435F24bC101FCDc05Dc88D2911194De1F9FA,3
0x6E703F9264375b88791c958053Be7834eD49d769,3
0x43D891C1b4118B709f3d63E9fC47daAA92E1112E,3
0xCB59a0C734b17A1672cb2D35A4CB4060602Ae5e9,3
0x956B97Ad2839f39f9069C78A0c3A97735F345772,3
0xcfFf0C35725D4bA6114280f2829F21bD1D1eC2a3,3
0xD14e11eC83aeb082707B4DA3F880f22CF7A82841,3
0x7F0Fb52b7BB68aD205F254a03C4CAAf32d44Bd3e,3
0x1b0EFff6963B2d9F68e60e53a1d50e4dE8D035B2,3
0x3676ddf7e19A278A6536eE9f1722a9dc6baC0Bc2,3
0x2ccd72d141F567EA0680DafdFB06B6C87dF18bc5,3
0x1Ad1326Ae5caD3c912D7899649286AFBcf908925,3
0x2Bf08f2E7bf56A5aA496ccC0D71a1D86e4b2910a,3
0xC70F9eba8F94016a9319AF8B55fEBE32578466d2,3
0x9307FC7ba25f62803Bf666B4Cc6d19662550B25f,3
0xDaf68dfeAFd56f3871380706EF743a7dDddAA610,3
0x3782B6dCCC1aeF5c1Fafe38643cfCf85dCa109D1,3
0xE225299bC316f2764feA568b8B52c3DDD3113781,3
0xCF92C29Cd74aC91027c88D6290697953E0489087,3
0x0e61e6336b265c35e27F94465D32c203a3Fb27d8,3
0x680507eAa17fCc79A9dE76Fa0049BC991d6747b9,3
0x9b38698a98874cED1603B344C8F3560C6c010E34,3
0xeDFD76e9674b93584284D51c3Ed47ED9Ab86AFB0,3
0xa794a83Cc207e9B6aaA5d0BE82227288cE284488,3
0x719a7aD45Ab2FFBAc941826888cD95A00F34a78f,3
0x3Ef5b75ABe326dF11A528EeA945653453D2DB5F0,3
0x4A63372d6b1C85c43E39B6220a7EdBA2FdF7Cf7e,3
0xd0e67539717aa7B94312Ff8698E34412db59514c,3
0xbA74C8Ea3d10C6Fa0bF909d9EE1614049C093106,3
0x8cc93FB57bB3313Fd866f284ae7246927Bd07C74,3
0x1998f627ad0F5904165b1796c4b111492365Dad2,3
0xB0ca0581DC497fb32b72be80e323ABF9c2fF35F2,3
0xC660F9Dc1DAcEB0ad686BaC303ed2C75a71E0890,3
0x7f65dB945314b91005284F5A58D614a3e178bB83,3
0x8d5D97627f6C877204Bc71f73b34e3d25484e32E,3
0x125E0085Fb68B8d155978E0F8997C4439BE031E4,3
0x3CD19b965212aa1abD650c64444C4A06Ea645F1a,3
0x1e140Fd129Dcb0eE97427B1e33C9da7B3603dDf9,3
0xc23308C7e0Fb17988A9306Fd7595dD50a37Aa620,3
0xfa03eAE77FEc39F800A3DCD006D13c0EbD4F4C45,3
0xF0a63c679F13d8E232c187119fCeca36996B0f61,3
0x757b8564088F39e235e9E5FB57c6FEf37bDD2506,3
0xBE5b68c9b5B32936a93cE468f30BC053B6788C76,3
0xEE011672a3D4A1cCcedD38f013bd1E31ff083560,3
0xA503380Cd1B6E169Ac5b9bF4053e4Cf87543D7e9,3
0x3E038a5868A52edc67bC3B1f3af78bbF6b78F3f1,3
0x4ceB279AfA7876E4d14f03819E65f9a594da68E7,3
0x7c6BD47C96F416420CCd906047474FD5917d084B,3
0xACFD49c8D6EF26efEa86321260c3c6b62546A9CC,3
0x5c78F7a59DEF43F5b2aCE13AE23bAbaE88Bc9527,3
0x030e3e488576B8FbEF29f84Fcc25088B9cEB7dfa,3
0xe705416E8b96A22cCfd9903322A72cdBc6096ad0,3
0x0c27D9aBA5C6099565Ad7BCF0455fAf7Af197A85,3
0x121fe7305DC5FCD7C7b13A85320ffF6A11f1DAC3,3
0x1388f2Dc68920c396392fFe6DD2474C6Ea3436Eb,3
0x659B6C3D338771ADA5fBF5B2990824Da0f118Dad,3
0xe0BA7081CdcB4c5ba05496Bd6a63824740B786Fe,3
0x722ca32890d1A4333C75e74A46903c0b172a694F,3
0x0Aa47Bb67D3A7F8665fE3068f1843a1641Cf6c78,3
0x887B8159CA776b50B5bdB4Eb670924be8b8A269E,3
0xEBCd250474C27cBaD3C56f3F34e08F97b370AC2d,3
0x56fFdA8eC5F0D242c2dE29E2a874e780a4253407,3
0x91824938B884623300Ee8C99840A244a00dc1885,3
0x7C981b6FEf12a0cb3371077C75d8e4Ea9a3ce69E,3
0x0B8B48c570B57be53c7942Ae0E44737e60B187Fc,3
0xaB51f0b65dF095Eb02C03B5dDb463E22EA0595fc,3
0xF4541FE0E2ad12a89F55e899D098366F084e16B5,3
0x57410251FA6A76FA79d6472ee912f1DD548b72a6,3
0x0A07D30D70Ae2f1aD57CFA8D7A08B69977393694,3
0xb4e37C48EE60eb67f74428723010Df63926DF034,3
0x8a77d27373D76c1966c2c8BBe60F37F3a8bd4d10,3
0x525320d8712AeAB3f3FC6195102ABd477AD998Ff,3
0x53aF67B2FF009A69C04e05278000ef40556C19F6,3
0x7efD5BA8c85C674016e2154E4739c20a9af81b44,3
0x2147eB14aCB453Fc0326f75333e22b74fc632aC6,3
0xdEb7960F2ad4182c8f6b8440fc762f55070b44f9,3
0x05762511Fa367f476D19700bE11B28B801Ff1F11,3
0xff79B86bf830E990B889692d6d52369a007445fC,3
0x7c46fb5584bBFDafeb4944544b9ca8A8841565e1,3
0x08A7a767c8941373938A84688a7AA490458b7CfC,3
0x8b2244bC61c64c2F5BF90D43C3B93ec73C786E3b,3
0x0dD7e607cb43B209527A2Bb978c7A74E6B08FBeB,3
0x67Be79618d0e642a7cA1A830828C5f24842cAB40,3
0x422198feFd7272c32fb605058fB9cceB9DDDc034,3
0x4a63a7cde9d11D5B1B0323203BC42eDd21D2D79a,3
0x3e2b7F7e1FB515cF9CA032ba99356CFe1682613F,3
0xa74414Ee93e40cA7Aef89f5D60ADa756AeE8B966,3
0x940E8178b0dfe70F5FB0B943A745A6Ea8697d5b0,3
0xfF4418B72e91C934f55D85DD0783fDF51305D9Fb,3
0xFd75cb36282B4357E44f922361d56214F1715be2,3
0x0170168b95FE16B03A38b485AF06833cA601f7fB,3
0xe8f6bfF4B221F8fDabE65596b3Ef922A02b2E62C,3
0x32eaD40C2D0fA7e758f3953Fcca172e8918370F9,3
0x4CbE3eb5b807b3d40Fa50A9F1e467Ee58fbD7377,3
0x97538e1a3821f3327Fe2a2fF4993f3d154f28B01,3
0x2466E4747ef98CBaae66089cf4DB361349D2296B,3
0x62d16CE823a1F7cDB45018DE334F964EC1b34D19,3
0xabeC63339443cE52Be54FB12833C41B311Ea168c,3
0x1C8F9b2f4f06423da0986355850e44070177B28B,3
0xA93BFA4981d603fdE7261cD019c073AD8A4E043c,3
0x7c10d1599C86b013f1058999E74C63F1f7D7e24c,3
0xF04A9741ddb87840BF5F6658336ba22Fb0215d38,3
0x22FE5837f194C667ef899DaBeda31718733B71A3,3
0x610DE7fa0B28cd01eb881d402cCd275A00A22E2B,3
0x917E417Ae5996e02318cF499DEA2710749D7a3A0,3
0x0C7917795875C406223ba344B047dB27a3008E9a,3
0xA515F7fB260095eebC860425493b8761B4FC9abd,3
0xe5775D77A51616a6a39E1028762315bca9EE524b,3
0xAed9210726428Ee8872cf59c637BB2fF0d9fe990,3
0xC059a832bCcf8BeE4465E6996c0459988920E81C,3
0xf13f3023FD7ac2F867ca30C6baEc803c3405DA93,3
0x77Bc3254419072c5b554700B4d1C4f4C0c772Db4,3
0x9b42fa520e0595FA68F4bd9bd7588fc7849Bbc5A,3
0x5d2b6a03721Ec823015EccE31e8173Ef40cbD369,3
0x6f7132B46658Ad86aD4844dc804Af820aEBa22f0,3
0x6ca164e6bE05ff3c1c861AA63553AeaF71A2b476,3
0x3CdBbfd48C30248bBa83ffcB55459d822984f33A,3
0x7605ae3a17e22e3D684199482D2fc67d614F031c,3
0x8EbB496D74CC19352eC08178a5C83622b5E73452,3
0xe1d44e4B361b2B68A6193F2e91C6eC35353ac8ad,3
0xf74B844D5092b0fA20cAe0D99E227897d3480551,3
0x161b1d3aB6cFd2b9F42Ec758FD5a9CEbD0808952,3
0xBC0242D0e55799cf4859Bf8Fdf8CF2d13a8925bb,3
0x32094Fec27D618e1B7f198B91C95e8b86Cfa75f6,3
0x08aEB45f6ffb4e958d939005BDA7a2cCc46a9d52,3
0x6E82852fe1B96c77aC33f08B6365CBA051283b04,3
0x2f6B67A9E7Ca9f025b786e455261EFe3C65FF7E8,3
0x135011b277194832297e7A03162f37835FC4C38E,3
0x3496C3F1244Df975b1fb88EBf39F4b081cCD1D45,3
0x29A2a6D0C0E5777A2c9B9FdBF5d403411511fCBD,3
0xCc8B4CB035812186CA94af3DEF98aca690bE8a16,3
0x8670E2b25C1A0eb3D52E17161752238BDdB58655,3
0xaeB3552e9e24091B17B91342d1B95fD63b5406DF,3
0x5331a69E533cfC0B290a7cb346B4c5c90ddBf470,3
0xF04C38339f5953e41d4d8087Cc3FF06c2B543eB5,3
0x4Bc1AbF7745B836464bd6b1E3F53622C84f8C7A7,3
0xAf416082e137f03F254f627F56c5965DCc4C1D98,3
0xFeDdE72BA1633d8d69d32C9Ea6Ff561Ea3451Af8,2
0xD1d1942Ef26949e690E87323CB13d18340524E9B,2
0x59a23fd13fAb7b95AD5d87862108FeD350638106,2
0x70B3Eb071B028C6EB95EF9643a6ecD3eAa823A10,2
0xB3566586517495b68f150bbb87136c875598A02a,2
0xFcdB212E7e7588D2dd2cc44C30F6C79fB507DB4B,2
0x14B4D6f22c1a77B0F29BB54565DBfC7F40B30967,2
0xd2c34868330e77B31c9757D82c05a1210382B599,2
0x571c98a33E27732fA60735a8043A851C43f1F545,2
0x424a9E56A80F841cDAa574d5563DABc437c495DE,2
0xCC17a75Fa351888A1897292426E32b5d319FdA9a,2
0xc7EF4a2c85460693e0226Cde27b18D5095c38194,2
0x0E96AE1A37452D72C7715519935ace389dC1Ae33,2
0x27e8c899c04f23cf7446579ffbc37097Ad39A356,2
0x5CA9d8092bab1e20De69481633591436f2939d25,2
0x95F901E9703B8a31a94189C9Cb82484fe7D8501A,2
0xFCb7aF941b66436d2a5816015082A47620443C04,2
0x83328ed88E07A2b57F80eF151AEc14F0FfE7C30d,2
0x491771c9ac70A1b5b4cF7E114Aa10FdF8043813A,2
0xF11a99EFE2453fAE8C26B81093428c2C9A786925,2
0x96437141fd19BA767F037E8dBBaCd2BAD7a08bAB,2
0x87aAA93aBDC4dc9a29A5e1497d08A697993b4AC7,2
0x1fC6D46EA81Ec7FC76F487D3d2C7558AE5ED0007,2
0x4C797B855ff1074433DCAF1bB4fc6c4c2B4a4Dc6,2
0xbaC08C0e957BCDF5faD231aFc988f75F11Cd72e9,2
0x95eD72F116edB1A97203cC2E8A6EE1c51Df822d8,2
0x14CEA943a31A76De15D1fB60FE7451e576Ab2761,2
0x00A0e196887C1D27656d798d38797e5D7821D764,2
0x5BF29b69d13e7d39067009FE85229191F98F87e9,2
0x95B533de19F846b4505ef9A83C7028c45A2C6e7C,2
0x22B540d546deC55A80E680B79DDE0338D8c16bb4,2
0x0811777d88E2b1a113E7beF3a7364C5B549A5Cf1,2
0xFc9d188a9442fB6d9Be55DcD13BB5C50f7316491,2
0x51ab0C243731F0D8673F23685a0fEF8833A322C5,2
0x4b69AE38fC9Aa2329F3f7dFc51DceE0aD02Eb588,2
0x3bbd2D13110667E6A412d0Cc642345e163cC0FBe,2
0x868126821668b7dB3c37Be6A7625bd87314bc41b,2
0x982A4183C0C98Ea546A32BCdD7cBe673598505DD,2
0xD39979312BcA010AF7aa1a91966aAfDa44C28CA7,2
0x004cFB046d135367B814275339C35ccB6aA29ca0,2
0xCAcD99217628A01b7a001377BB52eB036f54Fa50,2
0xFCADD53519A6EaC9CBd800D900fcBA737361e661,2
0x5E50CB58bfD29695e7b11dAe7Cc51c5e8003783D,2
0xb8D21204Ef6799155eDe6B188A709c0125E2A2e9,2
0x7d290b55EA3B4B0E29EC9baCaF676fF5B87dC6De,2
0x502834A00FdfE05f402475A0899e8d54d9424090,2
0xDF84F391Dd2e3A212d88b491065B25f3aB19A441,2
0xaf554E19E2419072da858b1F79eF08B472c36B5D,2
0x9ACB0e05FfA9E08777aa4dFB3c2C77A58103F6aB,2
0xe7Bb57763020d3fADbD915Fb14b723F1811f6EF0,2
0x06CB4eB090Ba6E6A4c0ce66c897147e49dA2e312,2
0x7086393802bCb2296ac4775a3730FdaBDB83252f,2
0x101FbD839D45756F794535aAAd7e6B6881D8267F,2
0xa9525898E8611f485C0A968475F60303E6BE18ec,2
0x673EfBAc82E217bAf7598e223A96561ea442e92b,2
0x001d0Dc2c75513cddac86AE09CABe46FBe616146,2
0x408c0EAbbF61723A60863eA1bBf0ab545F98bB70,2
0xa111B471eAbCB7F8608d976f0B0547fa652983A3,2
0x62502B38eB360Dca5D1191D7b5F91e1522120cb9,2
0x29168cce1A88138e9cdD3aEb509F1DfC6E21a857,2
0xdEb503A3c09d1edD7c6f1FD8fcb6B3108bc6BDaa,2
0x134Ee5EB960fe5BA0FF49a44C6a8942D16D58a03,2
0x2FE88556ea7d3a1299373f0744AfA205127b9927,2
0x854F5343caa2952D9733E04F22a332c17eb258f3,2
0xbf1cd064879d2e4BEd711E50DB2F5b7233860E03,2
0xf18781657139A09dFB2cB8f9cFe75337338af929,2
0xa62366C77CaE546d79939922cC36eFf985680c47,2
0xC58C068D8D573c60985C64e9074df52BF8B70026,2
0xECb841aFD37240636594F9eC089560251007a953,2
0xa8BD27623A7D54445DFaF6e3A5193E73a8FDb0C5,2
0xB7b60Cb46216FAACDac3e05D6346e82c3E7c5100,2
0xf50A68B8111f4A4c8F8C662d7821f529A4cE1fA6,2
0x938472bc19b7B4850BC6c26dDaF210F20C42A713,2
0x1EC2ff7A371fAb19bEf62a5f285FB09bF88C904C,2
0x266D2b67D4e81166bA67e8EaFF1F890550bC1Dc5,2
0x6Bd2EecEE0aDAc9C319f04847B9987F771BA1f4C,2
0xEF87243Fe29c2453F87549e02982108a3B832952,2
0x0E2a7303613D39A1D763b9C369fCaB4f75Fd436d,2
0x5b101be2176C9795158f5c90D69B1f91b838d41e,2
0xd96bf10DA44e85B979bC5a3869626e91564587A6,2
0xa40C56aE05A37382fFBB5B8397C6E5C5C5223331,2
0x9384Df9cFdeF8773E1aAb32fDCC8E9bb7Ed0EA2f,2
0x9d6459a7b689bb648E9A582dfaa433264b5912Dc,2
0x71BD630bc31A2a5f590c07B366072B2737f4dB22,2
0x8eAb27eBA895CE5471E92069c78a61c7Cabe8299,2
0xdB9AfD3B9341B02e31A010Aca2881EB3aE09D02e,2
0x53b61718996057af3a5A43A6704cD9a7C3D49A82,1
0x35F0D2e28357312c3c4CeE97eDf926a4651365cD,1
0xa553ef3500AB2d02A36a3a3C216999EcF7FB6B98,1
0x366e7C96EF1E09f4ded3f04A0d3e17625dC11eeb,1
0x4BeaA5e85BA4b44F65c3681E0e592E702DBdDc79,1
0x0840128434c33E296c785E911dd900F4a87B9473,1
0xB0fb231c58Ef465b720e8Bef705C0Cf0FB56572e,1
0xE186D3d5f0988e4307e51D804BCeAD79beC6525a,1
0x0f638C2CC65D72c1aecD056D1fDa2918126fBDFE,1
0x39A95220ea9eb429A9aE56220968565F5BDdfEA8,1
0x3511748c00b6B2dD9f77c1141ceC9C0BD7ADA5bE,1
0x2b02ccc5ec1677aea88d7EAf4C04dAe0b53EB2fa,1
0xb22dFc8EB2F8C32E745e4BF6b9ca71c84C628ff5,1
0x5EE94c916A99c22B9ba9f374F16C6F1f09f02eE8,1
0xa7Ab74309974C46269E90b001a9a8858172a97b0,1
0x971CDd31accFCff7f1Dcdef7B6c813279E364378,1
0xa961b72A2399111517c64ab6F9456757272f92aC,1
0xFEf1Ae6f3b48f86fb03636b0D8F79D1eE2bEB0d1,1
0x85EE7B2f099578e4d4a4358A60dee344D02b2F38,1
0x77422fD76A39d216619F5AE2596bb5B12E8E3B0E,1
0x7ec9932e7De1Ca2dC93A4EdF382ddF2e5D50a1E3,1
0x01e41e2Ea139e4e56f4bFbf7CD8EB8700F1d829d,1
0xD90DeB2D98f264E0c335C1e2D2f9DffBD5061b3C,1
0x5E0B3206Acd2dB4F35970b47F8e4e1C606D4b7A0,1
0xCDB44C7bD52Ed8E5d7D1478b2186DFF7de227a7d,1
0xfd55449f10E1cd62187CD344123b636d781360cD,1
0x42dD2A0502069c2C54CC44b679C1383CED3f7CCf,1
0x14D9D9275F6d31A4120592C7902cB337e4159c40,1
0x328DbF468a7d00Cf836Cd39783536775b6EfcB18,1
0x7A12028000d4494cA7501e916C8A5fF8bF7830d0,1
0x91E543aff088216BeFEB4A9487aF7C76ec4BE135,1
0xbDcA55Ff7B8494A7E0cF43F9b15366d08a6F8c97,1
0x2016deDc02912bE50DbeD8e8093D1e3fF528bf54,1
0x07c1789c79FcA508464601D7732C240A29bAB997,1
0x98aB1d07435782C27bDE67dD0651955F27f314C3,1
0x46fC76Ebc9f40eea12380b0264FaF095498641cb,1
0x494a5Bd415Bc0a012C4A60Cf0d26cB5d41749f14,1
0x31A57C3f6a5781C6Bd3Ad830984608C961620a23,1
0x8F55855e84644b6F385E2B47c52f20F0B67D632E,1
0x1C6703172a62A2de20053efdeC2f861F8bf312F3,1
0xDE29E31A9B1032c2f511d53b46253c4D096636Bc,1
0x22605C79D439D8DAe45B716c673c5F2c2d6A89ac,1
0x5a26BbDE96FB74391AD8fB7d2B591f0A663fe28F,1
0xcbd20dB9181884eBf6E34380280656F97BeCc2a9,1
0x6c9F8238997d1421954fCf37c959D360FEec9151,1
0x13013b5F91853b9DE4cd98433773FaF9730DfFA3,1
0x948B3d83bEFE6D83FF5F16CaDF2378301Be93b57,1
0x60D5345d0BABB3E132c9A0AbeC762ae3Fa96dA6e,1
0x1261b034f7492A97c3188A69a290166079299097,1
0x68AD96d2C9C01db1F5253975636FA6025B1BF4d8,1
0x028Bd1E65B25CA2fBAa177b5d2c3257142C1FE8e,1
0x13895aBbABd7D091126A00b8e2416AEb0eaD011a,1
0x3Ca451d144ecE21de1a510DfEd0dB5F184C220EE,1
0xB7da07f4EF6dA9a66644aBCA71Bf7546E4035B60,1
0x37FaA4B259cADDE83b94690706D04dc075c6BB52,1
0x81e47D39A5bd0816E8Ecf7Ee5538036c467fd040,1
0x16BAC2Cd4943dE78918c4400e5d0CE07Cd8237A8,1
0x5CDB2aDd6751885CE36266021294661043e30382,1
0x9635bcC0E4845126FDB133DE103d1F84DA3f9ece,1
0xEEfBe25F69b3ED5b7a1b0aEd46FfD38dCBfd7Af2,1
0x9d4481cC953C4Be9dCe10Eb8637d8D9bf899da31,1
0x694661E17910A06811A14410c593896AA7dfe5F8,1
0xEE315119f3fcaAf91680167B967592B1a6935826,1
0x8671120AA1ffbe4f335C64F0148904cA36C7ae8B,1
0xa9D767E7aE19B0029c6Df21BfbaE44442161875d,1
0x99b17456eD9C3EB3E2F4f292bCB515F8bb9F4640,1
0x1203b7ba45279B90823381fc7e50D07778ED3F61,1
0x2E9184f92A6F3d1Bb6088a224Dd340A13c194a0c,1
0xff971444773Cf704583307B35E9b76e6BddDa917,1
0x49dac9055a62C5ce0F83d1759ACeC8F73fe40C75,1
0xBBB4337CF758542d948Ee97C639dDCab9E7f419A,1
0x6685A95a33e036a5E74e345676C0ba850DbCd357,1
0xf6A49Dfd8e33C214b5fB7460321e074bCb5a421F,1
0xcEEB11826B8acB78ee37de48e0C74804860C9791,1
0xDD248ef69C81eA8981A5Bb29e06BEcbaf35388b5,1
0x99999C422E813A6d4B5dd6626375D3464b0bFF8F,1
0xC1dB246512033ee81cBA0D6F6b77f78CcAECC6B5,1
0x9a1ff111D64c8fE1b701F55eA548f636f3B76CEA,1
0x85894799CeBf3C1B372836f64a340ABA42C610D1,1
0xea96e33D04efA69293b0528E50F062f2d9E05C72,1
0x60CD6eEa9636b13DdAf3EBBE2A095Ad32AA3D182,1
0xAcF3B74B3314167e92f5104cc12CaDD930dAfE07,1
0xac29dF0cA3fC4AB0dc57f499E1dc1780a0668d00,1
0xb5e9a9cA597F4bec5BfE34b4739cC8b2820675bD,1
0xd4ADA5EaC639a9116a9F57A379bb2B1725283552,1
0xbc96E6Bf6C7E850C7f540DeCF1566b76D20f07fd,1
0x2f3A52cc77111996Ef02fdE19A38c42106617764,1
0x6c98c2eD2e5DDbD166fE6fbbF443814217B24Dab,1
0x1772ef83b2279a672154476C8fAcD9f2196d8dEe,1
0xCc4f1cb6064A69aC83A5133FFCf09217ae33c2CF,1
0x9aE727de5421a13eB38DF1B841D09698229076A6,1
0x4a6942437107889B4E222526e619A33C2888CD1d,1
0x49f99C6Db5cbC1D2147Afb02Fb0448E6B419148B,1
0xdAe1A193639E2f113BDfe26a2cBc6b6e0e415FB8,1
0x05A2d5a13c8610A26125Af7Cdc7f881995AD2fe7,1
0x1118003aeb105955eaC012884cB07B36e76e0181,1
0x52EAC0Dd5Bb9FA0F1bA791934A02B9fa7277A3CD,1
0x6e956725d4A909a5A8C6A012D21c182B2711FA6d,1
0x92166927caEA52d01963edbb0F7b07c7d1E6ecE4,1
0xA36F478AB757FD21AD5A71AC251E71Ba2cf483b4,1
0x7746C1C3846A2F95933e2069457580dcC90E9368,1
0xD6fdB1DFe36AA8e57aE9CdbC18524f7607D684a3,1
0x141d46F13Ad21Fe72248FF195881a6714BFD03D2,1
0xFD73d18cf5372084eBE4A6D40F19b88019317F28,1
0x84c9c7dc5091AD2cd6a196Cd86581D3A71D551fA,1
0x0a013Ae1CCAC705f23ebc3eE816898CaF4Cbe24F,1
0x069149A26Eb1b16f4e0a4C5fa9b2D0A27D58aaee,1
0xbf56cBbc46469245874A08f5280564A734369089,1
0x3079F63Df53bb3443636A92eB1768efe37E21221,1
0x6a367e9b85cF079F54e7d9f7532b1fCD0523D418,1
0x612D6F9670d95539C8B5b8Ec5Aead19b2A7C944D,1
0x4a3e3A1798fDAb5e4227eCAc8f76b7fB273002c0,1
0x9132641d8920243774b59ED5840eCaF7f491b1af,1
0x44E74FE83dFD2f018bDEB277Ed9F20071D9706F7,1
0x312f9B189aE1F00884d13646483172291C261F33,1
0x4614Eca4C65bA61efec4C91B36e484fB536fCcB7,1
0x6Cac3C43FfD9f81a65164110f79d5D583c2d3557,1
0x7c72a294Af67c7D57F459aB05D37F266B11425Fd,1
0x1f3f371e8bCA7F3C9c2452A0D7327793F2d0A0e6,1
0x9480fc2A527BB0F0e5E6A3CF2922BcD123B71302,1
0xb5c74d475A7129DFB2b258458eb781a1963347BB,1
0x9ABD32A70679F54e4A6D58b3fB1e03D36eD70C63,1
0xcAC41B244f61afFd72554D2126F5dC7c6734E428,1
0x083d3A177078Ac3F693C7D6B9019b32cC9736Db8,1
0xD01b107e66B5371247CDDC5dd7531e852853f4C0,1
0x80a9B5fb5910b0fC3bd954DFb3bf16E8120f5566,1
0xF1F887D3f4694A10A02AC3c2710c0937d13bA2bC,1
0xED9bc726F0c0b2252bba72C90562e04242B44a79,1
0x27C3958424276F1D97C62ed147a2Bf04bb601340,1
0x39c217a020F862b00C563518e9189CE8d5fEC273,1
0x0Ea3a94701239aD50eA268248e5f168bCea1606f,1
0x24C9AB4132246817AFee5a05d658F496fc646056,1
0x21815dC99f6A60816292Caf76D4d4E0FB49093fc,1
0x00007f3f585A508A22A48d99117a335eB1710737,1
0xff128D760D50a30746C8275A6E53c202C31B8C7E,1
0x1F5AC9d60A2843E2cA61C5d19F65E4951a61bc3c,1
0x5100B0d7Dd5852aeA7B76b04bB2926480660F1Af,1
0x75650EC3FcEAf24b7D2684D7662E020DF253E78b,1
0x0b3bfe556e31f3c44e2004d79DE4AF01f3f362Fe,1
0x1a11727d6cde5D2B938A26cAA1E24f20A4cDe7D0,1
0xe5073Dd5faC6Fdb1C50167dB123f0C56bED3d476,1
0xa9Ce2A58E2434C460cF804bd90cd6C9fD945167d,1
0x9d886A3fbCad4C57487eac5667b402c6104D191C,1
0x1E7A810b8162Dd50EBA2c90065DF4f24678D7928,1
0xe93a577768fb2b98195EDdD3c3a20D8a8328eF5d,1
0xCEABA7d7f107B942346ec90489cD4B78ECbFE56e,1
0x2D4c68C62648dcB47fB44997EfE0906f64A7074d,1
0xB055600E0Da3f2d629B8874f1Be95c2568524591,1
0x231dc45dADD6d8e2923559741112873306885de3,1
0x23A2d97FE2f100A67Ad175eeC0D3CE4Fc4c2F611,1
0x6C1d4db403cf4F60748762822eA19e0ad249D187,1
0xBA1E2265a7a403f816b9E57cBAe7f5B169fb3Ff6,1
0x8BE5283355aAcDB18592097605dB3B5d7c92a765,1
0xeCA6174c2e1295117668d16969bfE3b8c9E40429,1
0x7B0569Ea7011e5C3155Bd2E1dd5d9f05774D4378,1
0x033A876783d4A68db84e357791B531B01191fce2,1
0x473F1332D5352C99A38C7f4F6cf7c35db4c72508,1
0xEdEC17Ec606cC54Ca4bA47024faf1763cf6CB967,1
0xFb124aE6B854B2146674cF51BeAeDc54a1cef607,1
0xF95aC4d4Ba1DD10d3DD729Ea90f61794e757845a,1
0xeE0de1CeEc8c897604e3579eD557098f2E58b078,1
0x34d4a27fd4B915bcdd4C4a7cd2299D2c62Ea853E,1
0x3840338E5b03Fb2322639fC7D14243a73a74E779,1
0x43598314ae26Da1ECD1Fbcf284e3D2B26EcEb365,1
0x32c10f90a7aE33dC6CdEE8AfC6a7c23a6a91A028,1
0xf0411b779B77F015c4f457Dc15E9a57021163257,1
0x5b0FDE1af68F166d37189638B35573a57faBA6a5,1
0x68c600Dca9BAaf4F8428BA38C0a84eEDDfDb42d6,1
0x527C4A7CFC3b3d17613918Fe81D14d6dBad7b76d,1
0xe80e18BdC58Ba416e76f631dA723E683B9DE2Ebd,1
0xBAd6e417ceF550040985aFF60Ec733526363Ca66,1
0xEF3623a9599cB59F916d189346aE02486131A98C,1
0xd6A6aC532D68b4D3F4537f8b73f2dAB201ea7cfA,1
0x2A894DdAaFe044Aa056De45bfc6fdA8fACD69807,1
0xF7aF425d3Af83f9f60D7f3d41B2d7F61B1Cd7978,1
0x20b38b1D24732C9Bddb55CA86844DF0eD8c53F00,1
0xe6d694CFfFa31AEB083724181e41782164a96865,1
0x014B92F83a840b32768d306c325A97f9654c76B6,1
0x244707237da5C4b07014954bC2973877F5739b97,1
0xc3CF2BFE223E0003aeA138F79b6c0b256eF3a3B8,1
0xda93Df9Eb5229e7dd1aaBE2BCa8C04406ADC5F13,1
0x5bfB124775Fd3b1B11d8Ca124B5f9e565C7494f0,1
0x9763992b38b300D03Af3Ef583b1afd7a2e813aF4,1
0x6C74f06b7A03D3e31F1347E5D5D817940efeF516,1
0x3EA3Eebd2d9C30A8baeA530aa2fBc70cAC79F053,1
0xEE4Ae666879B9D93b2945D76CA19063e90452e4b,1
0x2f1503cbf195B2BeA5f1FE2C264C34bc7E68AEf7,1
0x7Bb5AE581107de6cDCCc6e8F1fCC3e0394E08d24,1
0x402b185C87a781b1E169f28BcD9D4545581b1925,1
0x31597E983731E52B0948Dd6D0c528bd42Fe0012d,1
0x3953288454cEa536c27957f36B5fAE7403952B53,1
0x84DF26b640239Ec5DdDadE55D53D2279376D10A9,1
0x90942617B196faaabE41Ef1eB01211B3AD1f9a33,1
0xcE48ECFaaE76dd93aa8de3eED853ab18ba2aafe2,1
0x97f156Cd2542629D7ce897D7a8d4966233b1AcC5,1
0xA0b9f85e9eFD7365899fF84350f0c76d5e8Aa17E,1
0xe9fAD7b0fF613B5E5114b44168951A7F5bA3Fca7,1
0x88D8aD0c61f64C2a893171754474772BdaA51940,1
0x29ccC63EdE1a0ad108Be56ECE9aD76BC3d0d64cB,1
0x2F75325eaA6A1aED5972e8d6bF40D536B4C545d4,1
0xbd1d2E9F258E4308b784F16C85235B92D741CB9D,1
0x560e1C866725eDC4C3AaABE38683A7Ec8420C31F,1
0x0Be9cD8A94A328831B60a5245A154Ab23130E516,1
0x4CB4d614d9C63330f37CcD2C273D747AB2375b1D,1
0xe89cF8A064301F532E00C3FEC08024f4a1d11b1a,1
0xF5Bee7E746584f7F9b7A9Ef52C019e97bDc91469,1
0xB8c9fC8d371fabA4272A9509DADdba83E75923e1,1
0x8ef27089357f652B9F9661d71c33363F0973D93B,1
0xBd692094958acFDFeaBbe263B570bd09AD71cc8A,1
0x2fA8B94be394B5090886a374B50afd6fB44b4174,1
0x2b18aAcdF63BedcC171F220B3F1eD682DecB365A,1
0x8a3872D64f9A30332CC5d79783D6Bc9879e4CDcA,1
0x472061685601AD952717E7006B715Ea21b17fE97,1
0x145Fd728F64dAe01159eABC758CbF04A2eDFA3f5,1
0xCc13D14B55A3C6DF9806fc816AE7028dCAD969E3,1
0xf705Cb1501D04462aB7FF142F1F0ad198175725e,1
0x3CfD19EeB66020402dd5C3D97C7cc05Cc0b779f3,1
0x5F718818a3BAe88C3A969d619e5Caf3D834cB9ac,1
0x11CFd4B4bE472E7D2203584d6c9c9fFBDC8a4DA9,1
0x6D4FF21F1A28C1c25c60A7F16fA845ECb11C107c,1
0x3B1925168A10632760C4fF9DDac7B6Ee7BD476ab,1
0xE60107E44485c60CE5d53D2EF0A33dBdCcB7A5b3,1
0xeC5897C5466558Cef257401a92568B543aF6a864,1
0x91562F15d45032B0017859A600A92aA7f1Dd030c,1
0x5812C159b0dd816D2A6862ebC6b282E3e752417b,1
0x1ceB4110A956F29ea04bbdB599eCe5520C61F712,1
0x7d82dE6d4483e30b9263DFf6124575b48BE7D1bD,1
0x695AF7ae0658618b1b7F5860914B97B9f3eb2c3b,1
0xfcC0e9884e444b79874e0275724Fbf49f3060Ef8,1
0x129712bef95B0D0106e2299F830e5C39B351daF6,1
0x19533BaD519eB63767CD1024847b606A436753b1,1
0xceA9F9e08954c2696058c327feDae2ac0Ec0DDae,1
0x414A7E4a5f319fA4a1649d6632daC1B11Da790Cf,1
0xEb54Bff565695923EfaE94b6B2E397A0d84013E9,1
0x1827f3A886DaB16F87285cF759A3371d6b2115Fc,1
0x48f7f50531b5F53Da909dC2B362bE8C992Bf3334,1
0x553BD4423A8415295F1E8870C316dF7f06fd62aF,1
0x55663F21d0C6AD24f2d24Ee7680eFf58EF8F555F,1
0x175ABe6434387658AC04D532394e866103Bc046B,1
0x3c98B52c84bD961fe58Da8E7f1d644a83F374872,1
0xeCcf8aA279C2D606c5aEb4fdafCf7313761EAE58,1
0xc162F6A6E4eC65d6f0Efa2Ed3fF8946269d5a741,1
0x0E3E413e035a6899ed7C0c88cC120Eb3f1E51229,1
0x6f1555CE4908deAa6A73791Ca8b87673ec34336A,1
0x28581D2854fBc981DBC9eA109105D73A70c527E7,1
0xa911f529fc5d2832A5619658999170f068ab1202,1
0x5a09E3fdb828EC32Af3b4216BBdA060DE51Ee72A,1
0xe14b6c0b8530Ee2490969F7207945A949d1df693,1
0xDdC51D231eB792D61500Ba0eD391Fa997844BFe3,1
0xA0071e69251821dB43D6C96c6B0ad432ba92b0aC,1
0x42b097b35ec9E2033c5994AE9bDdD793fFEbF720,1
0x77ED3fa96CF879F38d5544ad4397456E90134781,1
0x3a6687c021F87c1EF9739dFc1adaDE48c72A7511,1
0xa4313f44e2ee89f98410A6CAD1172A99e9a57D2F,1
0xe5A6DF02bA73FBE067f74353d6E92078785f38ed,1
0xBF9019f39B478938df968D331C282b06F7B436BA,1
0xa462ed0E51c163D73d99d26ABa5a6C4b9Fb76108,1
0xE776a2bAc52b7740e78292Ea47F67Ba5Cab24Dbc,1
0xeCee211d2726304FC38A7cF9e51A96E24AD5dc23,1
0xC95dDF438FCEFFc8DaD32ae266444788669b5a28,1
0x6808696533393371932559032384655A7736FFfb,1
0x9e9865d26131d76186aF09f29e71f2fF12C385e1,1
0xbFF4C7903D0dF4dB102689eB764C94E4bde650A1,1
0x425DF118975af86feA2a8451f4FF61c3E703F55d,1
0x95985B9210Ce99eF136138d3eC2B7E949aC4BAF3,1
0x8691C78057F87Dcf6F43B7A8a36fE468087D3947,1
0x275f16513119F0F9Ab75146fFD97697AC0aEc459,1
0x4293F4840c57C740a211eDd0b1Bb05C215355A41,1
0xA534EEeA097D3Cfabbc155bAdAA7e09aEe07E343,1
0x08d7BbAb0eB5455709b74fA6c874331FdF97b7b2,1
0x0d62227a49feF13A14438102154641478E0AA0D5,1
0x19D8bf95e2469E7Bc8fD19F29D9A8970EaB7C92c,1
0xC86F6808254BfA32808AA6FCb6C183C255F94f84,1
0xB5395D151ADCaa8F666526cEfFbdce5B465B5fC1,1
0x7157479DEBdaF3eF31755Cd5886B40A7519C5422,1
0x57185a9EdEe0A7C807caA54d0BD14317cD3013F0,1
0xc656E3Fa8e82F7D0d49c10d23Cc832Ab779e1C00,1
0x89A006180Ddbee6710438a671E9FF303693cB978,1
0x4ed1053AB7c9c0eeB906deEAB41d0B1843F2f0D9,1
0x15DF7235211174e44B55d9A8d5eEAa44Cc7BDED3,1
0x276f616D8A165dA36f38d5F24Ab81fA2b7c1555B,1
0xcAcF80424532627775E388399914Df7Fa9187691,1
0xc71b2C21B10418adD6D508A91f7809738dE71CF9,1
0x930e7333Ea9Bd9Bc06175ED5446cB5Be83cB7c31,1
0x9f362B2740EcaF41f4345aB12BC97D76276F68Cb,1
0xde8bffb87fd7085474ffedc4C932a4271fd6078e,1
0x65049C499b0C5136b114b5B1fCB0fc3a56440089,1
0x16DEFf70B0c3447815068cFB28e5D7951e796426,1
0xf3cBE2FB844e4E33cC48Ad1Db04fc9BDd884a12a,1
0x7c84E2b5396935De75F32bfaA08aA4C5FAF41671,1
0x817209e1E61AF4D30da44aBdA852c6992c124169,1
0x55Aa3050757c2A9E5A15D5B2623627b647B17E4F,1
0x196B473f7D74820029e269A98baf3517c463fA89,1
0x2C94da3C7707bBFB9e614278C938A761DEa4A9F7,1
0xAa1cC1e3289640A9Cdf714579D5CC9F8400Dab76,1
0xdDE7B987A01717EEfCcA1Dc5280c164E2cCD133e,1
0xD28c9842c6f04aFe966EDD9aA41558BE1F38c778,1
0xD5a5Db5092c9A88C1Eac9CCa1b83E4Df6b2daE99,1
0x61Cb99A82529f738169aeD7171C5C67CCcCd0366,1
0xEbA58fCB37a8767d89EE0EE5036cdE38f45D19E1,1
0x78EbA104a6E3B554F9467b363761EDbEE970D31F,1
0x6880C355C73E9538313c5203c7783Cc56609F044,1
0xaCd884596b774AbFE3736D523188fC5735191f01,1
0x004BbEE6655d73D172b67365cAaBB2B18721D538,1
0x58db0Ca437Cf8BF1e63d23A41F88C618e420d12b,1
0xA3a648CB36Fe36BA3aA48f1D54365fE696944C6d,1
0xbf86D17901f1251C9fca0f5Be77C46726057625b,1
0x9f6a81a5572cd94B120eaA180b53D62D3FaCE607,1
0xf46d36A35eCA074DAC347baB4F70D969E8Cbce59,1
0x9f7DF0033fc508ec759Ea42856dCf5AC1b29Fce1,1
0x4d9be487a31987B94777F1F32F473105cbFf271f,1
0xe5A3Be502485E3cAe3847E82d8837acA3266Cfc8,1
0xd2DC261873897aAf3d34C4b7980e0a3F6118B49a,1
0x398a538fa4e632B798803601fffC2d99AEB3B140,1
0x77e2b69af76D1c24e42b2622Ad81D1b6c6a02DA6,1
0x23f24fe4fB868063A60E8A735DBfE41245D9433d,1
0x75898d13F2d3700610ae13eeD6E236E71306877B,1
0x04df8C1cBa27019eb0e7aD6DC9927d02b7c52478,1
0x504d2931e14221Acbb93d06Fc7447d7FF52D9E34,1
0x2b1Baff31B131b9f42bC1a2E512554504A4f58E7,1
0x520F38cb243A23BE1E9836202Ce697866D80dAdf,1
0x32AacCa3ABE1b311e2b05c6731EAE3Dcc7730309,1
0xF5F3f0D81F303976A450c991e87e421f2A7ADf04,1
0x229B0da357Cd4F3A5d8fd5Af5788fc445E18D053,1
0xB6Da7CA1e0603C7E85fBFcceb68d7Be3Eb549E55,1
0xe622Aa63e44073eec83207f7b46CDAe6539C347A,1
0xde50F25d99C49d7cae4F509C4d059dA7138D3B35,1
0x5ef3a8259f2bf5D88a2cC5A07656f9C6032dB3Df,1
0x43AA6649e13aaE805C67dD857128160cB17d1A38,1
0x94db828F971919dff4097E0D8970329CA5B95c1f,1
0x537903a806ec1B14331Ab458b58026c7CC6d8169,1
0xbC1B3BE0C09382cEBb21707FF9Fe287E1f91dcC9,1
0x381219677Dc7001887003e1E693b8719475dA0ab,1