0x034eb98b10a29Ea619973f0468D615F9b17E0a72,99
0x080CF7C73a6be337A2a2758a7095FF435e3dF70D,99
0x0B084F50B944A74e77692b5B1F464BC9D30E9af0,99
0x0f291E90B3c8787c2C44E5f520CF237c234d9Dc8,99
0x253f422811770197ADFA948a925A93b93dB0526C,99
0x2D56F1dD1f2DF324c57457F0134a4279d76b65e3,99
0x2F75325eaA6A1aED5972e8d6bF40D536B4C545d4,99
0x366F7B03ffa176C0226c2AC40c1615aD5BC649b3,99
0x4d0725BD1eD293F044C319a4E444bEe6F8349a2C,99
0x4fc0e1BaFd06f57aE67c0145d50619Aeae946986,99
0x54636118D356B8BaEfDe986CBFA176572e6D352c,99
0x593B0c00078A741eB440c7B9Dde999bdD40Aa1F9,99
0x7Af367DB12D1aa5f08A0751bB20E18443b41bE1A,99
0x86c16F44BC75851a9E2E16e28366aDD78169fEA9,99
0x8764fb72786C9aDAEe36e38Acb3f23b5145A4B78,99
0x8A2D2A4C1B05455b8F340A6bB98b0c08513A8555,99
0x8c49A34F8fa8e2b5eBD748394b8685E0275e657d,99
0x8C88393ED220d6566F9EF47cAe1478bD5B45d7E4,99
0x9008E2A8C9F6E4Fe77CCF98b58652176e4451Ec0,99
0x97f156Cd2542629D7ce897D7a8d4966233b1AcC5,99
0x98488C8A8005E8cae743d571d2a0f87DB288Ea99,99
0xA0B9ba620028d60430Efc0d7654A2b16cf5c674A,99
0xA200369d36d9a1040bDddDf7F83995220E87211C,99
0xAa87a3a6290E2739bB7C87A0D6d6AB794CB2DB23,99
0xb2ffA393F0b4072081eB2738EB8340bF877BaE38,99
0xb69ADef1596b2b0f600452581C786E3Db7B87De6,99
0xb9c967Aa41292Ff7aFE2AdCD0eE04D302A88e8dD,99
0xC1b3334D515DC93C8aBc6DeABE7db21f05A1Fec0,99
0xc29ecc71078f799382431e94F37f7cD5D9e2046a,99
0xc9e791996Fbc748DC6f5763488ddaDEd4FF925d5,99
0xcF8373446363216f0daC6ace39cd3dB12cF8689b,99
0xd002E731B302286009AbAAFD5E05A9853f5f3002,99
0xD0F55F7E6AC44C9121b655BE7a1E1c425D52106F,99
0xd6C3280E7b610b58EbD4C36Ca707D717c2683c3E,99
0xDE29E31A9B1032c2f511d53b46253c4D096636Bc,99
0xdeCD5adb44DedC0F5eA82B95D1C2B3818E3248C1,99
0xE054AAC700c9aa60B461Aa552c5a6be9f382521F,99
0xf66d4094d0c66fC43494B453008f6853b4A45c89,99
0xF823F9D6f0E68E59B385B252d859782aD6BAdc72,99
0xfD308dfDB978b8eD3675A90394040C5B44989E8c,99
