0x0026948023FE0546EF6D3DB8DAf5e82881002fC2,0,1,1,1,1,0,4
0x002B5dfB3C71E1dC97A2e5A0A7f69F3e7b83F269,0,0,0,0,1,0,1
0x003c9f72c550FaBB7ac70493d5cC9A4fe1702770,0,1,1,1,1,0,4
0x00409fC839a2Ec2e6d12305423d37Cd011279C09,1,0,1,0,0,0,2
0x006c77e68d2cE85db549BAC376b4C7283A332447,0,0,1,0,0,0,1
0x00C6A1a5f61558491Bc8CEdA03Fdb4658513CcEA,0,0,0,1,0,0,1
0x01328e82Fbc87D90fcfE7EE3a7932a6Da3148f5B,0,0,0,0,0,1,1
0x0189af79aD1522909CBDb64BEe0048bb6A5d9d78,0,1,0,0,0,0,1
0x018D65d26a2F743B3BB376436EBF9812833A0d27,0,0,0,0,1,0,1
0x01A24cB8d73080AcDC8205DddE127adfB41bf18F,0,0,0,1,0,0,1
0x01AF3231417C138D30024b81a1F13E35C7004333,0,0,0,0,1,0,1
0x01DD129eDb0dA10678ecF4D5DCF11598e3F1aa0d,0,1,1,1,0,0,3
0x01a2B6c749b778053bC81551E23675F0aEe641DC,1,1,1,1,1,0,5
0x020Ee2b3876d33EdE0D7C751a3a4593CAB11b90b,0,1,1,1,1,0,4
0x0251FEbE6b9462f2F916658DFb43444Aa6109daB,0,0,0,0,1,0,1
0x026Eb6B8BB5a66FB9ac2A0dd69Db199dc2F0a579,0,0,0,0,1,0,1
0x026f4F00ee86343782C0b78d9A14ec9dD25f5356,0,1,1,1,1,0,4
0x02e4db4B129fa89fa59bEcf13434FeAb1FB9986e,0,0,0,0,1,0,1
0x030e3e488576B8FbEF29f84Fcc25088B9cEB7dfa,1,0,0,0,0,0,1
0x0332A05C57a3c9C56F06329fef7B12f30dff8085,0,0,0,0,1,0,1
0x03616AE0aF76F7166e610857A2BBB4f254C03c8f,0,1,1,1,1,0,4
0x037B628d51b6e2921C85d098C823AFe33541bD6A,1,0,0,1,0,0,2
0x038470d2B2EfCB50FcCb5508e90F4eb737862e83,1,0,1,1,1,0,4
0x03A507043314ef13A83aFFFbAf15d89055F64666,0,1,1,1,1,0,4
0x03B009313A9Fe6DA9106C43A50EBDB5bE61dF7ef,0,0,0,0,1,0,1
0x0411731Be3b7cBA409ede437472b75004353D81A,0,0,1,1,1,0,3
0x043AC44F8Cec7e359A31415f1e54459A8c2599a0,1,0,0,0,0,0,1
0x04c650b361A9f9DEcba87c6b87db11a67bfFcC4E,0,0,1,1,1,0,3
0x04f56519dE241935905729A9120758616ffF0B36,0,1,1,1,1,0,4
0x05405733c5B07C81A087aC77f3DB20ed03257D2C,1,0,0,0,0,0,1
0x05431cD62F011Cb44Ec803Fe4AC96FAC651CA494,1,0,0,1,0,0,2
0x054Becf10c79aFa4e60F75B187837bE9Fb83867D,0,0,1,1,0,0,2
0x057561523E7819d19d7690ECa2ff05a138Fc3B4f,1,0,1,0,1,0,3
0x059F825206540feE5b529091c594a8809B0cF218,0,0,1,0,0,0,1
0x05F761AacD63e4e96Bf98f0fE5614De5Ba90856C,1,0,0,0,0,0,1
0x05cf03eEEAa89B5F4f43faeA05264322B471Ec21,0,0,0,0,1,0,1
0x063eE81FFded3250E624CA1AE7b27cEE612f82aE,0,1,1,1,1,0,4
0x069EAF0625FC0205CFa86D5152C07867F13346a0,0,1,1,0,1,0,3
0x06AFE6afF701586643Fbe13F837F6B843E4c1ac6,0,0,0,0,1,0,1
0x06c5606FF51eA7c1908F8F88056333DFcEdD940c,0,0,0,0,1,0,1
0x06df6838F036f2A340232222b5587C18d82e83F2,0,0,0,0,1,0,1
0x06eA3b4fc6E7f8E8CEb712b641c49479963CCa46,0,1,1,1,1,0,4
0x07029499D002f0BAC847dE418C26Ede67eCfc9F2,1,0,1,0,0,0,2
0x071ef19D99D3A774465766FcB8169136f1D90a9C,0,0,0,0,1,0,1
0x0743542070891051861f8D0a4550f97B43B0B89a,0,0,0,1,1,0,2
0x07506a5F48D71fDB34D3900fB086D43EF1B58FF9,0,0,0,0,1,0,1
0x07A8AD2BF464Cc8c11F94e02Aae26bEfCe0F9759,0,0,0,0,1,0,1
0x080BE6ddb9d0E2Afa36F05B2199b06A08826EE4E,1,0,0,0,1,0,2
0x081AF8DC18386856096e8Afd358a026a46B46f3E,0,0,0,0,1,0,1
0x0837c9DbD6e0dC2f1dcc1ceB4Cb526AeA17Ea1d3,0,0,0,0,1,0,1
0x08A2AC4c8ABF3b29D18A33508d333eaB9ec29011,0,0,0,0,1,0,1
0x08FbB279E8F9db67CB6496cC7a3CF9E539525E20,1,0,1,0,0,0,2
0x08c842dD86aE7cafc35196BA47D7b3a0566c6223,0,1,1,0,1,0,3
0x08e3C2cA64B6D0ba33cC864221383C7e20948Af3,0,1,1,1,1,0,4
0x0963c09Cb5d3cE06962F15930d86EBd424203fE5,0,0,0,0,1,0,1
0x0981F020ACc7f8f76d086847552522A964fD34E2,1,1,1,1,1,0,5
0x098Eb7A11cEAa5F53022144E9A3c15604300fFb9,1,0,0,0,0,0,1
0x09B17dBcd8Ac17Ed5d2d6Bd22ECB8Eb68759Cb4b,1,1,1,1,1,0,5
0x09b93AbCA90eC10B8572d257Ed691c8F82Fc1A3c,0,0,1,1,1,0,3
0x0A38D92F3b911034fa48eeA8bF123F21fD7b34cf,0,1,1,1,1,0,4
0x0A5e1766366E278Ff415d0521FDe933C5adb36F3,0,0,1,0,0,0,1
0x0AE12B81964df57596C724761701AEe57f91032F,0,0,0,0,1,0,1
0x0B2153f172e29112E41bb4612952568510077Ee9,0,0,0,0,1,0,1
0x0Be9cD8A94A328831B60a5245A154Ab23130E516,1,0,1,1,1,0,4
0x0CBb5995Ea0C30A62F19BC055f9848250063d0C8,0,1,1,0,1,0,3
0x0CbCaBF9fFC5a53976Aa63F2bF092166B3727151,0,0,1,1,1,0,3
0x0D4055F25C4367FEa30fD51D142E95E0E0d3D700,0,0,0,0,1,0,1
0x0DD5CABB728cDD388B16cd165De6eb9228B6111a,1,0,1,1,0,0,3
0x0E23F2A9c2b70Dbc4E8F900e69eC4ED82ff3F6D2,0,0,0,0,1,0,1
0x0E432611C5Fa71db4b76DBaf1382B127D10e8960,0,1,0,1,1,0,3
0x0E9d6Ae20c982b43c219E9bEFd94ce2302264068,1,1,0,0,1,0,3
0x0EBA3c1E84866A65D99B116b2B3EA4529dA8916f,0,0,1,1,1,0,3
0x0F9093c9d7fAD2829180a745e75a075E92C0E086,1,1,1,1,1,0,5
0x0FB4E427d986B25E307DaC66CB83A724a7B8c97B,0,0,0,0,1,0,1
0x0a00F000D17ad7525bFCb04902e0BD3164FEED24,0,1,1,1,1,0,4
0x0a2D81F10Bee8E999122EA505fA6fa860809fFeB,0,1,1,0,0,0,2
0x0aAdaA54b39CB6762184Ea2C57b3cF03CEba6d64,0,1,1,1,0,0,3
0x0ab66449d1271FC3F62349b0Fa8396da4debC92F,0,1,0,1,0,0,2
0x0b493Af26Fa61E5FF84290cA934b7c85E3195505,1,0,0,0,0,0,1
0x0b743d5CB4ea6AD4Ce1FEb376986D5ee8Ea2C52E,1,0,0,0,0,0,1
0x0b9868c9E24D976202AF53dBC60d784aBf2A5227,0,1,0,0,1,0,2
0x0bC02E6d6fb8CAE482A2B95bB77568d6928Dd43e,0,1,1,1,1,0,4
0x0bEBE93C052671ad55f4A21488ecaff18fb420c1,0,0,1,0,0,0,1
0x0bF1fEe0f3DBb4031e4C12E2985df93F267D53AB,1,0,0,0,0,0,1
0x0c2Ab8F849838BA353ab82a147042565A1b972Fd,0,0,0,0,1,0,1
0x0c5FC2971D6234A6f66869c6Cf9b3e1F1cA48343,0,0,1,1,0,0,2
0x0d508968c96D6436F8097513a182992d621Fa877,0,0,1,0,0,0,1
0x0d76D5196dB89f0F30AF5771fcbb897a79Bb0402,0,0,0,0,1,0,1
0x0d8e3B881BA969148EF135dB9e29B5b49CeDb64A,0,0,0,0,1,0,1
0x0dB71F507Dd156eF834Bd916f6f344E6a0f936dd,0,0,0,0,1,0,1
0x0e1B549ecbda4C7A2e29939F5b8CfB4BeE1Df85A,0,0,0,0,1,0,1
0x0e551a523BD88f3815a5D4CC6231fBd513B28b9a,0,1,1,1,1,0,4
0x0e9F1488F885Ef329bA2aEDA7004500f434c4582,0,0,0,0,1,0,1
0x0eB19e452B1cEaAF66f48612351fe1907F7dD512,0,0,0,0,1,0,1
0x0eEc442c632f5DA69CAC03439cecd6Cc001f1a71,1,0,0,0,0,0,1
0x0f306c6CB64b842F5b5854246FaC18EB6293311C,0,0,0,0,1,0,1
0x0fEc28E5416fC3D6A21452600bAC46db3Cfbdb03,0,0,0,0,1,0,1
0x0ff33fE9BFd306B4973d94c5C02D43fd28fdCae3,1,0,1,1,1,0,4
0x100d878FCe93e8dA7a0866f24425CB4f410c41eE,0,1,1,1,1,0,4
0x103Eeb2776A9AD7a8E6C6D39B2dbB2540D13cDbc,0,1,1,1,1,0,4
0x10495E143d79296d5222497b7245294dc9e2D596,1,1,1,1,1,0,5
0x106a68f5D70a9A091AC86C0735DF39E050926668,0,1,0,1,1,0,3
0x10DcD55FFa744C4420f9a3E04861972306b20f5B,0,1,1,0,0,0,2
0x10Fedd3a2eCC9ABbDE294C1d13e1f71EB71F3aad,0,1,0,0,1,0,2
0x10ad2Cf561f4210cF8255dd460521D8548d59AdF,1,0,0,0,0,0,1
0x10b4ee99F35df1fDe98226eF7438Fec12909eF96,1,0,0,0,0,0,1
0x10b6e1a1EDA38cdFa5c6D92891cA69876d363501,0,0,0,0,1,0,1
0x1104c4ba4A891487D1b87d7AD12BB7DdC60Cb78a,0,1,1,1,1,0,4
0x110cF16FC17F24a6df36357f3468e775BEb2AA90,0,0,1,1,1,0,3
0x1118003aeb105955eaC012884cB07B36e76e0181,1,0,0,0,0,0,1
0x11255c3330229f1DeD85971Dc9EFeCb9a38b3D2b,0,0,0,0,1,0,1
0x112f0174E51F3039668a9df8783451772EC9DdA9,1,0,1,1,0,0,3
0x11B9dd6d3129Eb740011b1A948aDCbCB67758a10,1,0,0,0,1,0,2
0x11CFd4B4bE472E7D2203584d6c9c9fFBDC8a4DA9,0,0,0,0,1,0,1
0x11E14b7A383F3D7B82dD63da8f9B6B4D6c392B6e,1,0,1,0,1,0,3
0x11e7C5CAa6Dd51649DBa8667B2EdBd0eF65ca5b9,0,0,1,1,0,0,2
0x11e989fa37d18212E9e2A36c79e1D4fb06aBF8eC,0,0,0,0,1,0,1
0x127f87D63C3B36c0592E8F844485a1F090d44a7D,0,0,0,0,0,1,1
0x12846A6Da4e729a6B5c33d32F93bf52EE3CAe8C3,0,0,0,1,1,0,2
0x12924049E2D21664E35387C69429c98E9891a820,0,1,1,1,1,0,4
0x12Adc6Cf916e0BB1F1C14692C46695b9e6A5Bc4C,0,0,0,0,1,0,1
0x12Ff7B920Edf2ba45743C71f7a513F7a82030549,0,1,1,1,1,0,4
0x1302a937Bc0fe8a06F124e644236C876b639F54E,1,1,1,1,1,0,5
0x13192B1056ED57eaa06BB7E49d70964A668e8604,1,0,0,0,1,0,2
0x1331cb9c804c4282d2704A2C98a812912F7d10d2,1,0,1,1,1,0,4
0x133bb0332C9337c57175F62d0EAAf0e6497A3C08,0,0,1,1,1,0,3
0x134809e1c2e82d7f075f4B6B0DD0e941f8BeE9Df,0,1,1,1,1,0,4
0x1379eEc02593072093a49e41e6cFA7D552fEfE51,0,0,0,0,1,0,1
0x1381E41841714EBFf9B96C7240Fd1E257f85811a,1,0,1,1,1,0,4
0x13A209C6869b28647DDf504c010f071E7FF47561,1,0,1,1,1,0,4
0x13AE7D65560e668AEb788Ee28944D3fA3931D123,0,1,1,1,1,0,4
0x13Ad89D1C63b07c629492b4e5D1B1039135355BD,1,0,1,1,0,0,3
0x13C385A2Aa976B637d2a701dEc0E2479cDAe3Bb7,0,0,0,0,1,0,1
0x13f399782768429BdBbA1395175eA3f4244b0B84,0,0,0,0,1,0,1
0x1412FeA7070345Ae6897494A1B897BFF5D0a26A0,0,1,0,0,0,0,1
0x1417a531f6cB155174bEA6A0B59A70CB26f0646d,0,0,0,0,1,0,1
0x144C1dba38B2AD72Ce9125Fc8e0B917aE75e2046,0,0,0,1,0,0,1
0x1479E8E655Fb6AdaECe7aeEf8cB4bb980aD5EAD1,0,0,0,1,0,0,1
0x149aCb2aF715566FCD3d0A603C07E42d21ce069F,0,0,1,1,1,0,3
0x14C8f2094091f03966D28FF30592FFb459317889,0,0,0,1,1,0,2
0x14d025Dd75342185DdC54550f3b2eb10Df58ea69,0,1,1,1,1,0,4
0x14ecbA0E84367D733BA042BC1283709575Ecd79d,0,0,0,0,1,0,1
0x150D3aB5D20adDF6ae6Cd07A75d298660E21aaD9,0,0,0,0,1,0,1
0x151FB835d29AB1fdb36df69A1145654F6235E44D,1,1,0,1,1,0,4
0x156548113552Bb52AE921a0B44794A6a5F588C9c,0,1,1,1,1,0,4
0x156AC784BaE328f6aFb6403460145BA8B029d3b5,1,1,1,1,1,1,6
0x157Ea7465237654286Ba3FdfAeFD145cafc8859E,1,1,0,1,0,0,3
0x159A753dB06231a013Ba8404F14bf71650CE0dBD,0,0,0,0,1,0,1
0x15B2624Eb9FAF2E211DB78d115418663902f24a2,0,0,1,1,1,0,3
0x15C3aEd976B84a726A63D05005057D7b7c474773,0,0,0,0,1,0,1
0x15Cee7Ac10A4208Ff96f340C237C4Cd531463CB9,0,0,0,0,1,0,1
0x1604EfA11c5b7392BFd161f6194EB7d636e01C31,1,1,1,1,1,0,5
0x1606597f91d629F6CD2729aF92bB8E87e97780a9,1,0,0,0,0,0,1
0x161b1d3aB6cFd2b9F42Ec758FD5a9CEbD0808952,1,0,1,1,1,0,4
0x166Ac1d09C42C4950e03aDF0e41e4bb18536B29D,0,1,1,1,0,0,3
0x166F8852c6f08F86d679E1F2ECFF1272A91EeF26,1,1,1,1,1,0,5
0x168F87fBfe36B84E44B9d06278B2aA1CC73d7400,1,0,1,0,0,0,2
0x16Ae02d19C5FeD4407BCE1453f33FC191c8b48B3,0,0,0,1,1,0,2
0x16E9A99f8679AD1e283d183a8E29060Cdc070737,0,1,1,1,0,0,3
0x16b76bd17017aF0F6D2992ef70A665B5e2744078,0,0,1,1,1,0,3
0x16c60a2a633630C97CDCf38C8F9EaA4D135E75c5,0,0,0,1,0,0,1
0x170c81a7451CFaD5DcA2be9681834a5118BA2886,0,1,1,1,0,0,3
0x171a95dF9b2CE7B846eE42d1bD52E17742DA7a44,0,1,1,1,1,0,4
0x171eAD4bAbB00AB1e4cA01E9440aeD74Ece99D86,0,1,1,1,1,0,4
0x175460D632037e65186D0a976D8D1D6DcAbb436f,0,0,0,1,0,0,1
0x1758251c309f7C1fFA653064dcc6b8d22aa0E7E9,0,0,0,0,0,1,1
0x1772ef83b2279a672154476C8fAcD9f2196d8dEe,1,1,1,1,1,0,5
0x17A7Aaa564511583E67C0A85DF4362745B2984bC,0,1,1,0,1,0,3
0x17B04bbA47f1DdAfF1519A98A5f5923B66Aa1407,0,0,0,0,1,0,1
0x17C3fdB5ebf9c6BB1977DAFe6C916b8E68FeaAaf,0,0,0,0,1,0,1
0x17bbFb308a68809be9C9fD027454B644FE16d712,1,0,1,1,1,0,4
0x17ec85f5a6b7C64C9A5239d3B6331746B63b3481,0,0,1,0,0,0,1
0x1804F90d05b9F1b607077C05bF2df0Ed84EC38cb,0,0,0,0,1,0,1
0x1847C8666E0FCc7E16a1Db6440EFcb9c3aD88a4a,0,0,0,0,1,0,1
0x184e445C0ae178Fcc165cAeCe07D3AA40db6aFD1,0,1,1,1,1,0,4
0x189744C282F5DB6D419207d30811B0c04D6131bC,0,0,0,0,1,0,1
0x18A6f239E133b04A7089A280Bf48cc84ccca0622,0,0,0,1,1,0,2
0x18e9664A094D8d134bb3bae84119305aFE308ECE,1,0,0,0,1,0,2
0x1998f627ad0F5904165b1796c4b111492365Dad2,1,0,1,1,1,0,4
0x19BFb0e085231ADDFad4185D684EcfC1A99E2CA2,0,1,1,1,1,0,4
0x19DD4bE525a0C44848BE701278d4F6D390168c20,1,0,1,1,1,0,4
0x19bdB6069A4A947294AA0C4DdE02CCB1462C3024,0,0,0,0,1,0,1
0x19f126c87f36339972e6D9378f102f7edEb6f02d,1,0,0,0,0,0,1
0x1A2a6b7b6e43821835E661a015BdA5aA9179c929,0,0,0,0,1,0,1
0x1A64eD145A3CFAB3AA3D08721D520B4FD6Cf2Ce2,0,0,0,0,1,0,1
0x1Ad1326Ae5caD3c912D7899649286AFBcf908925,0,1,0,0,1,0,2
0x1B09002ec1B5CE94A79547139Dc44769A2393A35,0,1,1,1,1,0,4
0x1B2Ee83fb043a482f6012997C1192985749f5e31,1,0,0,0,0,0,1
0x1Be49f4c800ec9DE69D3D906ADC995c52B9A23D5,1,0,1,1,1,0,4
0x1C25609c99F63d631B6ffc6915F9b98a099F8184,0,0,0,1,0,0,1
0x1D54eE6c2e15B168F35a578Ca2BCf49F6A46c473,0,0,0,0,1,0,1
0x1D867BdC66680F4B8dCc14074781E175b6A76f58,1,0,0,0,0,0,1
0x1E2ce990FcF14ba2097e8cD3028D12f1200b061d,1,0,0,0,0,0,1
0x1EC2ff7A371fAb19bEf62a5f285FB09bF88C904C,0,0,0,0,1,0,1
0x1EFcB2F2a58a1eC3028a3983Fd8ea3ec5266C3E6,0,0,0,0,1,0,1
0x1F27b0482ace1B82cf7A4f0c55dfc2A05dfCfD75,1,0,1,0,0,0,2
0x1F809a6131F81369157567062D48aeA6DD269E18,0,0,1,1,1,0,3
0x1FC06B01B68461Db6AF20001A171f0a3b4635B5A,0,0,0,0,1,0,1
0x1aa48b0AE2B7fC6c81e6bcE045015F1686f32e38,0,1,1,0,0,0,2
0x1b27B3D405eB29e255CB004e34Fd86f2803170f2,1,1,1,1,1,0,5
0x1bDe9a6E24FF4A47b79b8f5fca58eB80d17717fa,0,0,0,0,1,0,1
0x1c19971C34EccFF931ba56Ff7D6790cE17663A5a,0,1,0,1,1,0,3
0x1c93C94F387902aFA8B618EE5edcBd8372c8D359,0,1,0,1,1,0,3
0x1cA7F0Bbda121Dfa11613dCC9077104bec046b94,0,1,1,1,0,0,3
0x1cc42446804338f73C9cBa99B5a0e0A695fe1074,0,1,1,1,1,0,4
0x1ceB4110A956F29ea04bbdB599eCe5520C61F712,1,0,1,0,0,0,2
0x1cfedd38D0b19cd34a46214Cc6b4EcAc4b45B08a,0,0,0,0,1,0,1
0x1d1eC8969BD49833b6512483A75c62Fa98621e8b,0,0,0,0,1,0,1
0x1dA8F44a3466527dE71f8dC10eF6f39bd4921Eae,0,0,0,0,1,0,1
0x1dCecCD9597290c3f86Dd17b09c13BfbAE925e17,0,0,0,0,1,0,1
0x1e9f7e255F5EE76241eF593b390fFe87FF419079,0,1,0,1,1,0,3
0x1eD90C95Ef3B632De16756d5c3aF1F44572EE9A7,0,0,0,0,1,0,1
0x1ea2fBfBfC3285d82DF963756880E761acCa0d47,0,1,1,1,1,0,4
0x1f9A0Ad1af012331aa12E5347296D05eC0F88b71,1,0,1,1,1,0,4
0x1fb7D2BB6b5fFf5F73fFD026266554F11FfDb687,0,1,1,1,1,0,4
0x2001B8A69B88CE0ea1bd1546f4b51Da763F78A6c,0,0,1,1,0,0,2
0x20192B671Fc01441FC2D4bC59d674C104f0DD66c,0,0,0,0,1,0,1
0x20313BF6f3071fAe1F44E23f1aED6950030BD1Db,1,0,1,0,1,1,4
0x20326EB316Afd6FAf15b07793adf6F1f5e46571B,0,0,0,0,1,0,1
0x20414830660BD39e6245978452ce4AC188524100,1,0,1,1,1,0,4
0x205D8441CD65540dc9Ca629b4beacCD60a26C919,1,1,1,1,1,0,5
0x206D359900f3becFCe0C0F51cA2234D19D367757,0,1,0,0,1,0,2
0x207892f26811213552e11868c05EC1624D2B81b0,0,1,1,0,1,0,3
0x209e39cEEdAaB165fB41E3c29BF3123be9e3d196,1,1,1,1,0,0,4
0x20A6A6aCb4f7CaE11D302C52dfdc159154387161,0,1,1,1,1,0,4
0x20B0E84F57BcDc7bb757EbfB8851CEE4397D97a3,0,1,1,1,1,0,4
0x20B1525b9a6D8D77C09e938101d424c867a79F02,0,0,0,0,0,1,1
0x20B3eBBC3Cb8Ea5b7471d838AEac45c46a933036,0,1,0,0,0,0,1
0x20Cf2e881A071ACae8A12AfA9f1fd6D6aac02181,0,1,1,1,1,0,4
0x20ba40081ee0B8A80D075A167436a80242df7b64,1,0,0,0,0,0,1
0x211BC21B26aB0fd417ba1467A0ccb14C972D0841,1,1,1,1,0,0,4
0x216903E23181E35b337d4245BF667c44a124f55E,0,0,1,0,1,0,2
0x21B30b4B6cDBb15c98b1a19952E880d7e80f9A54,0,0,0,0,1,0,1
0x21BF63C0418D4f1D13f884C50498B2259B321b43,1,1,1,0,0,0,3
0x21Be8486BE03DBdf2c1B4c640EA6A1329108b56b,0,1,1,1,1,0,4
0x21bf5fb186D790C5727Fd462050A8D380f730a49,0,0,0,0,0,1,1
0x22072c5bb327D004c5419f8e0746a70121735FBC,0,0,0,0,1,0,1
0x22624ab25a119AE289dF53abCd0F5456774C3E6f,0,0,0,0,1,0,1
0x226dd395D8493Ea3e456E52d5d82Dd7A5c91A691,0,1,0,0,0,0,1
0x22CF1e3d4Eaf3E6E6C55aB1fBd70E30A0a9e81f3,0,0,0,0,1,0,1
0x22c5B360a725D4983e4F5F48aC4f474b364f5E43,0,0,0,0,1,0,1
0x22c9783EFa52eAD1208f7F353226588C9aD6c5A3,1,0,1,1,1,0,4
0x22e1ea1e6e9eF1FC59EeD28CCA08dAD790769c2e,0,0,0,0,1,0,1
0x22e2f326FE5A1d07E1214EB1C08346Fd816E8375,0,0,0,1,1,0,2
0x23591f5C8afab3301c0543808ac771d2A152F216,0,1,0,1,1,0,3
0x236e06c7adf54fB293bED271CF614b6727659012,0,1,0,1,1,0,3
0x2390CF638130F6927Ab6E3312D496e0FA9285Dce,0,0,0,0,1,0,1
0x23E2A7F837766Fa4857aa9Dc908161829C43B846,0,1,1,1,1,0,4
0x23aaE43059e2d11B0E3beE974D8BA733013B3e7f,1,0,1,0,0,0,2
0x23c6E5001D1c7511ed2A73c8455CA6E6ba79fB39,0,0,0,0,1,0,1
0x246c5c562D3924dC1cA4fd2A6d1e68Dc8ffFEb5d,0,1,0,1,1,0,3
0x24Aaf201e7d75797C5F1DfeE9E961724b056C777,1,0,0,0,0,0,1
0x24CF6c11e85812b1Fc6caD955cB489DD2CadCf9d,0,1,1,1,1,0,4
0x25A04Bc7379FAAbc0bE0421DA74191ea51713c8c,1,1,1,1,1,0,5
0x25F39b590B7F1c92A874647D0E618670D697759a,0,1,1,1,1,0,4
0x25fEb274afbA466b9E2386fd2E3831d414dF3b33,0,0,1,1,1,0,3
0x2600A539B907CC897736C9059F6b2d4941aDf37B,1,0,1,1,1,0,4
0x262065ce46F223D9A15DD1737B1dE2869Fc21e65,0,0,0,0,1,0,1
0x26208052E026DaDEd6092AdbcF5d475EA5Ef8F23,0,1,0,0,1,0,2
0x262a795185866e44b9523539C7B9a4514e02bc2B,0,1,1,0,1,0,3
0x2642Cf92094b47Faa1A3dBa7E63CC72749acF8b7,0,0,0,0,1,0,1
0x265ffE2C4A2D44299306FFaeDe0CB03EBf9015dB,0,0,0,0,1,0,1
0x269EBadc30c245B989aAf5CFd1B07202e156fb7B,1,0,0,0,0,0,1
0x26E2D86E2c5aE77D14685359124475521208e541,0,1,0,1,1,0,3
0x275f16513119F0F9Ab75146fFD97697AC0aEc459,1,1,1,1,0,0,4
0x2764F3102510e51a7d3543A09Fd7F49b1d5e2439,0,0,0,1,1,0,2
0x2768CB5E7573D3e9d8bc42F753FB2B30E89DfBC7,0,1,0,0,0,0,1
0x2799aaa2c28425B6554914c459da470C5198BC4F,0,0,0,0,1,0,1
0x27C3958424276F1D97C62ed147a2Bf04bb601340,1,0,0,0,0,0,1
0x27c1c08A4a12B005DB81521e42e3679710a8C5C8,0,1,1,1,1,0,4
0x27f109509fa4D5C18248D26331f6aBe652Ec3Ed2,1,1,1,1,1,0,5
0x281cAa39D1877057F29BA185a7BdC9B66edAFf87,1,1,1,1,1,0,5
0x2820eE832fF8f54C9854eFBD87B93FdE17B9EDAC,0,1,0,0,0,0,1
0x2823BbB1f995508C384Ab50c22C44DfF49a656db,0,0,0,0,1,0,1
0x282c27C277a49C31f1E7f06FcC89deD480f018Ec,0,1,0,1,1,0,3
0x282d656A9d95c64522F6Bc1a42EE759DE81e8dc0,1,0,1,1,1,0,4
0x28581D2854fBc981DBC9eA109105D73A70c527E7,0,1,1,0,0,0,2
0x28879fFD0Ca2265Dbf31c980aF0e1c3B5A93A610,0,0,0,0,1,0,1
0x288Ab16b8eA82500a3d1137485199B5E75318751,0,0,0,1,0,0,1
0x2895FF2286A610FE63c6412FCf2D46127439FA68,0,1,1,1,1,0,4
0x289C41c031cFf7d6Ed01D2cF2C38d01282F7C19D,0,1,1,1,1,0,4
0x29168cce1A88138e9cdD3aEb509F1DfC6E21a857,1,1,1,1,1,0,5
0x29478e14fE0D06ED89481F573C23800ABe7bAeD5,1,1,0,1,1,0,4
0x296B328515c774ae5770f7448095AF84B035fA66,0,0,0,0,1,0,1
0x29A2a6D0C0E5777A2c9B9FdBF5d403411511fCBD,1,1,1,1,1,0,5
0x29ccC63EdE1a0ad108Be56ECE9aD76BC3d0d64cB,1,0,0,1,1,0,3
0x29e65aa1C600672C4b46D010fdC2bb2335801487,1,0,0,0,1,0,2
0x2A1cE640573E01A5021461ad750a6cc7d0717699,1,0,0,0,0,0,1
0x2A95C881ed4eAe30E2529Fc58b2bFA430b7AA647,0,1,1,1,1,0,4
0x2AC3f0c7acC5ff8e4e6673E0f94336C3c185459A,1,1,0,1,1,0,4
0x2B5b64dF5E31A31d2E48dE94b15c2093bC4CC09C,0,0,0,1,0,0,1
0x2B7815fE62d1487b0Eb728cc3bcC7B5a8F9C83a2,0,0,0,0,1,0,1
0x2Bf08f2E7bf56A5aA496ccC0D71a1D86e4b2910a,1,1,1,1,1,0,5
0x2Bf7145B9dA25567569C15C57758E6A13BBc00f2,0,0,0,0,1,0,1
0x2C21E5bDF5A29C6D6Dc89838C4815B539f9f8B89,0,1,1,1,1,0,4
0x2C2b790944dD4102Eb44572db0E194B28031540A,0,1,1,1,0,0,3
0x2C382aa6d22181440FF2f948Db1E00515d95DF9f,0,0,0,0,1,0,1
0x2C5549B014C9a0e2409f5b05d3D6326c09170816,0,0,0,0,1,0,1
0x2C9A8ADD958f9766e38F40f7dCd8Fa5e64D1B7d3,0,1,1,1,1,0,4
0x2Cc7d6C3eA15542c3c71d64e26d9e4257F61914e,0,1,1,1,1,0,4
0x2D27723bC68d6a5B7539F067324afc5Ba6dbf92F,0,1,1,1,1,0,4
0x2D4c68C62648dcB47fB44997EfE0906f64A7074d,1,1,1,0,0,0,3
0x2D7Cd1Bdf1d1A03461687F9ac1Ea54E653214Be1,1,0,1,1,1,0,4
0x2DE1a96c2D4443814d2F3Bbf51Eb3B198DE12654,0,0,0,0,0,1,1
0x2Df4c1e392d5A8637bbDb2256Cb28D94266700A7,0,0,0,0,1,0,1
0x2E514978a84227D04625D560da4D33f09343D122,0,0,0,0,1,0,1
0x2E7FE8551847302a76C9c2201B7228fE382d8a82,1,1,1,0,0,0,3
0x2E8803261f894CA7455a31676EF638D367d328F9,0,0,0,0,1,0,1
0x2F0607aA5d12743aEF4e8c642b5d94374588558C,0,0,0,1,0,0,1
0x2F2F665974261C4129b1DC6c359BD259CD66f78A,0,1,0,0,1,1,3
0x2Fb14f818A03566b41EF9C670488d5c708547d2e,0,0,1,1,1,0,3
0x2a65806c935891630DC666978a87cd50b2666666,0,1,1,1,1,0,4
0x2a753194B84B2Fb7E01ee8b3Cd9b0fd4e7c49B5c,1,0,0,1,1,0,3
0x2b023A3b0930572c5b3Dde9a34AFDe3E3b31b066,0,1,1,1,1,0,4
0x2b02ccc5ec1677aea88d7EAf4C04dAe0b53EB2fa,1,0,1,0,1,0,3
0x2bA1473Cb3973C288312a92FB8930bB0aF2cAe02,0,0,1,0,0,0,1
0x2bC12061C8912505978472C21d4a23dB43AF62aA,0,0,0,0,1,1,2
0x2be438a61A6Ce234B03ae92ae6f3edA35C7DeE1A,0,1,0,0,0,0,1
0x2caF27200ca339d7a400f4bF94DBdDBFD719468a,1,1,1,1,1,0,5
0x2ccBFC6ca7450a4C45646261746048eD3253CBBb,0,0,0,1,0,0,1
0x2ccd72d141F567EA0680DafdFB06B6C87dF18bc5,0,1,0,0,0,0,1
0x2d32Db92a0f69550Cb5f60dE3Fb3E5A5D2b61BAB,0,0,0,0,1,0,1
0x2d5cbaBb31C93C1719be5D8F461bF044Ad786674,0,1,1,1,1,0,4
0x2e2D86B5368d2F16691d2A1865269Bc819dc35B1,0,0,0,0,1,0,1
0x2e4573431A794FbBA38f5f0F86d79a5dcEbcC15a,1,1,1,1,1,0,5
0x2eA6B212f1Cba111BAb879aB5C6bca0846D5fEf1,0,1,1,1,1,0,4
0x2eec4a7Fb738f4FdcaBA716740B0D97CE23CAc1b,0,1,1,1,1,0,4
0x2f0E6242E797CDE33A719e875aAc09B52E3E0048,1,0,0,0,0,0,1
0x2f22b0351effc7EDEd2b679DFc0f352Eaa5dBDFc,0,0,0,0,1,0,1
0x2f52fD101A9d766A87B3b241Ccbe596337310761,0,0,0,1,1,0,2
0x2f6B67A9E7Ca9f025b786e455261EFe3C65FF7E8,0,1,1,1,1,0,4
0x2fDD6cA72F6C193D26843992095BFdD01bb9abe4,0,0,0,0,1,0,1
0x30063B5662db49C81D57E6734332907616e66035,1,1,0,0,0,0,2
0x302a6E2774a4dC6F2c7ecFBea9168abb7CCEDe06,0,1,1,1,1,0,4
0x303aB4ca13FB88A3145D616c0797054dd3B0FbD3,0,1,1,1,1,0,4
0x305b9Ee539DfEC8Acd49244AE47428Ed088088BD,0,1,1,1,1,0,4
0x306b5629D35bC5D2Fbd3AB8C975b911dc1783A21,0,1,1,1,1,0,4
0x30790ccD8d366552484a27BD0f42E9c980D1C3E9,1,0,1,1,1,0,4
0x3091A139a2BD3468F00542F316360dE2C14524A2,0,0,0,0,1,0,1
0x30Dc53f4a303041B5B31a29dD38Ee03807c17002,0,0,0,0,1,0,1
0x30a106feD41fEC406A989914Bbfc66FD9C305276,0,0,0,1,1,0,2
0x312f1f29870185a81B3b9D127537475F49a273c6,1,0,0,0,0,0,1
0x313CaB6586B1B5dF89CFe09F667284091B304efF,0,0,0,0,1,0,1
0x314fd5D24E1Db1fd89c5b5B96025724ac51cE18c,0,1,1,1,1,0,4
0x317651b99810d1138BD63d16d164638D200F06e3,0,1,1,1,1,0,4
0x31A2a7Ba4214d589b3188D3Dab15befc9E53326B,0,1,1,1,1,0,4
0x31E52b8cbdA2192913F7509D70912aD3Ce6149AE,1,1,1,1,1,0,5
0x31EA2730A76c7d480bba0267Eb91d02a3087ea88,0,0,0,0,1,0,1
0x31F7Cf998Faa90B8163926C373C1086607EE8bC3,0,1,1,1,1,0,4
0x321C83AD6F763B62561fa709Cb01Aec3B65F8Cd7,0,1,1,0,1,0,3
0x327472291E963De16F74525BB8Fe285D372f1Da7,0,0,0,0,1,0,1
0x32e6778Cf3Caa7b22DFDe095643Bee37f67F82aE,0,0,0,0,1,0,1
0x32eaD40C2D0fA7e758f3953Fcca172e8918370F9,1,1,1,1,1,0,5
0x33833d4C0C9cF00ffcc8A5D7048A6C5d2821aBa9,0,0,0,0,1,0,1
0x338AB06A7Bc8532e20d8aD95f2cEb6201db5E026,0,1,0,0,1,0,2
0x33Ac259b25367E44141D0Ae0Bf089a75806b8038,0,1,1,1,1,0,4
0x33DfBA48F77f4DFf1B69532b523ebb076dA3C33c,0,0,0,0,1,1,2
0x3441c4aE7cD4FDEfB0F6A2A4edDf423631CF6fA3,0,0,1,0,0,0,1
0x3483A8fd4099939EBeB66D0845D67b6ff8eC6f1B,0,0,0,0,1,0,1
0x34d7744B16942Be7aEecC1aBB4f841599d5F5F70,0,1,1,0,1,0,3
0x350FA31C0d3423106B02cFB45e9F67486343e0b6,0,1,1,0,1,0,3
0x3534C9268392C63Cb211920c29D46F9f8E275F0F,0,1,0,0,0,0,1
0x35562D8f070D21005065011B17a7802561FF0a13,0,0,1,1,1,0,3
0x3557d15b804751ccb913B0ce4deC3079dB497615,0,0,0,1,0,0,1
0x35d39671053B4310997a9E0F98c8b7071D4cfDDf,0,0,0,1,1,0,2
0x35e4E2123c6ffaF1afcef3aD3700812CE6e1F272,1,0,1,1,1,0,4
0x360dcb06C6a0D852DF3Fc8a06515999d5C631543,0,1,1,1,0,0,3
0x36229b786b2Cc1cc79E77A225C22C8Cfed8c6c8D,0,1,1,1,1,0,4
0x3629b9B7986715a66a7C79fAbb834952C26b460d,1,0,1,1,1,0,4
0x3694ee7148bCd0d312F93FcCBcCa80a77b0F6C0D,0,0,0,0,1,0,1
0x36Fdd3DD2f849A2B8932Cb0d7D5E0826761Bf478,0,0,1,0,0,0,1
0x3707047295F06d07662cAf730546AcF8472c4a44,1,1,1,1,1,0,5
0x376aC340CD8f91899a9d93737C191C644f2A42a9,1,0,1,0,0,0,2
0x37B884870aDF95704b6cdB8f602588f8Ce49F7a5,0,0,0,0,1,0,1
0x3803431F81fDe7239c6947B09Bdc02a8Beac6ebc,0,0,0,0,1,0,1
0x3823315bBd38aF7d5661CF383290c020167b4033,0,1,0,0,0,0,1
0x3842f629011FD5E389c4CC433d554b2c2Ae6Eea0,1,0,1,0,0,0,2
0x388Df70542101C3230edc3b744FC38796A5Dc4ca,0,0,0,0,1,0,1
0x38A656C67eEd5e04d5F8bf93A1f54515b284a78c,0,0,0,0,1,0,1
0x38a0C07f7288872Eb759534AF7514960A6FCC1a5,0,1,0,1,1,0,3
0x38afAEdb78E2A0018860b06FE231292184CA14c3,1,1,1,1,1,0,5
0x3911Dd32B6F2f54466c7BdDF0c63dC7474558bb8,0,0,0,0,1,0,1
0x3934B6777ca763e22DB8833Dc586641d35ADD8c8,0,1,1,1,1,0,4
0x3978366C10b390d21C356c469F8aD8D010eD4c8D,0,1,1,1,1,0,4
0x3989242c1D1FE5D650A17A041C4A277FED777D6D,1,0,1,0,0,0,2
0x39893614183609aE671c7348e816f1dD68749eE2,0,1,0,1,1,0,3
0x39F0030F36f377a3E3526538FBFcb39f0579e915,0,1,0,1,1,0,3
0x39afE2176De832BE2A5164e5fC91E27D1355c88d,1,1,1,0,0,0,3
0x39f9dBe4a60b5F017d95889eF9DC50B58cC543cA,0,0,1,0,1,0,2
0x3A9788D3E5B644b97A997DC5aC29736C388af9A3,0,0,0,0,1,0,1
0x3AC5131C368c7342189b332306B65128b94b29e1,0,0,1,1,1,0,3
0x3B3FC24d1732e4593CcaBCe3A89B7c25102ed3ce,0,0,1,1,1,0,3
0x3B5013Dab6879Ae5442a2DFe75341Fd52CdaAb04,0,0,0,1,1,0,2
0x3B5785022610193CF0bDEE63CEfbDd6AcaC1760D,1,0,1,0,1,0,3
0x3B981fA5dD50237dAb6F96A417A6690B6f20FcC4,0,0,0,0,1,0,1
0x3C4ab48a4d03d04DF10f34098bEe869E5495AaF5,0,1,1,1,1,0,4
0x3C68Fdf52b957ce66B61d242cEAaBdE501b924A3,0,1,0,1,1,0,3
0x3C9Fa48557A805f7354383B18cB07E144Fdee1e1,0,1,0,0,0,0,1
0x3CF282CD2DF98D8589598fdE938eEcD1Dac9671f,1,0,0,0,0,0,1
0x3Ca767b793d6ac28ae77a093d9b9Ad28FB41DB8a,0,1,0,1,1,0,3
0x3D2198fC3907e9D095c2D973D7EC3f42B7C62Dfc,0,0,0,1,1,0,2
0x3D51847413663696741ccC5081c1E9744B01c3E7,0,0,1,1,1,1,4
0x3D93B4E72F78327204A30273dDe1B85F43Db65E1,0,1,0,1,1,0,3
0x3E038a5868A52edc67bC3B1f3af78bbF6b78F3f1,0,1,1,1,1,0,4
0x3E52151b9F13c1F73c095BE69f6CF4fa3Eac14A2,0,0,1,0,0,0,1
0x3E68FCA5b47bF0510DEBB0fa95d51c54B032A1C8,1,1,1,1,1,0,5
0x3E79aAA323454268C9B7b9115928537D79197c3c,0,0,0,0,1,0,1
0x3F3721173aFf420cCbEc4790E049b66E26cd9886,1,0,0,0,0,0,1
0x3F71F41546F4b10DAA32FAFDbD67419fb1c57AAA,0,0,0,0,1,0,1
0x3F9d4869D78d34Bb5102A8743D236Dc8BE5703ea,0,1,1,1,1,1,5
0x3Fb80183fF2830F973eCF3050A7C964715B0455b,0,0,0,0,1,0,1
0x3a3B26938ad0341cD48Be9Cf92bf39cd47c5Bd9E,0,0,0,0,1,0,1
0x3a43e3aBDCE877ea7db72F5ba8cdc8520E830e4E,0,0,0,0,0,1,1
0x3a460DAdc881B8d6eB47D71dd11F5959e77Edd51,0,0,0,0,1,0,1
0x3a68e7285857030C7bac691E18cB3DcfB7AB5031,1,0,0,0,0,0,1
0x3aD8b08FAbD4480Db468c3606e3C56AB0fAE2104,0,0,0,0,1,0,1
0x3b85105Af8D83D52cDa582BEeb18F8A428Ce4696,0,0,0,0,1,0,1
0x3bae0F9811fB3869267CaFf8B5a1bAF00a352935,0,0,0,0,1,0,1
0x3beb93Cd777EAab48d09d37A80e00853f9A2a895,1,1,1,1,1,0,5
0x3bf395478B7183D6C310427afcf0E970Bb5A0c33,0,1,1,1,0,0,3
0x3c698d1E054A921dcf46Bc213CA407E39AE4Db8d,1,1,1,1,1,0,5
0x3cA32Dd3666eD1b69E86B86B420b058cAA8c1aaF,1,0,0,0,0,0,1
0x3cF4D506A15e62F4eb8FdC823772cCD40a8D2E41,0,1,0,0,0,0,1
0x3cbF4eF353ab30627Eed997DA3b707668F8c668D,0,0,0,1,1,0,2
0x3d0C1523483E5CEEB6d536155449F257fa077E27,1,0,0,0,0,0,1
0x3d2831FA5Cfe645f87f4D5151C3c458A8829e2F5,0,0,0,0,0,1,1
0x3d446c9528f5deC1848dbe4CC6D4fd2c432b336c,0,0,1,0,0,0,1
0x3d7505CB6e263EBD907E3dCC49e98E0fF8e6406B,0,0,0,1,0,0,1
0x3d9177a21b1fE34618dB707E2DD311a8f1D32E8C,0,1,1,1,1,0,4
0x3dF7BaE459c933EaAc90256b06c0BAf1d5056f03,0,0,0,1,0,0,1
0x3ddC07ECDE02A1D92F70e88551d9666712A837F3,1,0,0,0,0,0,1
0x3e51C2F221d97ebb6b24f75b7C62fE59B5Cdb2B0,0,0,0,1,1,0,2
0x3eb8F88422dFd2AeCd1969E24443281cdA239aCD,1,0,0,0,0,0,1
0x3f17502dA0ac0235eD5CA05B621E73bFcB0a9B0e,0,1,1,1,1,0,4
0x3f18b8b7ea6a6F6715dE3b75434d45051B495B44,1,0,0,0,0,0,1
0x3f99A18c66FA74ae69E86DF657B343f0A33cBD97,0,0,0,0,1,0,1
0x3fE2e08a1F7766606574a91a5CfAf3342d023947,0,0,0,0,1,0,1
0x3feadaE80077E00F44Fb57de3842131a895a77F0,0,0,0,0,1,0,1
0x40143c9a472283CD01657368a68F20cB58dc170B,1,0,0,0,0,0,1
0x40594F31B9F2939851fBE64bFf6dff996c75Fbe7,0,1,1,1,1,0,4
0x408570441054B712a9F8b4c96101915C75e3f044,1,0,1,1,1,0,4
0x40A1a877ec23e8A89fc8fa23930E2513c0f02Ae0,0,0,0,0,1,0,1
0x40AC63186d0b997485D02F602e6002BEB1006148,0,0,1,0,0,0,1
0x40F518b319cb0EEe96e0E34462b81C4C5a93FD3a,1,0,0,0,0,0,1
0x410ad0eE7c99c0E46FdA805FB81d3C51Cd8205A4,1,0,0,0,0,0,1
0x413D1BF5d32a2d74ad78ff3C1aA110876e6B0629,0,0,0,0,1,0,1
0x41477A57A8916237A8ff512bA3D9bF487D9cbb79,1,0,0,1,0,0,2
0x415799b4Eecc6D561d7Ab97bBD494d469e1155a2,0,0,0,1,1,0,2
0x4164A86802DaD6c0F5ed6A6381fbb926d1B88aB1,0,0,0,0,1,0,1
0x416907B94b2550491495083048Bc4872E8b12593,0,1,0,1,1,0,3
0x4184eA1bf797A9713d418894845121558d4DCDA1,0,0,0,0,1,0,1
0x41AeC9637D3C313eE2fd5e41e4EE14A613a54cfa,0,1,1,0,0,0,2
0x41F49e42Cafe08Ce9aF322187739B74537a23f9E,0,1,1,0,1,0,3
0x41d4a1444b457D211FA8e58e51f819d6C2A4fa82,0,1,1,1,1,0,4
0x4215a881dfA38fA2FAced28778c9366eF3E5FBb6,0,1,1,1,1,0,4
0x421BEE479EF728f666c97ebC9C259219e36A1D62,0,1,1,1,1,0,4
0x42559131712cb01397B1Cfc00b53086c3ff57759,0,1,1,1,1,0,4
0x42B3BA804E5a28c873f8B0c1586d529EAF8F2804,1,1,1,1,1,0,5
0x42EeD31a8BB26099364b301ae087ACFB037Ba864,0,0,1,1,1,0,3
0x42aDA0129dfb022Fb64fF84275aC025a9A498C39,0,1,1,1,0,0,3
0x4310FceD738Ac2D50c199A3c2fF5ea1CA2735b86,1,0,1,1,1,0,4
0x431AE3dAa822837C8fDAf0119D6d3A2BAc9cCD36,0,0,0,1,0,0,1
0x4351b28c70FD7Ca621e0FA9A977ec58Ee89d2e81,1,0,1,0,0,0,2
0x43D891C1b4118B709f3d63E9fC47daAA92E1112E,1,1,1,1,1,1,6
0x43F64dCdce1f225AB9Cc1AB58aC7056A41FC4880,0,1,1,0,1,0,3
0x43e65F8116174d1c38Eed3545d21fC37ea34B565,0,0,0,1,1,0,2
0x443A545Ed9c317A93F354C61cBe5A494372C6AEd,0,0,1,1,1,0,3
0x443f0c42972AC0E49F56D714cCA52327F807e83b,0,0,0,0,1,0,1
0x4442E8F31023A9BC1f13fAeE9239bC79b3dBFa85,0,0,0,0,1,0,1
0x4450dB99260EC3140B4690F1c6bDd64d5d9644A9,0,1,1,1,0,0,3
0x446345E00EEB54B4489de4a55A20f38799823968,1,0,1,1,1,0,4
0x448350D05A14ADf4B7bDBEDA9262d88F96eD2757,0,1,0,1,1,0,3
0x4490733683999ce2c03A1345F3FD4A0Fb0Aadb73,0,1,0,1,1,0,3
0x44BB200792Dd929C6360C95847C4006Ce98Fc25c,0,0,0,1,1,0,2
0x44a6967184ac3E4E15149cb65806862f4d6A1dc5,1,0,0,0,0,0,1
0x45648cc2DD919636E57C8A5e70761BF37479F0Fb,0,0,1,1,1,0,3
0x45D4c31d5Cc57e53F55f6497A82cDde62B099151,0,1,1,1,1,0,4
0x45E13B5680B07Cb88dC5781Dfb79C66e4773E2E9,0,1,1,1,1,0,4
0x45F18B2f15c17D021C756A026bcD60F8c0674E43,0,0,0,0,1,0,1
0x45a1FE688c01CCfd4606aC31D1F7b10FE2aa875e,0,0,0,0,1,0,1
0x45fbB820FFCBFb3A0a1780fB051Ed1442Fc3b11A,0,1,1,1,1,0,4
0x4614E1fa66A30a5b8FBc7D34356839527B03eb5A,0,0,1,1,1,0,3
0x465c63680F2a0B4277d9b4CEcC3f3310e531A77f,0,1,1,1,1,0,4
0x46F6325E607305e9cDEDd9cbE41e3DBdD322d6Fa,0,1,1,1,1,0,4
0x46a58D215b127C8a3d4dEfaF00C5E65F014d27B1,0,0,0,0,1,0,1
0x4702FC6F48026f06Dc4dE80aAf54bDa3B3dcf9C7,0,0,0,0,1,0,1
0x4709D322df6a5A2cd6e8b3E10BCdaE654A612C5A,0,0,0,0,1,0,1
0x47378d02AD49aA73DB8FA6f4fD187142da3B47B5,1,0,1,1,1,0,4
0x473E9efAD7140f5675B9A73A26D38cF9D2d26Bd4,0,0,0,0,1,0,1
0x47Ad6569Ea3FD2bcA39bc1f96BD115c113E8f833,0,0,0,0,1,0,1
0x47FA0c6B40b4dFB925ae81F199C3e7CcBfdF0497,0,0,0,0,1,0,1
0x47ea9e812f39bc26F95Cbf1fc36230558492133d,1,1,1,1,1,0,5
0x4814b83b07d714Aecab48F1f54aF799f9AE9ad97,0,0,0,0,1,0,1
0x49000B54784C0359A9ed744a5f3505d39043e451,1,0,1,1,1,0,4
0x4913AB508a3F3Bac9f0e9390234f607328917e02,0,1,1,1,1,0,4
0x491443278F8724368BE4F66FB2a4F6A1651C1B40,0,0,0,0,1,0,1
0x4952f791D9F1cE339eE2Ab250c044c6c9DC653B4,0,0,0,0,1,0,1
0x49BDea09E06Cf02875FC74c8824187458F40F22C,0,0,0,0,1,0,1
0x4A76971B3Fc3162d4D88FfE7EF3f1cAF42752b06,0,0,1,0,0,0,1
0x4A7A1e42554c7780e328b67Cd488EcFF00D9f63D,0,0,0,0,1,0,1
0x4Ae2001e29B4217F1C39C24CC8701ba41C6B5593,0,0,0,0,0,1,1
0x4B6B892B6878E61F421066A01FC03d0648228F82,0,0,0,1,0,0,1
0x4B83c3CAf46c82a2c755242732a28FD296A9Db4B,1,0,0,0,0,0,1
0x4BF40b68D352772388B841D437f8F8626aBC7B43,0,0,0,0,1,0,1
0x4C0b9B5D8943CE9758ee5D951c5907F2651519B5,1,0,0,0,0,0,1
0x4CB11cc4Ce988B40a6C20E798904199519a665fa,0,0,1,1,1,0,3
0x4CDD7811CCEdB0fFd3808B586bcafD6AB0ACb313,1,0,1,0,0,0,2
0x4D06dAdF311ffeaAbe0d6CcD044942209d516c6c,1,0,1,1,1,0,4
0x4D8B407aa815275465bD302e399E0B5F4caC53fb,1,1,1,0,1,0,4
0x4E6A0929C673728941EaAfb6eD0284FFBD3d3648,0,1,1,1,1,0,4
0x4E93ea27bF1a0FA7d0632493AdbeBEfd2F852c0D,0,1,1,1,0,0,3
0x4Fd556e95f3901e11a63F8d49D35a12Db577eD4B,1,0,1,1,0,0,3
0x4FdbB5d791E3e1157e1e464D3862E21B0EFC0979,0,1,1,1,1,0,4
0x4Ff64Af0196e944b1A4dd82661a4Cb8A739d9Ce7,0,0,0,0,1,0,1
0x4b0101B75A868c84B5927F172AfC4BDe558152A6,0,0,0,0,1,0,1
0x4b5CE31DCE36E1dab6500366A55a1F4A139dafaD,0,1,1,1,1,0,4
0x4bd78324Ba5a88c8b5eC40C44b9AC33edF4BC4e8,0,0,0,0,1,0,1
0x4bda94Aa5fa42e9e3747d9cC7f405a04E966fe8C,1,1,1,1,1,0,5
0x4c6db1C13c08d3aB5556A9Bc03241B4eEcaCBE7f,0,1,1,1,0,0,3
0x4d39C2499Fac8EBb24D3b6B8A2c9729Ff12EC850,1,0,1,1,1,0,4
0x4d976ce2E56367B834e6c770FDCB3D15AE58b91e,0,0,0,1,0,0,1
0x4dD7AfA9C43Ea792E5da4C341054c6435c71c12e,1,1,1,1,1,0,5
0x4db405e0b38899CAEe5665979764BDbe43bef1bd,0,1,0,1,1,0,3
0x4e65539bb5F893CCD2B71D3d807b5112e1b85dFb,1,0,0,0,0,0,1
0x4eD718cBed23fCb423E5EEa37e22519EBFdE8b56,0,0,1,0,0,0,1
0x4ee8564Da1Cc3028D14aF94E9A87fA7376c1AdA3,0,0,0,0,1,0,1
0x4f01094F3bD29Dd041514Ff43991482ceDE2b6c9,0,0,0,0,1,0,1
0x4f04a9d148E4b903BA70e22b54E9C07E89B41D93,0,0,0,0,0,1,1
0x4fc0e1BaFd06f57aE67c0145d50619Aeae946986,1,0,1,1,0,0,3
0x502d25E08d9d441d5004073E90DfB53A603056a1,0,1,0,0,0,0,1
0x503fAAf9024ae6B44683552915D75e6cE99dbC5e,0,1,1,1,0,0,3
0x506685ad6E1D208d37547FD8d10a9124444251aC,1,1,1,0,1,0,4
0x506e09E43a9f36493b4Dd91944f6fccEd3681d5a,0,1,1,1,1,0,4
0x507Bcc18b2Cf80D8B8946361D1867dbA60d97568,0,0,0,0,1,0,1
0x507e8725385d53e8d553456D035192791BCea990,1,0,0,1,0,0,2
0x5098a31d8b422Cfaa395e4d4eBe1236A0FD876c6,0,1,0,0,0,0,1
0x51149Eb573E0C60A7078345d63A1483F0f26DAF4,0,0,0,0,1,0,1
0x511d4Ff6305B22EA3cFA5e7669E65cf180A2C3Fa,1,0,1,0,0,0,2
0x51500EF4809ceEc96D100B29D8024f041DaF3883,1,1,0,0,1,0,3
0x5150A47f27fDD13eb2BC11e809F70a4cD0a26B0c,0,1,0,1,1,0,3
0x51FbbfD7CC0Dd5eb1128B6eD8a1a8819978A7E0b,0,0,0,0,1,0,1
0x51aeD0E8792C5D62CAFE565024e4736a44E33490,0,1,1,1,1,0,4
0x51e0E5D78646B2a260143492fFc2e5e7D3FefF5d,1,1,1,0,0,0,3
0x521D38e648a24a52507d5c055A9281e1082B5adc,1,0,0,0,0,0,1
0x523eF485BB56BA97dC82B7E3f83497365eF6F460,0,0,1,1,1,0,3
0x524B12B03181c733C01FE3713a03cD5782C6b14b,0,1,1,1,1,0,4
0x525132158d6966AD6BA7b729295a73616a8A06a8,1,1,1,1,1,0,5
0x5257e9E8123c8DE5108D4d871Df2d221c4F37f62,0,0,0,0,1,0,1
0x527E68210E9E9c5471EB315599F1ef405F0f2865,0,0,0,0,1,0,1
0x52930eFa0cfA8a99f787C51d40e57938b359Ae92,0,0,0,0,1,0,1
0x529656620D914443405A55ec42Ad0eAEaF0b4A2c,0,1,1,0,1,0,3
0x5313Cae86C29392d47B7602B3C7A0F59F05AeA24,0,0,0,0,0,1,1
0x532bfF56949C5E1B40A45745fDF614134a42cA8B,0,1,1,0,1,0,3
0x533230eD2657e7eBA5AE94520fe78955a6548238,0,0,0,0,1,0,1
0x534619104A9248B55a0293BF32E64Ef939D8b5d0,0,1,0,1,0,0,2
0x534D4E798B2644266E4C431545925aEB2cE764bb,1,0,1,0,0,0,2
0x53FAbcBc9fd6b0cF0078194F903633fEd43124C1,0,0,0,0,1,0,1
0x53FE79E8436A39Df43F7Fe25565b06519b1afaF5,0,1,1,1,1,0,4
0x5418c2A09109c285365Fb307632C91F093d8Cc9E,0,0,0,1,0,0,1
0x54345787DbC80Cc1beB048d0179D66CbB6A54f9e,0,1,1,0,1,0,3
0x543B556c1B16804d2a39F054F06dF4Cecf2f167E,1,0,0,1,1,0,3
0x544294eE90a96b7b9B0E5C5996Ac27e094ca3Ce0,0,1,1,1,1,0,4
0x545A6188Ec031A954C4fFAc709c34543e3720221,0,0,0,0,0,1,1
0x5490c0D86D40c963e85d22c7c2F9f9771EeDCCD5,0,1,1,1,0,0,3
0x549F70a833C13f171dF7eed465185ef9fD4969bc,0,1,1,1,1,0,4
0x54A272eb57Ef6817EB76096Ac384dFde240362ea,0,1,0,1,1,0,3
0x54E801F18b21c4EbD18114f5F5fB06695246a9C8,0,1,1,1,1,0,4
0x54cF78C31739B97F87381b19937d13F04DC9819f,1,1,1,1,1,0,5
0x54e0296bD7Bbb2734BE155811Af400Bf338f0C64,1,0,1,0,0,0,2
0x54eD45aFF3462D5E0B073d8E446eAE7E758644b3,0,0,0,0,1,0,1
0x5500C1fE02D4dcF51F12dfCb45e5e75B682e7581,0,0,0,0,1,0,1
0x5532A4b9B98bc29Ac0B136c745d291C4132a17b4,0,0,0,0,1,0,1
0x553Fa547aE1e7B3BA3B512C1c7c3754c29fdbF7c,1,0,1,1,1,0,4
0x5561134fF5b24700d1F8D45FC59F73d023eFfEB2,0,0,1,0,0,0,1
0x556A257F8Ef54Cc0ab7EaBBfC74302047F528A6D,0,0,0,0,1,1,2
0x55842426EcF8Bc5Ae830550e9cc8936Ddccb253c,1,0,1,1,1,0,4
0x55DD7D8Db617E34c37b43DB2e1Ef154e2558c6Df,1,0,1,1,1,0,4
0x55DcFE71136578198452039E1c9eF781e6970AA9,0,1,0,0,0,0,1
0x55E5d2bD0f0cd91Ae7a2Db67C888eD769f04A546,1,0,0,0,0,0,1
0x55c80FD82B8dD363E83aEC55cc149A5fbCF4c505,1,1,1,1,0,0,4
0x560545E7f8A76D47056e3928abBF44D4432afc2D,0,0,1,1,1,0,3
0x56065926a3c899D407293b4d72d61c249d052F97,0,0,0,0,1,0,1
0x56106b6cE66639F8991834db591C450c383A36b7,0,0,0,0,1,0,1
0x568eb64A2dd8D4b1B41b5227fFF0ff095BFb2874,0,1,1,1,1,0,4
0x569a657715B4d708B239B31f1815Ca86093a671C,0,1,0,1,1,0,3
0x56acBa9c32fdfa35907Ef5F0A602d1cD4b4f5631,0,1,1,1,1,0,4
0x572669Ea66380e5eF0df6d0F768791d0f0b014a7,0,1,1,1,1,0,4
0x5726D755EB2c1aD96673286f781504aDA095F855,0,1,1,1,0,0,3
0x573e062b9c61D3608ED4100dc3528E9bf55a74ee,1,0,0,0,0,0,1
0x574EecC02e3743457DBE3D20Fdc2d9Ca7096884D,0,0,0,0,1,0,1
0x57Bbf050D8920E133869949C0C3803AFfc4015b2,0,0,0,0,1,0,1
0x57F0B5354225B092ea0e0Dc39b9975171De2cd76,0,1,0,1,1,0,3
0x57cB6664759d0043Fa8Fb1b0C89e512BA85334f8,0,1,1,1,1,0,4
0x58046eD894E90F226d619D36eE4b338f17ec9cD6,0,1,1,0,0,0,2
0x58136e0909b71981F1a37F1f87859c562ed3657a,0,0,0,1,1,0,2
0x582CbF65Dfd2D20DFF3F14e6254CA617ce56d6A7,0,1,1,1,1,0,4
0x5833204F38fab2d34f9cE72376E49b5A497f9a38,0,0,1,1,1,0,3
0x58737f606dcaC370869572E887d7384ED74FA5D2,0,0,0,0,1,0,1
0x58F2b059387CA0Bd613E720AB0c55c872e11e9Ca,1,0,0,0,0,0,1
0x58d550B4D11E3E2C82bB761C8cc5916A2dDfd383,0,0,0,0,1,0,1
0x591e167257177501955D8DDb511304552a86e2cB,0,0,0,0,1,0,1
0x592fD5d5709baddba2986BFcD62995F45E0Ed957,1,0,1,1,1,0,4
0x593911A45C4AB007E711e4006F0C60dBa2138Ff2,0,1,1,0,0,0,2
0x596B5201B3Da8973CaCBe78A0399b998fF675DC3,0,1,1,1,1,0,4
0x59C5EF981ddF319e7Dae5328B4f54E8D1EA1d430,0,1,1,1,1,0,4
0x59a23fd13fAb7b95AD5d87862108FeD350638106,0,0,0,0,0,1,1
0x5A8285Cb9252A1C702c0766eB47e5743BFE16eBa,0,1,1,0,0,0,2
0x5AC9d8FaAF7e926c3f31a370F159c27D4D6dA82e,1,0,0,0,0,0,1
0x5Ad9c627D3c28DdfAfc7A58e3237Daf51f41ce63,0,1,1,1,0,0,3
0x5BFDA9c2B452BCb6a1cDaF20C0e1E4529D1b4c47,0,0,0,0,1,0,1
0x5C16Af050a49ECa861348fc07ec5f287aC047237,0,0,0,0,1,0,1
0x5C72B98aa0C0fEe089e7bf4019c509d880E4199b,1,0,1,1,1,0,4
0x5C732946E55fc4dF06511E3a20CbA666721716a0,0,1,1,1,1,0,4
0x5CCB52831A4ab9C8d909CD238cDa3752FFBb1042,0,0,0,0,0,1,1
0x5D22D94d08cD251414863261Fc87B559c7fcA3d6,0,0,1,0,0,0,1
0x5D982C0722E152E8D5AD16d9186d86d9e97A5482,1,0,1,0,0,0,2
0x5DA3a6948ebF80A4ABf2AbA476A503c7cDEfC82E,0,1,1,1,1,0,4
0x5E276269dc59814a271D822E440D1E38F4Fc3710,0,1,0,1,1,0,3
0x5EE58b00e1722C0e01E86286a16DEf6ea9675F6d,0,0,0,0,1,0,1
0x5F7a9d511976f7008F6161CC75f2c924BDe1bB0f,0,0,0,0,1,0,1
0x5F9211DbA600Ee22d9961fE35b767dA5EaA484f5,1,1,0,0,0,0,2
0x5FCc2E2d18c7cD6E01fFF37AEA6eD07d0893ceCd,0,0,0,0,1,0,1
0x5FE922845A1F2Bf90289cA3609D6285B48B2bbec,0,1,1,1,1,0,4
0x5a20D2477401d87dF1884506D49F9d21316d0Bb9,1,0,1,0,0,0,2
0x5a5A25Aa6aF7C1512057D6f4E4B29088ac51478a,0,1,1,1,0,0,3
0x5b301B69704dC9bfBDfeD62F36B6f8973aC84e51,0,1,0,1,1,0,3
0x5ce1Cb2BdDbF3a23C3a70F67F5dcf31b875E670B,0,0,0,0,1,0,1
0x5d6a1D5946595f6F0DcA5F77721C78604302a301,0,0,0,0,1,0,1
0x5dB9e26D5035C124a9b7dDdD545Fd60C23Cf26D0,0,0,1,1,1,0,3
0x5e158B4457d9f5e34fe03DfB13abf5FBf489fEF0,0,1,1,1,1,0,4
0x5e36B9EAE998093ccc8c688c53AA16ae04405678,0,1,0,0,0,0,1
0x5f1b1922A4C322144644a9732e89cd32CdCe9073,0,0,0,0,1,1,2
0x5f20a0eE72Cab0162479874316fE6c199a0D5b67,0,0,0,0,1,0,1
0x60057786842AFf287eBb0bbf96E082733A4a667f,0,0,0,0,1,0,1
0x60421eA46c7edA2F4efF7D6174F7273B7CC75E4d,0,1,1,0,1,0,3
0x604Df42975C82b424Bd779e2f3Dc42fCD9A37614,0,1,0,1,1,0,3
0x6059F5B552815144fB1e5A15f793AdB61504bBB5,0,0,0,0,1,0,1
0x607e7701aF1a37bFfc117EE10bdb391b81c56Ec1,1,0,1,1,0,0,3
0x6098FeE3d33FF4D95d4999D0424F7e030a8e3A58,0,0,0,0,1,0,1
0x60EeC4707D70d33C88B15c8F2999c1204092619b,0,1,1,1,1,0,4
0x614872eFB2e869500A222b7BFAb602294C8e480D,0,0,0,1,1,0,2
0x614E22D28FE4a3dDbd0D38738089D88F2a8f9935,0,0,0,0,1,0,1
0x61776Af4bc5b3FFA8475b784aAD9ABc8B9bA85df,0,1,0,1,1,0,3
0x6198A21292308cE287eb9e36e273c1773c5cA888,1,1,1,1,1,0,5
0x61A0659018b581D4217244B71C5AC8c4621Fa830,0,1,1,1,1,0,4
0x61c4a9107de33e75ED6FE29550Ae2cc29cEd2264,0,0,0,1,0,0,1
0x6263a12c3d8AD2f7BaC221b460408496B9c9f0Ab,0,1,1,1,1,0,4
0x627704681a6035254B2da69D512c264782E727A3,0,1,1,1,0,0,3
0x627E577cA2aC5692025fa000fA2c3630c1e84082,0,0,0,0,1,0,1
0x62B8e69f9540305cbcCE6A94830597ecaaA8183D,0,0,0,0,1,0,1
0x634ff2CAbF9ed670c12e9f71F8d62226583DA5E6,0,0,0,0,1,0,1
0x6363C4959cD23c81713cA8115e217f94681F9FB9,0,0,0,0,1,0,1
0x636f33096Cf4FE70AdFDF472046f0890C0C2fFd9,1,0,0,0,0,0,1
0x63C8c5fD708c40b2E4dE47BfE8955237e51deB41,0,1,1,1,1,0,4
0x63b6206f53954E123f5dB5284Be4bf416Ed56137,0,0,0,0,1,0,1
0x63c4891C56eC141C25C1Db3e2ee07f90819a8062,0,1,1,1,1,0,4
0x64103585C520fC2d58Fbc1ACD8A37Fea86328a77,0,0,0,0,1,0,1
0x642a2deCc241887927B3bE5a3a4f857f0b877ccF,0,1,1,1,1,0,4
0x644d0B3C09E59E224f5C9432F6128cab0D083316,0,0,0,0,1,0,1
0x64A5c1A76Ad070F8F475C1ce0e7fCa24e1964da5,1,0,0,0,0,0,1
0x64Bec522dc88CDAb0D114Fac2Ce42d6Ef7D8dBf8,0,0,1,0,0,0,1
0x64Df2eD136Aa64Add306E8499324B243861a07ce,0,0,0,1,1,0,2
0x64c262FE9E1C3F2236d9Ac120830dAab30aC7FA6,0,0,0,1,0,0,1
0x64d578F06996B83C532040DBfb01aB547Cd465a4,0,0,0,0,1,0,1
0x64eCc4f8fF76E58d7C2245f34d32B039ebF42bDf,0,0,0,1,0,0,1
0x652012427447B31F77107041Ecf01211f86c00f1,0,0,0,0,1,0,1
0x656b51e1CEaD1d5C2dD64fA68A76aFB7eF91a528,0,0,1,1,1,0,3
0x658191594cdA88744d8158813029420dcf137A32,0,0,1,1,1,0,3
0x65Cbf9A496e5BC9CaED929b2007633Aca8b2EF2F,0,0,0,1,1,0,2
0x65EE472fa8a76555A1CB72510E3d1dA5F1662214,1,0,0,1,1,0,3
0x65d33f43AcD24ECb49361Eaee7fdD27eCDf193d4,0,0,0,0,1,0,1
0x664784B2a4019B85AA095488efa86FCe4e85d8a6,1,0,1,0,1,0,3
0x665c8F82fE84f307EAa08b8155415a1CfA52C9F1,0,1,1,1,1,0,4
0x66633Cc6B84CD127A0bb84864c1a4eA0172469A6,1,1,1,1,0,0,4
0x66C71d3eCcFb6483Aa5A540088FaB522d71e55c8,0,1,1,1,1,0,4
0x66D071A20d7942767739BBca130E08e4848D12Bc,1,1,1,1,1,0,5
0x66e3034Db3b1c322c6f04e559B629eA9EFf51210,0,0,0,0,1,0,1
0x672C3b982325bE86E221fe5d0Eb5391ffA9CC8fC,1,1,1,1,1,0,5
0x67321B9141638f41e1B7Ddc1BEfcbC8016C49ec2,0,0,0,0,0,1,1
0x675aA1027C104C605FF7aD4Aa9197c29dF85d660,0,0,0,0,1,0,1
0x6760de24ab5548cf5102a3686586E0e266E093Cd,0,1,1,0,1,0,3
0x678312A2BdD03d7D26351886d303e9D6B15e4f47,0,1,1,1,1,0,4
0x67942F86912A23F1708Ea46372D6852beEdf6DCc,1,0,1,0,0,0,2
0x67A96E072D6c0cDB8a07AC429aDF2cf6BA45777B,0,1,1,0,1,0,3
0x67f5E368D28835A8f6B8E5576b1e17Ae2CE24769,1,0,1,1,1,0,4
0x6830c5A4f1A1023D5e9BafEB221ceBc9eb6f8ED6,1,0,0,0,0,0,1
0x69351C854a4917B75156BF1eB31964f1D4591773,0,1,1,1,1,0,4
0x696125F821C924F642b9aa0816f3A19fCF334D0c,0,1,0,1,1,0,3
0x6972196a88746dCCd07d29FaD2144A5812fEd23f,1,1,1,0,0,0,3
0x69865E3A4de4a4f2a68D1c207133063A89a15464,0,0,0,1,0,0,1
0x69CFe8D5C28045F421391e0c50CAC91C456713df,0,0,0,0,1,0,1
0x69E20D17FdC2ED47395073C47DCBAD51e5b42126,1,1,1,1,0,0,4
0x69e463844Ff530ED20fA8D426799575Fa9C01c56,0,0,0,0,1,0,1
0x6A0B55b607D3B2104E4a1ac1dc53bE77d2A9E145,1,0,0,0,0,0,1
0x6A47cF857A679FeC08086291b07b5efDd7832F66,0,1,1,1,1,0,4
0x6A93A409e2780efbD34eF123d26db37bfB9E6df6,0,0,0,0,1,0,1
0x6Af1c53a7c57269a7E0D35871147488F673CF419,1,0,1,1,1,0,4
0x6Bb275953D6297261386A8eAC44db37e8f278eBF,0,0,0,0,1,0,1
0x6C45a98B88b48026Fd7bcc7f21D7C35a73c6ac99,1,0,1,1,1,0,4
0x6C8B3F3b9409fb6650AcefC8dB10FFD34aaB1F41,0,1,0,1,1,0,3
0x6CEd926bfB22A6C1AEaD814F1D52f10821c4FBF4,0,0,0,0,1,0,1
0x6CFa99B2352163D70bd52de24CdBf553374B9335,0,0,0,0,1,0,1
0x6D23d81A9054999796e327D07A0Cd3364F1fBfF8,0,1,1,1,1,0,4
0x6D81FBdba7Cc3AFB7926F80C734965746b297668,0,0,0,0,1,0,1
0x6D9E8325DC6a5c32884860b8BCA2B8bE515c85f5,0,0,0,1,1,0,2
0x6DC168DDabB9F104caD976B6E2cC0D6BC871Ee6B,0,1,1,1,1,0,4
0x6DE7BCf1B07Ea00b39237CF48600E4E65B6ffbCa,0,1,1,1,1,0,4
0x6DEBc5D1803171fED1A1e65ACf91E122433F57fB,0,1,0,1,1,0,3
0x6E2c266a5fd854373ede37CDcb1bF3Eb06900B07,1,0,0,0,0,0,1
0x6E4F04cE5d6F37D4ce0CD4BDef747a9845792237,0,0,1,1,1,0,3
0x6E703F9264375b88791c958053Be7834eD49d769,1,1,1,1,1,0,5
0x6Ecb90AfbAf2C0b502899bcfC6862B2BDd4E81BD,0,1,1,1,1,0,4
0x6F2fd2f95B628779eB58E7eb982E088baEdA3cD3,0,0,1,1,1,0,3
0x6F7FF55b2bd50af3198CaA6C40C61887d33ebA22,0,1,1,1,0,0,3
0x6Fb57D194Bd89cf54aDA268F87Ba7b0C73548Dc5,1,0,1,1,1,0,4
0x6Fc03c7D90858866DbE7cf3dcfaf0948743E39B1,1,0,0,0,0,0,1
0x6a9B86e5a09EB214557825c89cD2aaBDd832b830,0,1,0,0,0,0,1
0x6abf790D3B4a80eBfCe25dCcBfa07f6f8e5CaB1A,0,0,0,1,0,0,1
0x6ae0ac54256117425f03C8F1C703F99aCDA6DC31,0,0,0,0,1,0,1
0x6b8DC4e0F9DA423F7ECfD1A62edB0cF35389a38F,0,0,0,0,1,0,1
0x6bcFe7307663bB2B0C1c70294c8aF1ea01fEF0De,0,0,0,0,1,0,1
0x6bd20EE749E42989504229d4B56A0ac2aFB6f019,0,1,0,1,1,0,3
0x6c543fbAfc5A4dF7B85ecd09fF5eb3B5Ebf21e5d,1,1,1,0,1,0,4
0x6c9d56671A152a9b310F808b88f522f01a223754,0,1,1,1,1,0,4
0x6cA8D97C0E400d32635c1c2E39Ec63c2f7F69449,0,0,0,0,1,0,1
0x6cA95Dc2dc2121DD0B5F2496D08527e536e82B1C,1,1,1,0,0,0,3
0x6d34B4a5465648b1eBC6f78b15D5bb8719122d79,0,0,0,0,0,1,1
0x6d4c4eD4cb0f9F02bCd3ed2D645bfADf8790Da5E,0,0,0,0,0,1,1
0x6d7e81ab0D18d955607e3F76B86b06dA5945bB0c,0,0,1,1,1,0,3
0x6dc3e700B08cbDdA0F6e8E60B85f8690A81Be29B,1,0,0,0,0,0,1
0x6e407cb55382647EaD46098AA26329083e5c46FF,0,0,0,0,1,0,1
0x6e5ba5499bd4BBA442Dc88242F9c7929AD3151eE,0,0,0,0,1,0,1
0x6e868E0c7567AC0fDD8d33934a30D1B53229874b,0,1,1,0,0,0,2
0x6eDb9A10f28D3b79CA7CB4e95Bc73581DcA89896,0,0,0,0,1,0,1
0x6eb836bA82c5466462F07dAe937b40dfe76b2AE6,1,0,0,0,0,0,1
0x6f8b3E110995DAf3c3B48b10E106a7860F3EcacA,0,0,0,0,1,0,1
0x6fF5723435b7dfC2371B57Fb5cB4c373E5995C78,1,0,1,1,1,0,4
0x6fFcE76355025452BbB8b300E75BbEae3F312fD0,0,1,1,1,1,0,4
0x7077Ee5f7D40970a1ad2B6A604Cf0039B0748133,0,0,0,0,1,0,1
0x70796E8Deea0cB8A962917a22C3883f0F595664b,1,0,0,0,0,0,1
0x70DB6BA00197d1e7d19ac294791228ff5949290c,0,0,0,1,1,0,2
0x7114FDDF2F16A737726267990CCD9937f1d03e9D,0,0,0,0,1,0,1
0x71299B87D875866BC3a2c004777D543c38a6E36b,0,1,1,1,1,0,4
0x7145dB2ae1D565A1D121557E2DBea78d70587cc9,0,1,1,1,1,0,4
0x7181e6731ccC2811c9EF0E0fc392BA19fEC27B0C,0,0,0,0,1,0,1
0x7185F37F81D132a185C2f4d19b8108C4a705bB3c,0,1,1,0,1,0,3
0x71A61084D15f5471Ad396f8648f908eAe404a5Fe,1,0,1,1,0,0,3
0x71a2Ed3C42D4a75F3a25FcD5C622eA32C8ccA2c5,0,1,1,1,1,0,4
0x71a650C9bfF9D83a48Cf6d857D188Ba39C19bB01,0,0,0,1,0,0,1
0x71ea92992a66d8F82b31893ca46BeEB169B8650B,0,1,0,1,1,0,3
0x72404F96D14F6c1ce2d94e833231C659B98babE8,0,0,1,1,0,0,2
0x72C1324E8cB8035de2c9931bf3a75b78A11D39Fe,1,1,1,1,1,0,5
0x73371E473fB129916F80bD982943DD1A8f38Cf8C,0,0,0,0,1,0,1
0x7368B89C3e1EFd216EA271a0e1E1F0e0d7Df085b,1,1,1,1,1,0,5
0x7381888E439b914c506270457b7D8D80Cc62E3A2,0,0,0,0,1,0,1
0x73e3908661c650153B82fBb201Af52DC54F9851A,0,0,1,1,1,0,3
0x741457F25F8E13a8d8fb566646e7CCb8EF1607fe,0,0,0,0,1,0,1
0x7415a096eC3D3fC08bCDFfa632DcbADb840a2286,1,0,1,1,1,0,4
0x749b762582d821a2704041F89248ac8acE3A0deF,0,1,1,1,0,0,3
0x74Fb3bEC1545E02Fa63Fd40561f7bC36e2c06134,0,0,0,1,0,0,1
0x74d0a27435d28b28c79B62AE971d6e8E634334BC,1,1,1,1,1,0,5
0x756380619917488E7Cd1B5c191A2794C610fAF0d,0,0,0,0,1,0,1
0x757b8564088F39e235e9E5FB57c6FEf37bDD2506,1,0,0,0,0,0,1
0x758597A5671231211ed2DD13075c2f66cFaf4A9F,0,0,0,1,0,0,1
0x758CBCAe1D0Cfeb48dA45954022866b926a2f714,0,0,0,0,0,1,1
0x99d140CBBFCb66CB46D36671b847f306AE746746,0,1,1,1,1,0,4
0x769bEb5bEb6DCFf2aE22e81795669d1FA385D020,1,0,1,1,0,0,3
0x76a063fB720Ea8DAae1dD687f3Bc7463Ee5F55f1,1,1,1,1,0,0,4
0x76ce075e6CcB713099dEe965F4124fb204c741ab,1,0,1,1,1,0,4
0x76d8Ad69D7695c9621453Cb768D73F7060e4f9A8,0,0,0,0,1,0,1
0x7746AB46a45f3e7622AAFf9243a1c353aB41B0e3,0,0,0,0,1,0,1
0x77517b021eB4a40577CD9F75c6F7f27Ba5B3a1E2,0,1,0,1,1,0,3
0x779F56C3d7c7BE2659B901D2F0f6b1E8f356f556,0,1,1,1,1,0,4
0x77Bc3254419072c5b554700B4d1C4f4C0c772Db4,1,0,1,1,1,0,4
0x77DFC9264676AdB779aCdEEeCA199c8A87d0A893,0,0,0,0,1,0,1
0x77c51865Bc23121E4dB60ba0634aA274696B2A6D,0,1,1,1,1,0,4
0x77f28f9196974B110105aF5d0206aB019e9cDD95,0,1,1,1,1,0,4
0x7809719aEE3DA29B85cF226C85CCDCC211c4a6B1,1,0,0,0,0,0,1
0x783578b0C86Fc28B63e455B06153bBBF70e6075D,1,0,1,0,0,0,2
0x785cb064783B30B71c1f03119A561256F2b7db5f,0,1,1,1,1,0,4
0x7886aD834484e953f47cFAAeb46AD9af0137ff12,0,0,0,0,1,0,1
0x7887AAB40cDA8f1A3d807F4c54de269057371696,0,0,0,0,1,0,1
0x78b6849CA39CFb26B1de6742A3349ad54A18E02E,1,1,0,0,0,0,2
0x78b8A76BEa31733777556033e2a116df66C4C41C,1,0,0,0,0,0,1
0x78dbA641814Cc43a2803a4CCEf4f0aCC369Bb9eF,0,1,1,1,1,0,4
0x7926dC1d038EF93051E389255B45da0898978a55,0,0,1,1,1,0,3
0x79747B1f2409AC5769dD897f1e160407710BA053,0,1,1,1,0,0,3
0x7993F18C91A9f68593d308C5846f380A2a374F46,0,0,0,0,1,0,1
0x79Bdda65C706CBdA69C0AD4C8da1d3e91724f48D,1,0,1,1,1,0,4
0x79C9c4430dD3c7c8E486b23E65Eaf805b64Df50a,0,1,1,0,1,0,3
0x79Ddbb3299b608418AE6d545bb1bE3f6f5ECc3C2,0,1,1,1,1,0,4
0x7A2c38f68dFDC7c3AB1195126c39A1B3E2B3D2F5,0,0,1,1,1,0,3
0x7A650BF407718d36E210DAd29585d33066439160,0,1,0,1,1,0,3
0x7A9B1CEFd1f63C626982691A0640764B1d4FBADD,0,0,0,0,1,0,1
0x7Ac79c369a3585B19e068578d37916259E497616,0,1,1,1,1,0,4
0x7B4D11a3E5eaD71AD66fD70eff0Be1a5DD09336B,1,1,1,1,1,0,5
0x7B6DFfD27621b8af3F1F18C49C267218978D3df7,0,1,0,0,0,0,1
0x7BC08Df36e28bA76d20De99D156A09446c71B1FE,1,0,1,1,1,0,4
0x7BF951154a507016bcc9428c650874ecdC0777e6,0,0,0,0,1,0,1
0x7C580084Add8BE8BF85Ff48140d3355bA47cFa8a,0,0,0,0,1,0,1
0x7C6F6018e451b88CFcdb52CE92556a600383dDb0,0,1,0,0,0,0,1
0x7CF3a0d9DDdE82Eb46aD96bF6Ee8f8ED69BfA461,0,0,0,0,1,0,1
0x7D39522cCe8312E29aC57DB307f93FAb57d810Dc,0,0,0,0,1,0,1
0x7D3bF2cb39f5cEEeca91eCc8201Dc01616AD089f,1,0,0,0,0,0,1
0x7DFf93fce783b91F347ce7BA7181ca4A02Ea9De0,0,1,1,1,1,0,4
0x7F8DDC4BA9ED972C8CAb7128Ac1b42488B540091,0,1,1,1,1,0,4
0x7a0FB632f86a8C8236aC8960b3a9cada3e7E0B30,1,1,1,1,1,0,5
0x7a40002F9A331E2a136c1995B630009e9753E486,0,0,0,0,1,0,1
0x7a591d4644928F4A544aEFEdbcD2F1D68CCE2B94,0,1,1,1,1,0,4
0x7a9a1a4bbe0Da993dd7aE984d8C6180a673cBecB,0,0,0,0,1,0,1
0x7aE1CD518eCf4546Fc93796dbB26f0Ee0A1B35ba,1,1,0,0,0,0,2
0x7aeD9019d92B481946E1BdCbA8F1f23f34C9B4A2,0,1,1,1,0,0,3
0x7b24c61C359b3a4D4824023F87C8F7e1C40527D8,0,0,0,0,1,0,1
0x7b86b43CC1E2d568398ceEd8fC74338Dc9F9d193,0,0,0,0,0,1,1
0x7b91DE4Ef6CE7F960f0dE97d663DbcCd4f437b37,0,1,1,1,1,0,4
0x7b980f5a98804964a653Affd86e6d4b3Bf266396,0,0,1,1,1,0,3
0x7babefFca22C2079569d573E7bFfbDA93368868e,0,1,1,1,1,0,4
0x7bc2376a0452768E51146101597A1F8DB27DE433,0,1,0,0,1,0,2
0x7bcDFfc9adf07F9B69bd34b8fa7c3f94c8DC3B6c,0,1,0,1,0,0,2
0x7c00712EC80f867750D7d302e43EaD8259819061,0,0,0,0,1,0,1
0x7c90b7F382CAB6Ed7842708276a4332Ee310453a,0,1,1,0,0,0,2
0x7cc6a93A60BdFaC4a38C5F6c9FF2f368225a2B95,0,1,1,1,1,0,4
0x7d4053510C0E2cE0f127cf890FdB84F1A36cDC6D,1,0,0,0,0,0,1
0x7d5E6E52443433BB8df673844b16a391D770d001,1,1,1,1,1,0,5
0x7d84b7fa779c86922E46D1C1B18f61A41f3b9799,1,0,0,0,0,0,1
0x7dB747a3F2828c4cb5cc779A412ACF42c79a5211,1,1,1,1,0,0,4
0x7dF263b76f67262444952c0bd44F5259e4672642,0,0,0,0,1,0,1
0x7ec296145b6f4bF18a67AFa351390EF02fCC00dD,0,0,0,1,0,0,1
0x7ed3D4C4acb01e3A64314048aE309e9eeead53B3,0,0,0,0,1,0,1
0x7efD5BA8c85C674016e2154E4739c20a9af81b44,0,1,0,0,0,0,1
0x7f1a47DA846329e08dd7E0Ca9587b38FEEEBDcEA,0,0,0,0,1,0,1
0x7fbc69c7A4e14A5b85973f4DCEC3572584726A3A,0,0,1,0,0,0,1
0x80092f94F8D3f9048624ed68F5a0DaBeAfB9FEDC,0,0,1,0,1,0,2
0x8055F8af78DaDCbcC80a18EbaF9927f2Cb8930EA,0,0,0,0,1,0,1
0x80581F5e391aeF3a327CCe84265ea8eFe2419bAF,0,0,0,0,1,0,1
0x80A41e88355dAf6fdd90aC76d45761Ba1F277605,0,0,0,0,1,0,1
0x8131cCC8737387571Af971951Af3A46412220C2A,0,1,1,1,0,0,3
0x8147FACb022C59250970338306B833d6cf1D91FE,0,0,0,0,1,0,1
0x814d0C282b68856ab980bDBb9F869E12A159E38c,0,0,0,0,1,0,1
0x81f833a909Da9FFa8d9da166a5e239555ebd40E6,0,0,0,0,1,0,1
0x825a46F2617584f89FeB4F879d426fF598f31eD4,0,0,0,0,1,0,1
0x8293d1f6ff3AEAdFc0D1E554d1Ba62FAe5A52017,0,0,0,0,1,0,1
0x82A1955F1e1E2ed397d9Ca25D40b36259A1130B4,0,1,1,1,1,0,4
0x82D2D83134362355c0b485366d1f6D4dC38515de,0,0,0,0,1,0,1
0x82F91ab95dD830706ceC0690D790A4ceF23d209C,0,0,0,0,1,0,1
0x82b5A6119d70a87f81b4624d69c57B44e617571f,0,1,0,0,0,0,1
0x82fb1FF06D845eC8BE56d7948ACc24a0fB740020,0,0,0,0,1,0,1
0x830aD524461BA1c2841091990528458319F8DE14,0,0,0,0,1,0,1
0x8317E2f4f015f0a0B02881C9E61BcCa2b820602a,0,0,1,0,0,0,1
0x839306bfFB4128C3097914647AAc9DE020B11315,0,0,0,0,1,0,1
0x83FdCBB5678B7ee55C90d8e975829fE438c8B192,1,0,0,1,1,0,3
0x83bbe9CFCc205bb8E53cBa0b51d6db9386CE58B5,1,0,1,1,1,0,4
0x83eE33564EA39Cc2152baD87F1D0d464D07FA3aB,1,1,1,1,1,0,5
0x8400a440a6dd2077f98092D795C7fC45ca6A9E5A,0,0,0,0,1,0,1
0x8408a05C117C98FcDf649F59960D44F4f97b52Fb,0,0,1,1,1,0,3
0x844cb155C62514aeB236f17290d3c2413ccf295E,1,0,1,1,1,0,4
0x8450323fAca077eA6F8f3FA7f8eCf85F2F00823F,0,0,0,0,1,0,1
0x845FDf07F3a10af21A00DC2a56f18cB146cc5c2a,0,0,1,1,1,0,3
0x847025F13EB4981456FaD35b72b279D21968D578,0,1,0,0,0,0,1
0x8498843f6D9046f7b59482978E152D61869203bC,0,0,0,0,1,0,1
0x84B4fC4818b865CAe1Bc241EbfcC930D9bdDeE02,1,1,0,0,0,0,2
0x84EB048Ff7f52fABa4873832654D5dD26A3E2966,1,0,0,0,0,0,1
0x84Ea88fFde4cFe071B83AC0a61D23006811F0A8e,0,1,1,1,1,0,4
0x84b59c129E39D03391a4DD750F334ea8a5B6CE5c,0,1,0,1,1,0,3
0x84c9c7dc5091AD2cd6a196Cd86581D3A71D551fA,1,1,1,1,1,0,5
0x851859D0bdfB791Ce47D4D99a6B670466d468C09,0,0,0,0,1,0,1
0x853Fe8199b241e6dcD974defbB912cd5cb4483FF,0,0,0,0,1,0,1
0x856d5B3277061A3C27bD0f1be6d3A148fDbaF42B,0,0,0,0,1,0,1
0x85ab29BF8357f9553Ca0dca21F54c321434c84dd,1,0,0,1,0,0,2
0x860d8CE1ff18b7647fD6a48146D1150602Db47cc,0,1,1,1,0,0,3
0x86269fE8E5704825c3E5dAd4b678c5dB12182152,1,0,1,0,1,0,3
0x8643C722031A05fCBb12212804693B81CcF5A4d5,1,0,0,0,0,0,1
0x865D7eb5db37cc02ec209DD778f4e3851a421A20,1,0,1,0,0,0,2
0x8678DF7a6646477aaC93D593329f8eFB7Ba5F6BF,0,0,0,0,1,0,1
0x868026a2fB2FC159115f96a7478eFBBb27Ff5B5b,0,1,0,0,0,0,1
0x8696aF03ED690a45Cdff7267013484B2C76A38Da,0,0,1,0,0,0,1
0x86A3f19e699Cf839DD3D0593bfbFc22B0fcE58b5,0,0,0,0,1,0,1
0x86D7933192B1fAccb62dB1e893dfe25D1e2104A7,1,0,1,1,1,1,5
0x86c16F44BC75851a9E2E16e28366aDD78169fEA9,1,0,1,0,0,0,2
0x870B5C44fA881fB1a74164FFbd38234c71cFDE58,0,1,1,1,1,0,4
0x877bfd84480d236Ff4209050eEE02CFbcc0BCC27,0,0,0,0,1,0,1
0x8793730C005be1f94851c9613Bb64383D0aF30F5,0,1,1,1,0,0,3
0x880ba776e08bfa5C7D8D18060e80A4C8517ADFD3,0,0,0,0,1,0,1
0x88108f699Ff7D6F8E29385AfDAA7F3C8D4Dd386C,0,1,0,0,1,0,2
0x887F404f167B5a1DFF722E95c8A75966cdda5a0c,1,0,0,0,0,0,1
0x889B32cafc8976CBad1E9a588613896EA0b82Bd7,0,0,1,0,0,0,1
0x88ABd031053800e9fBF7Da204190665468dA41F2,0,1,1,0,0,0,2
0x88B0BE658E72C5518B37cE0A5625D3fD494dBAFA,1,0,1,1,1,0,4
0x88CAE02d3D7D2bF079dA9ec37F5660B4834dB3d5,0,0,1,1,1,0,3
0x88D0B1b3Ad75fe4f03FA30F8647653bb89c086D3,1,0,0,1,1,0,3
0x88D8d8C2e9a29177a4a8D6755b3870E6720ee6A6,0,0,0,1,1,0,2
0x88E385Def57004Ec13a164F32C9E784594561072,1,1,0,1,1,0,4
0x88FEAc0BEDfdA6D1E6CAfbc13D8FE72AFc78712a,0,0,1,1,1,0,3
0x88e23B22A2F3d63EEAD91a25F427a8959850C41C,0,1,1,1,0,0,3
0x894D8502AA32714B2EC0EA6956F26FaE3dD2a551,1,0,0,1,1,0,3
0x898E7BA5997Edf98aC95E19a2D8dc417Fbe80621,0,1,0,0,0,0,1
0x89D39769eEf9f627D5f2efD4D212c6378B122836,0,1,1,1,1,0,4
0x89F32ef6dAcaab10322DfE32817d41fAf85E54b4,1,0,0,1,1,0,3
0x89f377d6ffB6b412c3BfA1eC46e4c5c3e6Ffc19e,0,0,0,1,0,0,1
0x89f80508845277300e5bCd612904F7B4bf0d8369,0,0,1,1,1,0,3
0x8A129D777cEb23214f3C3785A91A7d9118D01DBE,1,0,0,0,0,0,1
0x8A921566F70941fa361a81435a39ed3835A59975,0,0,0,0,1,0,1
0x8AA2Ba5833cC866279114221D471f0E41171d6B2,1,0,1,1,1,0,4
0x8ADa2456b720a2BbE2bC78b3F4eCb0E4497EaB20,1,0,0,0,0,0,1
0x8B02E442f44A70cF0f9495e10a37f89F941af818,0,0,0,0,1,0,1
0x8B6f7a9Ba125096d1b762E66b2C5bcb6e9cA117e,1,0,0,0,0,0,1
0x8B86b69D4aAA54086A2097f8BA7Dcc525ebe6e2e,0,0,1,0,0,0,1
0x8CD3259141320669c48F0cbb64C53338eB6CEF18,0,0,0,1,0,0,1
0x8Ca95911F00e0b2a2D77f0a2Ef282224EB72B788,0,1,1,1,1,0,4
0x8Cc55149aBAF30236FF97a9f2A0EDa6438263E65,0,0,0,0,1,0,1
0x8CcddC05aa511F28Cce0ED95353ba124A8EAD6e7,0,0,0,0,1,0,1
0x8D1F338F8abd714fd09ec13C100A0d7dF693cd5D,1,0,0,1,0,0,2
0x8D680903E5816186524ba7B83D2AcF5e31c2885b,1,1,1,1,1,0,5
0x8Da8a63717bfC7197DBAfef29c6a379dA6F9018a,0,1,0,0,1,0,2
0x8E4a2Ebd9306f90bB31B0Ce56000D250A7AB7d00,0,1,1,1,1,0,4
0x8ED07226eFac3F6e3543626aCCf302095008b613,1,1,1,1,0,0,4
0x8EE9BF9Df34aE86F00499a4D4A19188d8754d53E,0,1,1,1,1,0,4
0x8Ee64e63967593922aD51Ff22E25b8dA622bd051,0,0,0,0,0,1,1
0x8F37fDD3037b29195975d9e2f7bbB36cA51887dC,0,0,0,0,1,0,1
0x8FbDc86Dc4557fd73F055E981238a81652DCEB70,0,0,0,0,1,0,1
0x8Fe3328B0eFFb30f0725b5faD125Ef2F1f750c08,0,1,0,1,1,0,3
0x8a050aC45969Ab8CA498F4E9840b7E9D9Eb8AE1f,0,0,1,1,1,0,3
0x8aC2F1f649E9a4BeB253674609cAA936DC3492F1,1,0,0,0,0,0,1
0x8aD15eac0430c89a1Db2ED200d3f28f9DA828FE9,0,1,1,1,1,0,4
0x8b007d95cEC8Cd06293A0EaCc9b2108dDAfAfD91,0,0,0,1,0,0,1
0x8b2244bC61c64c2F5BF90D43C3B93ec73C786E3b,1,0,1,1,1,0,4
0x8b31FBA186FCD5c6d18a691671371D9135E259Ac,0,0,0,0,1,0,1
0x8b36EA942aA14D6696Ff5E5393c54D9ae6Fbb342,1,0,0,0,0,0,1
0x8b458561eCaf5197000b4dfFc5757800934f71EF,0,1,1,1,1,0,4
0x8c0DA62b2F992eC731cE92Fc30B1B5227D8C14a7,0,0,0,0,1,0,1
0x8c3e95B8c85e11F61C611fc54785945401C676F7,0,0,0,0,1,0,1
0x8c49A34F8fa8e2b5eBD748394b8685E0275e657d,0,1,0,0,1,0,2
0x8c4F8dFf96012d59F9DF00ac21f0dFD9437ECEA6,0,0,0,0,1,0,1
0x8c57D1Fab10D4B78F49ef5C6ABaEB76a63710f61,1,1,1,1,1,1,6
0x8cF21305896Dc64a8124fa0DCe11422cb963b4C6,1,0,0,0,0,0,1
0x8cf6026C505E28fbC3F091A98F8b2587B0D5A6d3,0,0,0,0,1,0,1
0x8d1cdd26BaB908EB966400e96039b0A6Ba75eb35,0,1,1,1,1,0,4
0x8d29D193829dc5aaD853FD592a13057AE43aD08a,1,0,0,0,1,0,2
0x8d85d3EdeA57b09fEe39c94E5e0cA2757EBB6BE7,0,1,0,0,0,0,1
0x8dC886Fa52CbeB17b22A965c90642E63dcCa2AFF,0,1,1,1,1,0,4
0x8e1343508cbA64EB1AE15C17182685b4e38F37e1,0,0,0,0,1,0,1
0x8e78845d990B5e101f44918bfA175eE1d8e70B87,1,0,1,1,1,0,4
0x8eAFbD8e203af9190Bf66c934F1e1D8457ebfF08,0,1,1,1,1,0,4
0x8eDB0A111C3A0Cfd7f8728e08f7AF40Fdb923c45,0,0,0,0,1,0,1
0x8f2e29C2c8DE6208a93bE765E694f44a854B7203,0,1,1,1,1,0,4
0x8fF8f62380A5A7373D33736cFb94709ea75BEd71,0,1,0,1,1,0,3
0x8fabB4F765d69A37074aA30D550bc5f64351F1A6,0,0,0,0,1,0,1
0x901Aa7D1BCFBE183256a7E256f73cBCCA5728d2A,0,0,0,0,0,1,1
0x9046EB18f43D0633A2Ea682124f122FAd6FCEEa2,1,0,1,1,1,0,4
0x905932ebDEc0b95fe908DEEc9D2C731d493eB4ab,0,1,0,0,1,0,2
0x90c984a67Ea15E17Bde75DAA7Ec0E2f4417fcaf0,1,0,1,0,1,0,3
0x90cDa992dF487E022D4F52991f05e91961892B6C,1,0,0,0,0,0,1
0x910e46aEbB8762359799f52C0b748B8578999f14,0,1,1,1,1,0,4
0x9121e02Dcabf1369b1569D654E7CC56AE8b02418,0,1,1,1,1,0,4
0x91628188530F7B93919C81eb4D5dFE9D93ECb5bE,0,0,0,0,1,0,1
0x916A19139059ec76EB0fBC260c0C13f8c558b6e4,0,0,0,0,1,0,1
0x91bf28E62b7752097aFc4aF2FdbD27d0B41f778f,1,1,1,1,1,0,5
0x920B79Ae09CB8486D395d66c560b91526De503DD,1,1,0,0,1,0,3
0x920E6e30eA9a3a35bC804973751E49e864D4dC85,0,0,0,0,1,0,1
0x9279492DC2123340aa00244987d4460d0e3cF070,1,0,0,0,0,0,1
0x929ccFD746FdA8fD8c1B60DB9aC19Ad628C32F26,0,0,1,1,0,0,2
0x92DE600F86669D5BC23fd33c4b93689D49C55aaE,0,0,0,0,1,0,1
0x92b0E1E289bCF3b6C2A4431f2585Ac307335B577,0,1,1,1,1,0,4
0x92d16141d35491604E814e19Cab93069eb1d72D7,0,1,1,1,1,0,4
0x92edC7A4d9E755469FDE61815DD229eeF7882433,0,0,0,0,1,0,1
0x9307FC7ba25f62803Bf666B4Cc6d19662550B25f,0,1,0,0,1,0,2
0x935db1C5F15aD5751c790D9150c0c3D6b6087a40,0,0,0,0,1,0,1
0x938FE64db1e4a4337d44410B46DcC3D5B8613Ce3,0,1,1,1,1,0,4
0x939035097Adb542b53B56e586DEaAfA27e8A6566,1,0,0,1,1,0,3
0x9394a94948DC659Ae653EcA90767Ad1E0e22eBD5,1,0,1,0,0,0,2
0x93953F26C713627B6d6f413954a3994A22b69E4C,0,0,0,0,0,1,1
0x93f28fFA811c7A0e30B1613E41C008eED62dEBE3,0,1,1,1,1,0,4
0x94Be286d308803143b8509F0E1E5090235eF25E1,0,0,0,1,0,0,1
0x94F9199BEE0abe9a74D6C9eeA2b7751B789132a9,0,1,0,0,1,0,2
0x94d6CCE09a89d9050478c4D8882df7c152f44320,0,0,0,0,1,0,1
0x950d6281854d98783F05A4f07269ef58FB0e988B,1,0,0,0,0,0,1
0x957E3f78Fd8B94e64fD329133F99833907e61C0e,0,0,0,0,1,0,1
0x95AD8360FE25bc9Fb573d10B42F76f1bf34669Af,0,0,0,1,0,0,1
0x95B0cB330519DB2bCaf74B90C1BDe3D62f673718,0,0,0,0,1,0,1
0x960C4B88528347f156f5f0440a957670eeeb14b0,0,1,0,0,0,0,1
0x961D6b75ad37403f37A318E171128b36d0CfFF26,1,0,1,1,1,0,4
0x9631e68370a703618985247DB537Fd6B5AD70C33,0,0,0,0,1,0,1
0x9635bcC0E4845126FDB133DE103d1F84DA3f9ece,1,1,1,1,1,0,5
0x96539455E49b8DE5738f85C2347cf7955775f502,0,0,0,1,0,0,1
0x96555Ba40B43F8642e3dd7BB6d324a8cB39d3f68,0,0,0,0,1,0,1
0x9693200746C056Bb3E548B6A25c5Fb1d5db2d874,1,0,1,1,1,0,4
0x96Df578E8894f3af74096ead965c8522fF14D147,0,0,0,0,1,0,1
0x96e84DF4694aF3F092DB97C3002f81404af834c8,0,0,0,0,1,0,1
0x97169B2E730e03e3884F19C8B45CE40182298F44,1,1,1,1,1,0,5
0x971CDd31accFCff7f1Dcdef7B6c813279E364378,0,0,1,1,1,0,3
0x97219Ef57A528c1f28A07A8c028b13C25464AEA9,1,0,1,1,1,0,4
0x973eFe97a5fb054af9B71307bd9fD504B04D18a4,0,1,1,0,0,0,2
0x97568d242AB0233C55D992aA46cD41E7311FCc14,0,0,0,0,1,0,1
0x975B7CADcD05b6d5bEdA6034E1183b76a56F47e3,0,0,0,0,1,0,1
0x9767263098528656F9d9C9F1752F8758b2d7fF85,1,0,0,0,0,0,1
0x978A2E2D98ca029Ab0f7268Cb069528333D748C1,0,0,1,0,0,0,1
0x97EDF63009f01C259943595E65275C0A74eC9Efa,0,0,0,0,1,0,1
0x97b102e00d88F02DEBfD6b1e4B901Dd6931bB982,1,1,0,0,0,0,2
0x97d16c85C38b8675174c614e6B403C404a9834A5,0,0,0,0,0,1,1
0x98289029B0d4bB73Ead9Eb1A3300eD724Fcf6779,0,0,0,0,1,0,1
0x98488C8A8005E8cae743d571d2a0f87DB288Ea99,1,1,1,1,1,1,6
0x9850F1562170087ed76D665E2B41538f895105fb,1,1,1,0,0,0,3
0x98556AB9663B4c9450c3ece90e1ffABE79DE6961,1,1,1,1,1,0,5
0x9865c200a0F1DeEB9E8d4665D80A4Bd50B5C26FF,0,1,1,1,1,0,4
0x989cB756d4c2b739B29C85FB2C25e6467feD1d3A,1,0,0,0,0,0,1
0x98D6716059fE3e1B8a0808d85FE6B9C5795B2E7C,0,0,0,1,1,0,2
0x992f80E69DFe5D5feEDcA4c500aE50205f1f9861,1,0,1,1,1,0,4
0x99353Fd28589Cf715A45617442E9B74aDAD56601,0,0,0,0,0,1,1
0x9942a274e61A7CDEd9a240E8db06E00FfEB9fF1A,0,0,1,0,0,0,1
0x99893Bfa2ab7307fE44Ac8366968505202D497ee,1,0,1,0,1,0,3
0x99960efe134A0a44960cfb7A1Fa9221C0547Cfb0,0,0,1,0,1,0,2
0x999b98242f5384E225a02aFceBb5Cfc817559e65,1,0,0,1,1,0,3
0x99E05178d5Dc8B635aa93eB2Ad63C3cdA03CaBD3,1,0,1,1,1,0,4
0x99b17456eD9C3EB3E2F4f292bCB515F8bb9F4640,1,0,1,1,1,0,4
0x99e0D8B036CB00d555853b6fC6559c2643EacE7a,0,0,0,0,1,0,1
0x9A3B2361ff56AC88888e69034251EF171b9d9FbE,0,0,0,0,1,0,1
0x9A5B80b6AA3E49F77D545293E41309DFBe64DD30,0,1,0,1,1,0,3
0x9A8d4b0F5Ba089A03e89DA86fc4D4DE7BaEc40f1,0,0,0,0,1,0,1
0x9B971d91E9794B81094B96191Fef5eb2E2d24315,1,0,0,1,1,0,3
0x9BD47354FC1e9B67bB2e1Ba2BCdEeFb53f96F3Ea,0,0,0,0,1,0,1
0x9C01672bCA7C85b7D0422B8cf93A1D4794DbF08A,0,1,1,1,1,0,4
0x9C096647d2D23c21fACC1abc1F28E4801045bF92,0,0,0,0,0,1,1
0x9C88367275f6eA7d8F0b9416Ee927D22d9Ff7D28,1,1,1,1,1,0,5
0x9CB81C5E9918edAE1533510Ef558b8C97252da68,1,0,0,0,0,0,1
0x9D31289E75EE20bB02046775C0e976e00c37BB00,0,1,1,1,1,0,4
0x9D3714cCEFf1e57D9653158c877dEF1E74bd6f20,1,0,0,1,0,0,2
0x9E4FAd4d3232E402999Ae8f6A6e02F3Ef22FB98F,0,0,0,0,1,0,1
0x9E51B453dB7Db83071CcF7086d0a3e0704F6603C,0,1,1,1,1,0,4
0x9EAeC4F4f37E3Bc5A1e50BaCB095023EC3491e2e,1,1,1,0,0,0,3
0x9Eb90fDC301d5C749E15E12E869aAA9914648Bc6,0,0,1,1,0,0,2
0x9a88f768CF9CB67472F6bd6368Bc6d855A9C9941,0,0,0,0,1,0,1
0x9afe98C82a1D4f88997e6b4c76360915E1fDFe2f,0,0,0,0,1,0,1
0x9b2b6D40827896be5693Bab53888a8b4D97c735f,0,0,1,0,0,0,1
0x9b8ba8C519cb207BCbeb73C5DAE3918a95BC238f,0,0,1,0,1,0,2
0x9bd0EDe269cdCBD0e3195318469F91bE587C1380,0,1,1,1,1,0,4
0x9cD9bDaa1A0dE3A9703bacA4f7DB806ec26761BD,0,1,1,1,0,0,3
0x9cDfD1C36C1c1587e8225994d83Df7c2C51fa8F9,1,1,1,1,1,0,5
0x9dd711B0cB4430F429231E5Cb9940DBD1952a36f,0,1,1,1,1,1,5
0x9e59823281b36922ce3Dfa7Aed1EC41359A6D25b,0,1,1,1,0,0,3
0x9e602c1920443F01Cb100a57A7F894df8Eb42f66,0,0,0,0,1,0,1
0x9f10289f3B4FD2d9cB85aD52c06366Cb3f8f5BD2,0,1,1,1,1,0,4
0x9f834835927a0D9d589620669c0cd16B6AF87D57,1,1,1,1,0,0,4
0x9f8bd062b5e6319fCFAe0280ef7C5e9F814eA755,0,0,0,0,1,0,1
0xA012B32d3568CC93713A5e63DF7a772Af034af9A,0,1,0,0,1,0,2
0xA01e8b200BB96e9fa246bc66F6b4FDf54089735b,0,0,0,0,1,1,2
0xA03d81C3E58FD0Ed973F7b2F73f0E26bDfD0F143,0,0,0,0,0,1,1
0xA0552F0481D8694DdF0d7d73e23c5085DaBACb00,0,1,1,1,1,0,4
0xA0842862fcD392707ce9348C1Ff3179718180C84,0,0,0,0,1,0,1
0xA0913CE6b530EB0fd8Efe2b974FD5b01E1CF3660,0,1,1,1,1,0,4
0xA09AA75da763D4aEB692672897C057786Cdd258B,1,0,1,1,1,0,4
0xA15a659f75EAa2FEE83008E56a48ff6a7461658d,0,0,0,0,1,0,1
0xA1FC050c91FCbB6a1A7B6D41dFa168CF0A4b2858,0,0,0,1,1,0,2
0xA1aF9C704783F887dAe66A09ab123AaD6373df9e,1,0,1,1,0,0,3
0xA200369d36d9a1040bDddDf7F83995220E87211C,1,1,1,1,1,1,6
0xA27B3C18892d2E2Fb9991D01d9179DD06f3200b4,0,0,0,0,1,0,1
0xA28389B1cebbe01c201b1e84656870bE0BEEC1Ba,0,1,0,0,0,0,1
0xA2911d62f3Eefa30070F7D2093EDDaBFf11d221f,0,0,0,0,1,0,1
0xA2D35E418814A8b6367c66a5ac2FEc8ea16332b2,0,0,0,1,0,0,1
0xA2EB8DD9C0ae57Ee31613a5185a2cfD9Beb24adF,0,0,0,0,0,1,1
0xA41B6915dbC94A378EAf24F69F13F0F249BF113f,0,1,1,1,1,0,4
0xA421eEAB5AbaD714c6B338C85986400aA7D60063,0,1,1,1,1,0,4
0xA432FceaFc71ea515C2a89c6FE8825C59E2E3260,0,0,1,1,1,0,3
0xA49CEE842116A89299A721D831BCf0511E8F6A15,0,0,0,0,1,0,1
0xA4b43b4E3Ee4aa39Ef261e424DEF838Dd43C1781,0,0,1,1,0,1,3
0xA515F7fB260095eebC860425493b8761B4FC9abd,1,0,1,1,1,0,4
0xA534EEeA097D3Cfabbc155bAdAA7e09aEe07E343,0,0,0,1,1,0,2
0xA551C69f5EC2838928CEa71986e89E995141B768,0,1,0,0,1,0,2
0xA55B83A593c2b076B0A9c165090cB5363fb1fE3B,1,1,1,1,1,0,5
0xA58Bde8592d092EA551C5868c7db0eFE5d87c613,0,1,1,1,1,0,4
0xA60054De11FD41fE13dB6483fFa5074Bed634794,0,0,0,0,1,0,1
0xA60AF1686ff684869F91D1B9D5702D610FF6514A,0,0,0,0,1,0,1
0xA6703cef72eD7536f6648BA375eCF71DcD25d641,0,1,0,1,1,0,3
0xA6Ed7b2184d7C92190d74dcb42D34eC50dEb8AC9,1,1,1,0,0,0,3
0xA7851139F56f366C507DC889D2Be39063F14F06A,0,0,0,0,1,0,1
0xA78a738D4cf8C0F9939323ceED5aea9Ea1b42CD4,0,1,0,0,0,0,1
0xA802EedBa8C8C9959cC7cb47CA536a06D485DcfB,0,1,1,1,1,0,4
0xA859413e5ED63847F306e21249E7cA43d61e90CA,1,0,0,1,0,0,2
0xA87eB9338835A06A0a6175d814Ad85D3620F1A1c,0,1,1,1,1,0,4
0xA88595Dc697b73f23B8C4FdD045eCF377059F197,0,0,0,1,0,0,1
0xA8A74b381aB5cA14d1e10bf6Db1FE669123CEcc7,0,0,0,0,1,1,2
0xA9551E7424127648bbc7EA2b0dC78F8C6e023005,1,1,0,0,0,0,2
0xA95E9c54E9260E74e45836E1a2E5fF42ebb7Ad1F,0,0,0,0,1,0,1
0xA9Cc0Bc788fe5931902C0E392FDD94A4F2403a13,1,0,1,1,0,0,3
0xAAdb66fee1a106CeF8171F23602665c08dDD2854,1,1,1,1,1,0,5
0xAB35D3b09dd65E228439C7c0a08c789581CeF989,1,1,1,1,1,0,5
0xAC2681076B7C26305538537ffa24903fBd7Fd0df,0,1,0,1,1,0,3
0xAC86865Ead332e31B1c2d414BA3991618C64A1F1,1,0,0,0,0,0,1
0xACC17Bb304c19f627d391C0A4FF35397A8eb9768,0,0,0,0,1,0,1
0xACa4ED4BF5F8644B494814B1A29B7cb392B9F216,1,1,1,1,1,0,5
0xACf1222153e2B795Cc35c57C32edD8B8Eae86279,0,1,1,1,0,0,3
0xADE9E683Cfa84d4c47D74DE76AFe8c4d7042EB2b,1,0,1,0,0,0,2
0xADd3491C56D8607eeac793451Fc5Ae3a9C9F39f2,1,0,0,0,0,0,1
0xAa4699A20810fc83d8fFb7CCBF3b8e2e6Fe6E1eA,0,0,0,0,1,0,1
0xAaf44f900F6f8431530Ff591c110613d1bC8c876,0,0,0,0,1,0,1
0xAb5aCc4E241cE7D533B852AEF548ab867F589459,1,0,0,0,0,0,1
0xAb69Ec70B0Fe3A0C9F83ABBeB70F5dBfbf8D99fd,1,0,0,0,0,0,1
0xAc3b886FA5296f0C641151589F2B1fBd0B197fA7,0,1,1,1,1,0,4
0xAcd54246EDa0c5638a247C4717a8782c21497eb6,0,0,0,0,1,0,1
0xAcdb39B36AF8B5AF9394d46258FAdbAaC5da819C,1,1,1,1,1,0,5
0xAd13edE7Ecab3093cbe2c7326b223c9E1A659BD0,0,1,0,1,1,0,3
0xAd86372E42622BC2631C382BB3a711737986999d,1,0,1,1,0,0,3
0xAeAdc4DC6b1DB189fc4b2C53Cf09431DC86D1eC3,0,1,0,1,1,0,3
0xB00b36e3c3B81f4B243931e4cFF30D22715b314C,0,0,0,0,1,0,1
0xB024C97E187892CA5da51eA942f136F72635bF50,1,0,0,0,0,0,1
0xB066Fc78998dDE088662a31c99ee2C9196649989,0,0,0,0,1,0,1
0xB0c903C3Ed93D946be5FC536f33933E7CB14dbF1,1,1,0,1,1,0,4
0xB0fb231c58Ef465b720e8Bef705C0Cf0FB56572e,0,1,1,1,1,0,4
0xB191335AD10f4519a4a39f1548e7aC66D0666fB4,1,0,0,0,0,0,1
0xB1AC95A15aB91E6746DDf1c1735F8E524aad8D19,1,1,1,1,1,0,5
0xB24B961C30F5a4A0F599513c52b790c2b369d7e0,0,1,1,1,1,0,4
0xB37403945e54cF0b44A62fD661c55a79fC6809bF,0,1,0,1,1,0,3
0xB381dAEaa7b4e1252b153500DF5B04635614aeDa,0,1,1,1,1,0,4
0xB3941a45ED597f0fB270f8D8964d911a49d17cA3,0,0,0,0,1,0,1
0xB3CC09f18F9bea082829A3a92a338cC1E11d19FE,1,1,1,1,1,0,5
0xB3E06b37598120945acc982348cCA7bfd232D50d,0,1,1,1,1,0,4
0xB4c5efF3c5FA2E8c4D9B42c347AE8971D90E69a1,1,1,1,1,1,0,5
0xB57dA562B562CCE4E28C04d97a17561Ac220c071,0,1,1,1,1,0,4
0xB5BEaa46A022e84ED944E44124b59bA5BE2090A5,0,0,0,0,1,0,1
0xB5C9364e6BE9c9410Da6C5be314C566FE3821FF0,0,0,0,1,0,0,1
0xB5c4339A374A3B5CD533Ca0740fee6948BA26B44,0,1,1,1,1,0,4
0xB60587E4cCC75fe7F9686D353839dfea2B3587c1,0,1,1,1,1,0,4
0xB6951096D9CE08B7eef2B88BBa184b9569BE32e6,0,1,1,1,1,0,4
0xB6C3E1cddbcDC2E1758a7CC677749D3c6c811f8A,1,1,1,1,1,0,5
0xB6FeBe3D208f5E540108ACd84328b1E5A9C849dC,0,0,0,0,1,0,1
0xB6bd1b9b3e6e3512BB354789289f6d8FBc0F65BC,0,0,1,0,0,0,1
0xB6f42cE2f6c67429061FB3a62a7135F4CA4d048C,0,0,0,0,1,0,1
0xB6fe1d4bE26159715803Ec9929244D8B2c1cFE9C,0,0,1,1,1,0,3
0xB7429Faa58A22c65EfeBA03fC141FC8034c06477,1,0,0,0,1,0,2
0xB7e7b0bFF7e556d033675CaDdcb496f44eFaa14e,0,0,0,0,1,0,1
0xB823daf3c69098021D713f7905C5d83F7cc4B84b,1,1,1,0,0,0,3
0xB832e9106a79A86C3ee9903c4eAAb480bAbafc25,0,0,0,0,1,0,1
0xB87F7feAB8a9Db0be18e77F7ca96a0e517f2D379,0,1,1,1,1,0,4
0xB89d20fe34E5a198DB42842bC83e784F53ECd929,0,0,0,0,0,1,1
0xB8e1f0f1E0AaB629eC07aE9e4FA680B58732c643,1,0,1,1,1,0,4
0xB92812DC8381BA97A86ADB453B6c2eD63e353908,1,0,1,1,1,0,4
0xB95bF64c6326887265b0b8E19055F10B7477650F,0,0,1,1,1,0,3
0xB9B0499E2B2f0B1D4da74082Ef01c07559cA0204,1,0,0,0,0,0,1
0xB9c8Ee6101fdc3E250005378C5BA8A53F89068Da,0,1,0,1,1,0,3
0xBB38a74E3fB0Db27B363dbcA78c4E01e8dFbF81E,0,1,0,0,0,0,1
0xBB559e8a6b7CFEEF751c3A9e3Bb9Da708C23DB81,0,0,0,0,1,0,1
0xBBd39F262e044034b2d6Df7058030439F778a70e,0,1,1,0,1,0,3
0xBC227884BA2c5a11bE60b05699d256014638983b,0,0,1,0,0,0,1
0xBC3cA4E589868F8E820a500f6Ada8448b12538b1,0,0,0,1,0,0,1
0xBC6D606226130c45bE14BC1EEbcCF3a9DaF4b5Cf,0,1,0,1,1,0,3
0xBE74C7e1aB368f70531D20D7e404324E29bb89Ff,1,0,0,1,1,0,3
0xBEe68D5BbDd56FD814E59116F3E4b493A148A3c2,0,1,1,1,1,0,4
0xBF9019f39B478938df968D331C282b06F7B436BA,0,1,1,1,1,0,4
0xBa097d06D59945e166a748d928BdF63E040Dc58D,1,0,0,0,0,0,1
0xBaEC8411237eA70df4dCbC7525e4c92941BD2a47,0,0,0,0,1,0,1
0xBaf08e692F4289519F58aa030f3dad6b00D657B7,0,1,1,0,0,0,2
0xBc0cbDb5D40aa7c24906f5D0ccaDe1DF844f70AF,1,0,1,0,1,0,3
0xBc6674e0479912D6348A454Bf914070E77ed22d0,0,1,1,1,1,0,4
0xBc741cD9B39F8be9cE7e4bcfFa267DA29f1Aeba7,0,0,0,0,1,0,1
0xBd1312879b55C8B5b093f019fd91B60C11D50e71,0,0,0,0,1,0,1
0xBf6E23916383D73C5c07Ac2107a669Afb539e062,1,0,0,0,0,0,1
0xBf9DE01Ea317cDC84E6Cc63Fe621a2E30b9618d8,1,0,0,0,0,0,1
0xC06d834FB0cAd4C7A3aD1754E42F938A6DDbC2A1,1,0,1,1,1,0,4
0xC1000697E6fcD64bA12965f91B4a93C8EA9e1D3D,0,1,1,0,0,0,2
0xC14dFE49Ec9d5516aAe4bbf278d4fDCddb1B0FBB,0,0,0,1,1,0,2
0xC1a937A725583cA22353929C9C9ecDde3b0c70c2,0,1,1,1,1,0,4
0xC224cd7Ab43c5150Dfc60B153a433a43600107F2,0,0,0,0,1,0,1
0xC27F232e007590EEB991F997c51f5A0BF0cD3875,0,0,0,0,1,0,1
0xC2d118937292ed6614Cdef46ffE336E40731a7a8,1,0,1,1,0,0,3
0xC307bd49583E3D6615f947B65a7e56533245c2bD,0,1,1,1,1,0,4
0xC380223026E89491006F13489FBa169A9398E714,1,0,0,0,0,0,1
0xC3EE19826F13b3509c8fEDcC5576552c36dd74BC,1,1,0,1,1,0,4
0xC3d43f8E008ccFf959101b8d0d26562e84d2B204,0,0,0,0,1,0,1
0xC40dd2e85459e841021DD84F550645901aA337F9,0,0,0,1,1,0,2
0xC4907Fc03ba7B2Cf25Ca52b598C243b7479EDC87,0,1,0,1,1,0,3
0xC4Fe8bF0f9C8002f5f017b4e82fDcb950504bD7D,0,1,0,0,0,0,1
0xC529f8B3Ba2B9ffC16c00f108780E91E752D8567,0,0,0,0,1,0,1
0xC56766A430CB4C29Ab3219Cc5824cbEbe0156D0C,0,0,0,0,1,0,1
0xC8D9B774F920382e9b69900C9506e7126D3Ee899,0,0,1,0,0,0,1
0xC8ff3E12314729bD7A77d58dDAb01754e7Ed5b16,0,1,0,1,1,0,3
0xC98376f89847234B3017De8cd4dD9f2fC76404C0,0,0,0,1,1,0,2
0xC9a50F66a3da70009888c19EA1f3d76b8bCb3dD5,1,0,1,1,1,0,4
0xCA119907Cfd60C35E8EEDCf99B1dB01eF8c179AA,0,0,0,0,1,0,1
0xCA1bbb512759dE1bE41ab739151553AACFB5073C,0,0,0,0,1,0,1
0xCA248AfBcC09E474EcfbEe249bA89f90db32cb5a,1,0,0,0,0,0,1
0xCB6222f4Df04385ea08E8DA2A5871131FF5F6cBA,1,0,0,0,0,0,1
0xCBBa9Cd84d518762EDFe671eDa02F7f27b276Cf6,0,1,1,0,1,0,3
0xCBF9FD96c81823BF23E3e2F51CaBa189f29104f3,0,0,0,0,1,0,1
0xCBb54Eda2048b57d1b0Afb19a73948E9D58B6973,0,1,1,1,1,1,5
0xCC8348C8483323d535BD858863555d3ECa6c17A3,0,1,1,1,1,0,4
0xCCb00de45b277e2845639b01b8CbcBB873C84D3F,0,0,0,0,0,1,1
0xCD6C0b0CafADD13B6FF712E7d02E6071c0899461,0,0,0,0,0,1,1
0xCE557bB2EeB69162116E60472890503b9da8c5A6,0,0,0,0,1,0,1
0xCad1Ac64b730987d708a40B51e926Fd358E1688B,0,1,1,1,1,0,4
0xCb28bC0f95988E8A54BF6FF9C20d09b1A66cFC00,0,1,1,1,1,0,4
0xCb36F8580A36788A48518dEC95Ea458357E64E30,0,0,0,0,1,0,1
0xCb5B2CE184143606adc04E5b5F0CcaD82D71E522,1,0,1,1,0,0,3
0xCc2D9C1dcD635a4f224bB7A52d2C1e951cAddde7,0,1,0,1,1,0,3
0xCc5E030E92aBf89f16FD83351AEbd179571A9A7e,0,1,1,1,1,0,4
0xCcd5B873135D069389E588b44e068255aEC86Ab7,0,1,1,1,1,0,4
0xCd0A87c465F768CF17A59E8b85691810a368e68A,1,1,1,1,1,0,5
0xCe70d84FeaEd8CA7Fc6277317Ae247E59c2F8B40,1,0,0,0,0,0,1
0xCef87676b7dFD1538e8C0dA209Af820dd057374E,1,1,1,1,1,1,6
0xCf2b7c6Bc98bfE0D6138A25a3b6162B51F75e05d,1,0,0,0,0,0,1
0xCfCdF179C36Cc1fec04c5681E270fd5eEb4C5801,0,1,1,1,1,0,4
0xD00Dbbe03D11144177C609682b66073f62da9f89,0,0,0,0,1,0,1
0xD0120710986D99463488FD7e76b7B26D33ce66b2,0,1,1,1,1,0,4
0xD07926c7e5e6BBb56a57eDBA88D1a7343230730a,0,0,0,0,0,1,1
0xD07c2579A777ab27AA401B5A6ADbaA18266533d3,0,1,1,1,1,0,4
0xD0F55F7E6AC44C9121b655BE7a1E1c425D52106F,1,1,1,1,1,0,5
0xD125D2D8b1634eda60Aa610Bb86FcAF6D814b070,0,0,0,0,1,0,1
0xD147E4C3ec77D2895D41b08A8868996a49BA3D2E,0,1,0,1,1,0,3
0xD14e11eC83aeb082707B4DA3F880f22CF7A82841,0,1,1,1,1,0,4
0xD1527e69c5E88027eBD8dB48B24676A1C2a4e471,0,1,0,0,0,0,1
0xD1680489F8A290f99634300C5F21B49BaF00b6fE,1,1,0,0,0,0,2
0xD1BCa2820C402D58a71828d05B3c16Ac2aA8c589,0,1,1,1,1,0,4
0xD1F96f07402609742F75CF0199A3bD0501Dd5F85,0,1,1,0,1,0,3
0xD2876A4456C89a57fCE5098027Bc38BA562E2063,1,0,1,1,1,0,4
0xD2bb9E78bE2e313Bfe72D131aBc4D2f3978d253C,0,0,0,0,1,0,1
0xD37FB977f826e6C0049d7fC4fC2cD49e2c64A439,0,1,1,1,1,0,4
0xD38cd7340281dBcA93Cc21C108F646D8626a03aE,0,1,1,1,0,0,3
0xD4BE8e1a37C757bB93209B6e226BDECeD720b25B,1,1,1,1,1,0,5
0xD4aB40CDDdC10370C853d9DD645a899264d74eBe,0,0,0,1,1,0,2
0xD4ae93849BBA2CE1b6DaEb3C7C15138119F44a2C,1,0,1,0,0,0,2
0xD5942f353EeDe5F21fbFc57959226d0814220528,0,0,0,0,1,0,1
0xD5E0125F25Ce2f8C008388c250b1196B0d7A6d89,1,0,1,0,0,0,2
0xD5b6E0b031a33bAe8cEe25D0dbD587A49D47e395,0,1,0,0,0,0,1
0xD7454a20c6df478F057505D6F93b7E99a03175b7,0,0,0,0,1,1,2
0xD7972B7f3C94BbA5d0DCF78B5edfDfB94e62E20D,1,0,0,0,0,0,1
0xD7F02104BF96F9f9781dbC3df0D83617cc55eAdB,1,0,0,0,0,0,1
0xD83E8205A4691B57f9161Afa05d90465cbbb5Ff3,0,1,1,1,1,0,4
0xD86180Ef5A900e01ae85Da8a91c371eAF34D8Af3,0,0,1,0,0,0,1
0xD89d8C4247931dc0aE095Cd1A223420d68dA7247,0,0,1,1,1,0,3
0xD923dE646D3f0BB9Eb7f9169f259C79C3edE2188,1,1,1,1,1,0,5
0xD9953187FF2BEd5dd115F6321a75619a3d6DbEC4,0,1,0,0,0,0,1
0xD99ed378Cb155D070E29d680c6C32cb18f01D517,0,1,1,1,0,0,3
0xD9FF3d696874ED22aD6Eb0D46E8eaA39aEb84C94,0,1,1,1,1,0,4
0xD9d442e707Fb04ceBBe3024E5BfC5060bC28aD3c,0,1,0,1,1,0,3
0xDB8dEa26D08dC5dcB67F4A5E7A27a605e6F11069,1,0,0,0,0,0,1
0xDBC9C696Dafd0995F129c81EC7341AfCE6f54D88,0,1,1,1,1,0,4
0xDC097a7c7EefA2186aa1cB016aa18BA64a74c780,0,0,0,0,1,0,1
0xDC0E468201ca26137977AC3959f9F546A449d8c5,0,0,0,0,1,0,1
0xDC0b95515E0e97D31A4Dd1755bf692B7B448D6F6,0,0,0,0,1,0,1
0xDC2a82f1d03e6E6bBc9a05969c48122C274AAb82,0,1,0,1,1,0,3
0xDE89113685E95D13E8130Ee9F8eA3C85Aca44E8E,0,1,1,1,1,0,4
0xDF0Cd33d5ce53b920638D950fEaDC907B27C4A04,1,0,1,1,1,0,4
0xDFD75e363f1E6B138917aFCF1562EEBc17abB10E,0,0,0,0,1,0,1
0xDa31160A4Afc898C01a44f2f3b1B880b6356940D,0,0,0,0,1,0,1
0xDa370FFb09574d557eEfAd2F41bd4fd3A53F27a0,0,1,1,1,1,0,4
0xDa5423581127B4378f5035044155b071941B0cc0,0,1,0,1,1,0,3
0xDa85b72091828f7dD6b5091f9d90e2686F4c169e,0,0,0,0,1,0,1
0xDcd08c91590011F180d25623AB50D3b207d7D300,0,0,0,0,0,1,1
0xDd16f14AA9226E7ECC456f8b52427F92EB7B84ee,0,0,0,0,1,0,1
0xDd7e9fa3F9Fb2fEA4976ab56CE94845D44893e2E,0,1,0,1,0,0,2
0xDd84834B2A6B6916A1E26958E6a863a17395DCC7,0,0,0,0,1,0,1
0xDe7945f99f8dF3C03822c91656783699f0fFd7F8,0,0,1,1,1,0,3
0xDf377232B1EcE4feBb5d0241718D707bb1491616,0,0,0,0,1,0,1
0xDf61Fb3147892b8D6010836F77b1b25ccEEbA900,0,0,0,0,1,0,1
0xE0279B1532c9f5De97cc2Ce5f47F8B8A5761265F,0,1,1,1,1,0,4
0xE0779375eC7F26d34B005693119325d212899bD0,0,1,1,0,1,0,3
0xE0EaA12C606267527e270F8b7D88eC5F8F55b54b,0,0,0,0,1,0,1
0xE0b46898E65c32B9aB26C26e45dBd4bEbc1cb020,0,1,1,1,0,0,3
0xE2D435Be0c6A8380e55b6f7cb75a0b5E7D2565f9,0,0,1,1,1,0,3
0xE2f8d8eeaafA89a0d6aDd3A4d3C89e6E78D9821C,0,0,1,1,1,0,3
0xE359eFF26068b6134395857DF5AE61eC1a3b5560,0,0,1,0,0,0,1
0xE408D65d495c567aB246E7c90F11d15d96c1738D,1,0,1,1,1,0,4
0xE4a9B34921Ce86Bdde9CC2C4FD39ea4fA9D02856,0,1,1,1,0,0,3
0xE537E65598aC32d5f090C21A94c5E44Bf115c21C,0,1,1,1,1,0,4
0xE57F66a7E51eE994A6ccED1C5CFD67cac895e009,1,1,1,1,0,0,4
0xE5c74069f2c2938E5584FD8F57b1ADA5846f4769,1,0,0,0,0,0,1
0xE60C3013cefb4D3aCa6029abE55E5407f4e6aF3b,0,0,0,0,1,0,1
0xE6A78Da93D07d4c05ab4e49B24B7B336C73F6B0d,0,1,1,1,1,0,4
0xE6C8126C69B5f9D8A295b155C5D95dEd20255Fa4,1,0,0,0,0,0,1
0xE6f3ec86045A9d1Ee704ff2828aDCBDeCeA200BE,0,1,0,0,0,0,1
0xE7Ce23263c3F35b19BB09466F91A7b491A12e824,0,0,1,1,0,0,2
0xE7b2815Fb6A39fb6bb81c2ad72a2248F7517537C,0,0,1,0,0,0,1
0xE7d7c66709A13D0C542077Ffd2c63A8CF8C01B1b,0,0,0,1,0,0,1
0xE81A16554076790f756826c2b916a779D1aB4252,0,1,1,1,1,0,4
0xE84B0C2Ddb1c4C316CDBb1B7FA562ae0Fb87a529,0,0,0,0,1,0,1
0xE885fe3ec9c3B713d515812E3B47004e231B7aF7,0,0,0,0,1,0,1
0xE8995aeE06F518dE9865917ead8AA489D1034649,0,0,0,0,1,0,1
0xE8c7343d2FC8d3e2fde7691D97D883Fd3BBde125,0,1,1,1,1,0,4
0xE91c651005a75FC891Ed3C13d06A19073c1a1EA7,0,1,1,1,0,0,3
0xE954F4c5249C505876DEC5324754Ac91471Ecc36,1,1,1,1,1,0,5
0xE976c756678D307Ad0823E7166716Be988f13445,1,0,0,0,0,0,1
0xE97F557C7991ed5290234b3225254d12df62732d,0,0,0,0,1,0,1
0xE9AA9dA1D70196bCb20dF971e413a2D6e226917f,0,0,0,1,0,0,1
0xE9BB26cfd1A56Fb3342176f94CAF7E05F8F87D5a,1,0,0,0,0,0,1
0xE9a1697047d75976142F8b0fDdFe943E664423a1,0,1,0,0,0,0,1
0xE9c59798E49a039823d731eE64cbde7151271482,1,0,0,0,0,0,1
0xE9e71AA6c8639403E39755F6B0A3805d9Cb8d057,1,0,0,0,0,0,1
0xEA2069B6F5988263C20636cdadd86B72416141E0,0,0,0,1,0,0,1
0xEAfFbFaeEFa5449Ef8d5b911DD2f6a0446d9000c,0,1,1,1,1,0,4
0xEB29596e0765097C07372ea19f544749C07c9b1E,0,0,0,0,1,0,1
0xEBCd250474C27cBaD3C56f3F34e08F97b370AC2d,1,0,1,1,1,0,4
0xEC10351B427015783EbB4FB9f1614C0c6A4B3444,1,0,0,0,0,0,1
0xEC43d8E6433E1Bb63e2d03Bf5BC997F3bfe80Ccd,0,1,1,1,1,0,4
0xECeC63d08056F157350b2E28BA17D2F5C2a1d5Fd,0,1,1,1,1,0,4
0xED0342BB918e4a237C641f90df08F43F808947c5,0,1,1,1,1,0,4
0xED8CFe99546f171D0CCc8B48D0954A1f2DeEa0E1,0,1,1,1,1,0,4
0xEF3623a9599cB59F916d189346aE02486131A98C,1,1,1,1,0,0,4
0xEF87243Fe29c2453F87549e02982108a3B832952,1,0,1,1,1,0,4
0xEFE5D701c06b165aa5Bf33682386b08cF8af174B,0,0,0,0,1,0,1
0xEcF5fA0f6885A79c13458A6ef3c8583A074C9ABd,0,1,0,0,0,0,1
0xEd36bf0b2b17768E782Db2ece6A327055b2f3e9C,0,0,0,0,1,1,2
0xEd80D5A03e833D05BF190e116f22E5e447b8E39a,0,0,1,1,0,0,2
0xEeC62edc33489ca70964797e16A894cD649427B9,1,0,0,0,0,0,1
0xEef2C48947f9f6807cDd83455299481b3a76c967,0,0,0,0,1,0,1
0xEf6076cBbc5097717BEe9aA2A129824266a83D6F,0,1,1,1,1,0,4
0xEf69c8BE781F64157A491A382F0F036563B0260a,0,0,1,0,0,0,1
0xF0a89BDCbd4E8FB07Ff60e0b1230B4B5BD57ae07,1,0,1,1,1,0,4
0xF0dc9b0cDFAda96eeeC67B684B70d2c90A840170,0,0,0,0,1,0,1
0xF0f1f3b1805bd55C3daCF4Eb8611B5A4422a8bb9,1,1,0,1,1,0,4
0xF11F26468BcD592809095659f7cCD143D213f612,0,0,0,0,1,0,1
0xF14aF8a5a4343D660bE1D6706F719f62a4FcfDF3,1,1,1,1,1,0,5
0xF16853Ce3e32A4bB4d7C41b1eD0c6117746926A5,0,0,0,0,1,0,1
0xF18b36DeD7A3274177cd8bE5b044D03047647104,0,1,1,0,1,0,3
0xF1D7561FDaa52e9bc783F4bdF88eAd334afA2dCe,1,0,1,1,1,0,4
0xF1fa70f061fDD3021819Aa77deDBb7554652CEbA,1,0,1,1,1,0,4
0xF20bc48Ee0079c89F7aEE921390240d534Baf06A,0,1,1,1,0,0,3
0xF34e7a227B6bA749055dfA61F933a9F3621d786c,0,1,1,1,1,0,4
0xF37A1e05106bd964E5095B328D6Ac5629a1f6b54,1,1,0,1,1,0,4
0xF39F35f3eD43b2c2525c28ea17b7b6AaCAf1272a,1,1,0,1,1,1,5
0xF3A60FD05491731F6004a88CaA91f7f2dc01461B,0,0,0,0,1,0,1
0xF3a8ae48c5029Aab66F65BE26ECE0fF43BD1486f,0,0,1,1,1,0,3
0xF423f82AF87cA2d3F335Be1DafF376E3a431FCEd,0,0,0,0,1,0,1
0xF447B405fC7b41DDfeF3CF66EC790EaBd6b26A47,1,0,1,0,0,0,2
0xF4810d4F5F23D8e3cF9A65d5a588dedefBc71407,1,0,1,1,1,0,4
0xF4E57D7AC8670437428f67Ea8a0673833124A32e,1,0,1,1,1,0,4
0xF4a3E5d56dBB1187e779F4F6861cAAF48c58189f,0,0,0,0,1,0,1
0xF4b40B20572D117EAD7b5ca3C7eFf7d3CBdC4067,1,0,1,1,1,0,4
0xF4f846518e682d65B65f0552ce68aeaF6FD88a9b,0,1,0,1,1,0,3
0xF507d8235ec866CF78e5DA89e59BCf141346bEBE,0,1,1,1,1,0,4
0xF511470999e3F45550b886a3b483cDE0AD1B7201,1,1,0,1,1,0,4
0xF51AaB4Caa5d5DE2b9EBD58BB7f6e9b59e1460Ab,0,0,0,0,1,0,1
0xF53a1d42d43926aAa55788811D6F23bb204fBC83,1,0,0,0,0,0,1
0xF54EfA4F1E19C3451B44a3985e1Dce71cdA48c40,0,1,0,0,1,0,2
0xF58E8ef86c49556CE0bEFe9d4FE279362A230d2d,0,0,0,1,1,0,2
0xF69C6b97dcAde44d17e11B53895288B8236fab32,1,1,0,1,1,0,4
0xF6A1F53026dC95152269aB4fD5De04CbaffDb528,0,0,0,0,1,0,1
0xF7c79d5F3b77193AAfc74a5B0FF3f1dB18AE47b1,0,0,0,0,1,0,1
0xF7d2Ac96785156c7b76Fed90BD0cED72A259EFAA,0,1,1,1,1,0,4
0xF823F9D6f0E68E59B385B252d859782aD6BAdc72,0,0,0,0,1,0,1
0xF851CbaEc4C1FDe75b25EF1C2C14EE2C327134AB,1,1,1,1,1,0,5
0xF87Eb3A8457Ae4e42AACE1733FC321d9D1A10678,0,1,0,1,1,0,3
0xF88298974269b204B9f2C5712E282209512BEECe,0,1,0,1,1,0,3
0xF94eD8C51d55215155C94c8fAd0cD6b0Ef6B22c5,1,1,1,0,0,0,3
0xF9E77dbF70a63d799f9368d8E4EBbF5bCe298DEF,0,0,0,0,0,1,1
0xF9e022A6BcAC9a4e9717e460Dc4eB5CF1FbC018c,0,1,0,1,1,0,3
0xFA1E7B7113Cdca102df05B2aDC1122A3E99c624a,0,0,0,0,1,1,2
0xFA4f08c84F6e7a8175535479745317e85BfBC9A4,0,0,0,0,1,0,1
0xFA55ABa6163a00c74912642Ee695a5e5a3C753b8,0,0,0,0,0,1,1
0xFB21C293A49ee73b82aE9eD53BCc3670A5928412,0,0,0,0,1,0,1
0xFC07314df7dA17Fa9e8B1CB2B238B37C2038acd3,0,0,0,0,1,0,1
0xFC397502e11b8e08935Df2295eCB8A79D2122975,0,0,0,0,1,0,1
0xFCe600dB2b8de9a6b5AADee798170bc8e4D993c4,1,0,0,0,0,0,1
0xFD9Eb712D62d2660C23e68C625D53Cd551865271,0,0,0,0,1,0,1
0xFD9ca9E6BD8Dd7b1A2bF2E464696E8061c639290,1,0,0,0,0,0,1
0xFDD867CC29822F89194F0F9c089f9903183d5423,1,1,1,0,1,0,4
0xFE042b1Aeb471CFf2e1A6709E5682533D19CbCc7,1,0,0,0,0,0,1
0xFEA27F2D105B634206f1C2ead1B465Ef83F744ca,0,0,0,0,1,0,1
0xFEE0386D27Ad0d858B4e18b0aAe4CFaE0b711b95,0,0,0,0,1,0,1
0xFF141bFc450c57Ad84eBaFbD09ffa94A268a7aaE,1,1,1,1,1,0,5
0xFF4Bae48a145c44429cA93b6D1bC8E655fcb6055,1,0,0,0,0,0,1
0xFa5851723bBfE516015809D91d56b16511162E45,0,1,1,1,1,0,4
0xFaFD546d900D588C65a3656F807E5247352c8Ce8,0,1,1,1,1,0,4
0xFb469965eC425D5B83Da58dd75A3A77AC06eafa1,0,0,0,0,1,0,1
0xFc29552Ed5B83d5E72B2254d9597985a865F1dae,0,1,1,1,0,0,3
0xFd3147D6248890d43581Ab0A23A4B96C53D8bb14,0,1,1,1,1,0,4
0xFe5c89fA6a990fD3C5836A9daCC72755c9150973,0,1,1,1,1,0,4
0xFf9C66e6bB57437f893f4adadFDbB9B6D1d05b88,0,1,1,0,1,0,3
0xa0945653CE6100c2f9Ff67FDf7c68ada264ed048,0,0,0,0,1,0,1
0xa0b2b5087873b7D248987001b09da539d8baBB5b,0,1,0,0,0,0,1
0xa119cE46787299c5D79cFeCf65193415c68b0AF4,0,0,0,0,1,0,1
0xa19e63d134C75B39F69656fcC4CcD3540aAEC463,0,1,1,1,1,0,4
0xa1fF5A555c80D9e9A12887723a60F0982704ADE1,0,1,1,1,1,0,4
0xa288D4092254f3C8ba503675B3430B92D1B30F90,0,1,1,1,1,0,4
0xa29A4C2c06A92E962417C25c31931A42e05B6d66,0,1,1,1,1,0,4
0xa305B293e44A82f3Cd489b5fB26084647bb5D8ae,0,0,0,0,0,1,1
0xa31A6b79169C7d268d2D7461A8b65a0D6d522c58,0,0,0,0,1,0,1
0xa381B68752215c0704b971643c0c8AA9d8C31e53,0,1,1,1,0,0,3
0xa3FFdc72D8959D6C4C747E31877a7d9563dDC1B1,0,1,0,1,1,0,3
0xa3dF90Bf8E8183A74b537B27e3955BA7D8De199c,1,0,0,0,0,0,1
0xa3fa040e8D9d31529601435Adb8C18d13Ff84EB0,0,0,0,0,1,0,1
0xa41D87b153537a32cF0be9Db5Ae81E4cd48D5174,0,1,0,1,1,0,3
0xa465e30CaD80eF8F1109EA0A6C177749Cca73657,0,0,0,0,1,0,1
0xa53691012a1308F6A2383Ed3c534e152300a1951,1,0,0,0,0,0,1
0xa5CF6dFDb0076Bda220eBE49d5623f4E851183E0,0,0,0,0,1,0,1
0xa5F7A90bAD45094aa676f81D580D8B93284E8506,1,0,1,1,1,0,4
0xa5c021DC51Fe1CFCb69ba3b94e70994C5dF5F09B,0,0,0,0,1,0,1
0xa5f146cBd3eE13F482315dD0F873c2bFbBc5F2C4,0,0,1,1,1,1,4
0xa6498f1E08cCb9BCc688f6c386B4d24aD066b71D,0,1,0,0,0,0,1
0xa67BAAf22402640aFc50bb4FB698a40E8E500198,0,1,1,1,0,0,3
0xa74cB71969c6476eC42B6fc740D9CE2a496aFD5B,0,0,0,0,1,0,1
0xa758b893faaD655f6944277eb9ece3fE54820a78,0,1,1,1,1,0,4
0xa7Ab74309974C46269E90b001a9a8858172a97b0,0,0,1,1,1,0,3
0xa7e4e3283f64A3e3d5bD6d48B717D79c3C31FD9F,0,0,0,0,1,0,1
0xa7e999cFFE7E5c43Eb1c20Bac7c42b529F4f0031,1,0,1,1,1,0,4
0xa80B9CBA10e137CF1279128523A98430B0f30733,0,0,0,1,1,0,2
0xa89B015ef947919451051e512605B7af7065b26b,0,0,0,0,1,0,1
0xa927D352B97395Ad04f25E429af96D786d093D74,0,1,1,0,1,0,3
0xa94586fBB5B736a3f6AF31f84EEcc7677D2e7F84,0,0,0,1,1,0,2
0xa967D334468A4B9909692304DDAC1c7017ac5D68,1,1,0,1,1,0,4
0xa9f9eC2f274e09b679d59Ae672285b3Be8B63B08,1,0,1,1,1,0,4
0xaABEAb199E717C90e1608bFf914Dba33DdFfaB83,0,1,0,0,0,0,1
0xaAE2040f30725E3BA320dc4dE4a11e5979f21f13,0,1,0,0,0,0,1
0xaB6207e9445dC9647268473886999e03dCaD9dcB,0,0,0,0,1,0,1
0xaCd2acb55CFBDA29D771e0F2A99f4FDF50f67a3C,0,1,0,0,0,0,1
0xaD307ED55FefDFE515fC4abcDD2362739D8fB321,1,1,0,0,1,0,3
0xaE9711da497e468fB90b756B6ccD5511cF739F18,0,1,1,0,0,0,2
0xaEF1E5ab36D4f9F7227Fb216f0107F05CE2B1967,1,0,1,1,1,0,4
0xaEa797DCD9122Fc04549d226AA0CF830B0641309,0,0,0,0,1,0,1
0xaF2519792Caf949318a7ed676509646D38f42FDf,1,0,1,1,1,0,4
0xaFB852E4dEECf224775EBC4Fc7d18aCF3F9c141E,1,0,0,0,0,0,1
0xaab6Af0199FB92f0B62886cAae0F7B4aB46AE441,1,0,0,0,0,0,1
0xadc43075f2e45dAf2dfA5230fac6Ba6aF6283bde,1,0,1,1,1,0,4
0xaeB50a34ef2a4875b32c03f475bB3d4C6aa5f1E9,0,0,0,0,1,0,1
0xaebAea3A77E0Fa4784654b32C5d49370e742c93C,0,0,1,1,1,0,3
0xaf45524B83fAd0a9C21C4Bd3b19743151DAe7Cc1,0,0,0,0,1,0,1
0xafB9D639e85474539965a724b712d4265184B4c3,0,0,0,0,0,1,1
0xafEbd87824cfa8d68189ee9ef4c83b710151B9dd,0,0,0,0,1,0,1
0xaff4381cF4534d117C27B25BB538df208ffce70f,0,0,0,0,1,0,1
0xb007fE067b7CaCa64359828026E629a8e0bADc54,0,0,0,0,1,0,1
0xb0C0f73f84CE7355E755846C123f0a5848304B52,1,0,1,1,1,0,4
0xb0bf6F6Fd3C8bD194d94d39a41FcB99FdFfb5273,0,0,0,1,0,0,1
0xb16fD9113C315861b0E543c075400dA90451CfA6,1,0,1,1,1,0,4
0xb1a3EB48091fcfC4EdD53745d4afb1763F004B88,0,0,1,1,1,0,3
0xb22dFc8EB2F8C32E745e4BF6b9ca71c84C628ff5,1,0,0,1,0,0,2
0xb2F56965Aa68595283e1BD82ed0485DA627f9D8C,1,0,0,1,0,0,2
0xb2ffA393F0b4072081eB2738EB8340bF877BaE38,1,0,1,1,1,0,4
0xb304E0543056053468a203dE778CEae2276596aA,0,1,1,1,1,0,4
0xb328770fd5082937606405c00be767D6f7b4429D,0,1,0,1,1,0,3
0xb32d8181eb90D5F7cdE4d3da574f484F5EA17081,0,1,0,1,1,0,3
0xb342406BE801b69012a20bfaB49771Da2DCb4890,0,0,1,0,0,0,1
0xb3662165450188c938272A3D2Ee8C8790B8D9EC4,0,1,0,1,1,0,3
0xb39BF4d0a51FBe4525D34928425317B7cDaf63E9,0,1,1,1,1,0,4
0xb3B35dd2dd386BEa3fF58C10811f9022806d1062,0,1,0,0,0,0,1
0xb41ab83A4A2FB9DCDCb76eC525eDBFb9fb84938E,0,0,0,1,0,0,1
0xb4b15741a2152d1c8135bD947996B613A8cB584B,1,0,0,0,0,0,1
0xb53F5FE610cdc769Ffe2ebF8516BC371F633F0cc,0,1,1,1,0,0,3
0xb54D9A7130C506863630Cb9F88533189763c2231,0,1,0,1,1,0,3
0xb5d05aA14b1aE48F6f6c53a2F4B25198C9028BFF,0,0,0,0,1,0,1
0xb613703Bb54502daCF4A7dDE024998fc87D80F7b,0,0,0,0,1,0,1
0xb6571356D810c8aCbB0F2Cf647AF9D8dABb6E563,0,1,1,0,1,0,3
0xb6978593Ae43B8529609119E30FF8301a440CF4b,0,0,0,0,0,1,1
0xb6F4AE08901cEB98eb6535e4A1f12eCB14359b79,0,0,0,0,1,0,1
0xb6d990Bb31249C54cCfdA7F69E9DEf9DC0084Fb7,0,1,0,1,1,0,3
0xb7a322b62994033f3C6CF816d31ec66B4D4AAbc9,1,0,1,1,1,1,5
0xb7bD544ed9126f7B634F360c12cC994a4F228932,0,0,1,0,0,0,1
0xb7eba91e21325d16eAe515948990fbE69e8Cd181,0,1,1,1,1,0,4
0xb84FFca721f91422E999840486681AD53B2c63f8,0,1,1,0,0,0,2
0xb866B4Fa6AE8235E477Df57aD54EEff2E0F4050b,1,0,0,0,0,0,1
0xb94acf744205c8c3316aDac4F98AEA826Aca4A06,0,1,1,1,1,0,4
0xb967688619d045B4feb7134ab9A72E66Bb900F11,1,0,1,1,1,0,4
0xbA8421340396eb6D6bE19E8B4715Ae68e34eC161,0,0,0,0,1,0,1
0xbAa8C022189fE94c0F6b07b8bf84DD24A10BAED1,0,1,0,0,0,0,1
0xbB3c5Fab9dd8bA30ff4631951F4E6AeC72Bc9441,0,1,1,1,1,0,4
0xbBA58B57dA6c6A89aA64Fc0D534Db505366dc5b9,1,1,1,1,1,0,5
0xbC48F1292feC3054a69f070b96B3c01C4532BA3d,0,0,0,0,0,1,1
0xbC8Fa485caAF8e4bEbE2A2540eFE29731835DB67,1,0,1,1,1,0,4
0xbCD4D31ACb7a8F3b4bcDB54451Cc0696CBfaFA71,0,0,0,0,1,0,1
0xbD4359A4d2d4AFd7f4a8ec2f40267174bA11D3b2,0,1,1,1,1,0,4
0xbDC4D6B899a15adb49a8dA53da826691121Ce9B3,0,1,1,0,1,0,3
0xbF530634f854038ba3Cf8Ed3a0f9F1c5D78DA3C1,1,0,1,1,1,1,5
0xbF77B8a74Db0844032cFfB3EEB487FC500765C4e,1,1,1,1,1,0,5
0xbFE0b47D3155D85318aEcdeF21caA8Adf80e88Dc,0,0,1,0,0,0,1
0xba06deFe02D820e5F04694e808A1e52254BD711C,0,0,0,1,0,0,1
0xbb260C837bb8C5Ef4F14F51E863cB4C9028831E7,0,0,0,0,0,1,1
0xbbc91096961EDD3659D136f8ab3cb8C35b6a88F6,1,1,1,1,1,0,5
0xbc912D3Aba35cCB2c6c7ac0D445B9f3E866ADb41,0,1,0,1,1,0,3
0xbcdC293d178eE365f2a367019FA125688b9b0631,0,1,0,1,1,0,3
0xc026f7276aC6AA05CB387c53b5F0386153d39127,0,1,1,1,1,0,4
0xc0312713073955f769FD19C4766806c13C9BEFE9,0,0,0,0,1,0,1
0xc047AC8BF1aa561b2385d39E129Aad4c27ea9237,0,0,1,1,1,0,3
0xc05792eeb89e190DbDC0Dd470DBA8f0052bcF84b,0,1,1,1,1,0,4
0xc070f43A770c6435AE5C587D27b7c53641D645C6,0,0,0,0,1,0,1
0xc0A26b567430e1B4708a26677C07B04e94E37A8c,0,1,1,0,0,0,2
0xc10E17D377Bf94215Dc0783b04ae7DFeC07CfF48,0,1,1,0,0,0,2
0xc1b1414E0d663eFb312635107af706EA232b3e79,0,1,1,1,1,0,4
0xc1bc64efc56D7dBe2116c93d7CB7AA751c6E1a33,0,0,1,1,1,0,3
0xc1c3018FAd6346426bC3E60197158d6fcEa1a0e9,0,0,1,1,1,0,3
0xc2090A0910C0f2eD6C9ECDEf95C6a381C431c01f,1,0,0,1,1,0,3
0xc20d20efDe088571f0ca4De890252BE17a16d04d,0,0,0,0,1,0,1
0xc238AfA4768e150B35469142Da3dd273622a132a,0,0,0,0,1,0,1
0xc2421b188db69C3C6a7e9BD40661b4b96cEe781c,1,0,1,1,1,0,4
0xc2703ea9da719578d5627f2D7E5B471E9281A268,0,1,0,0,0,0,1
0xc28f5789399f41aB981Db01855964A9543479183,0,1,0,1,1,0,3
0xc2dc957492AfB53e109f86Eb6E9A8bF91eFf3bDB,0,0,0,1,0,0,1
0xc306904fb96508Dbc19D72CaA58ACC214b922f5b,0,1,0,1,1,0,3
0xc36315c5c42Bbc57eF6d9b1fefa800C689fB75dE,1,0,0,1,0,0,2
0xc3A6E2b72EE8478A85593Bfe86fCd612855BeAe2,0,1,1,1,0,0,3
0xc3CF2BFE223E0003aeA138F79b6c0b256eF3a3B8,0,0,0,0,1,0,1
0xc3aC954373f045e3E1F5a14BF53A96343Bce08bd,0,0,0,0,1,0,1
0xc47E19c031C8D6C17f9408bD7fDc4233F8038C23,0,0,0,1,0,0,1
0xc4Aa498De47b3591fd889A349dA1D4aD87D0ef19,0,0,0,0,1,0,1
0xc4DA6319585Ff59912013338108ca895e48Ac733,1,0,1,1,1,1,5
0xc4FEf828EbA82B18406930415Db3996F6783d2a1,0,1,1,0,0,0,2
0xc4ba929015d42a58c4Dc29C63847d7a81D6284d3,0,1,0,0,1,0,2
0xc55e6FC458d8a3db230b47eF9bB1475a46F0a8f6,0,0,0,0,1,0,1
0xc57cFD16526aBB402b9cc82a423ff79aC691A66c,1,1,1,0,0,0,3
0xc5B4270A15FF0449dCA9E879b54A467Ae8f0ba00,0,0,0,0,1,0,1
0xc61820b0354c5798376b4093E18d77A03C3cE092,0,1,0,0,0,0,1
0xc634D3da0564B30e5f79d37EC8C74baBAbc0f027,0,0,0,1,0,0,1
0xc67256Ca58fF27b5f3D51b309ED248a35a202f6d,0,1,1,1,1,0,4
0xc6780877Ed6aBCF69930E76Bb1E133De153f372F,0,1,1,1,0,0,3
0xc6F38CA3B9F12a7C9B17c6d8E832779adC4F548D,0,1,1,1,1,0,4
0xc6F6Ad6467b2dc529b4d5F04a02E9FEEd0d4621a,0,1,1,1,1,0,4
0xc6d1cAB8aa6c6099a4dD7352EBD4B25521F6C79C,1,0,1,1,0,0,3
0xc716045A5cE81FDf4E40515713062d91c6619ADd,0,1,1,1,1,0,4
0xc80b9E9FEC9721960fFA5e5fE741d1f072ff500C,0,0,0,0,1,0,1
0xc8770353DB65e0e106f55C1e244407fA44dcDd7D,0,1,1,1,1,0,4
0xc8D849C2E91bCb504C5b1EA90A93633d6B71924F,0,1,0,1,1,0,3
0xc960517deE7a3FC8b1F28481fd82756023D3470D,0,1,1,1,1,0,4
0xc976695a56187cDA775775307194688908B00A4A,0,1,0,1,1,0,3
0xcAe9CAE4CeAb6B5671df5cd558060eb2e887DDa2,0,1,0,0,0,0,1
0xcB099C6f758259BB859a8EfeDC7E013B3b1ED09D,1,0,1,1,1,0,4
0xcB0CC154f790c99B2E5e5B21182b37841b61d254,0,1,1,1,1,0,4
0xcB15649D7B7a1eb01fb1ACD14809de6cF82Aa1A0,0,0,1,1,1,1,4
0xcBABb3d40b4BFd4A707377A5D33566aE816607D5,0,0,1,1,0,0,2
0xcC4Cf561Ff49Ec0B8529aa745C6225123dc8B499,0,1,1,1,1,0,4
0xcCA02C00Ba4A580eB3EBfa20A317CdC17Caed4D5,0,0,0,0,1,0,1
0xcCe9dB166a4AeCDcA70e115Fd30f111a979AA4A5,0,0,0,0,1,0,1
0xcD3E642d0436e69B25073ADb46bCB48E8Abf6d88,1,0,1,0,1,0,3
0xcD4f8fbB5d15587CE7f9e571dd2EE70EDb4fC5EC,0,0,0,0,1,0,1
0xcE0aDE54D2e771a7C6375dd51021af7d936D5CEF,0,0,0,0,1,0,1
0xcEC96fed4B9866fb3C0CaeB5a9C52Ebc693f8e53,1,0,0,0,0,0,1
0xcF0379Baf3842e0288ED1e07A4A9730c2d6b9e0c,0,0,0,0,1,0,1
0xcFE64752F207D6Dacea2F5D0d414bCB6112eC066,0,1,0,1,1,0,3
0xcFa1Bf8CA39A89B6c0E9AFF55454B20e589c0dA0,1,1,1,1,1,0,5
0xca490E9aB7db457f9D0A5c13191D3e58Da25cA75,0,1,1,0,1,0,3
0xcb3b366cEd5aB2170D2Ac72a5A97c4747e9186D8,1,0,1,1,1,0,4
0xcbBb123936D627d91e9b41455B4eC9715B433333,0,1,1,1,0,0,3
0xcbC90bbd6FdA073D074a04226Da49236ecA38e0f,1,1,1,1,1,0,5
0xcc9dA18732cb2Ecb9dda1a5b7864f7f15042C1b9,0,1,1,1,1,0,4
0xcd7f075c89d767290705941cab733b7cE4947d7a,0,1,0,1,0,0,2
0xcdE88B400aDEe9D6ca95B198EdBfcf13C662e611,0,1,1,1,0,0,3
0xd011e3875e3D0229b0E186E64295aa47994c40d1,0,1,1,1,1,0,4
0xd01E61E3f833979bc91249ee2785868f70DA358A,1,0,0,0,0,0,1
0xd089B08495061326154AF7206E1Ea7a7137510Bf,0,1,1,0,1,0,3
0xd08Da3621A547d7D7Cb07425e6AA6679C566e40F,0,0,0,0,0,1,1
0xd146FC17870AeC9E093506304a8C066E9973edfE,0,1,1,1,1,0,4
0xd165fD351d18Aa303732F289832E567b9EAE0D39,0,0,0,0,1,0,1
0xd17c9f8432f057031eA2705902C36729a7E3c66a,0,1,0,0,0,0,1
0xd1a5b91957530E1B3e9cfac1543467C60c352F69,1,1,1,1,1,1,6
0xd2e27021eB2F14A2CCcFa786bb8332E93fd7571d,1,0,1,0,0,0,2
0xd2e44E40B5FB960A8A74dD7B9D6b7f14B805b50d,1,0,0,1,1,0,3
0xd2fC0B61773c9f3a984E3354819D91D9fb2df5Bf,0,0,0,0,1,0,1
0xd3932209fd8a5011931334ac99b8c6D526E035b0,0,0,1,1,1,0,3
0xd39785493E981ff6dbB7a8959E468A08541A41F0,1,1,1,1,0,0,4
0xd3C77FFfd65058FD6eD09d0DFB38b7162BEF772a,0,0,0,0,1,0,1
0xd3De8AC3a69b758418130F04EA289Ad20Ba59d48,0,0,0,0,0,1,1
0xd4aFC7f0c3DdcBE0460956a2920c6a0B3520aA36,1,0,0,0,0,0,1
0xd4bb9bD38319E396C5A1B7B5d3DfB0CC871a6579,1,0,1,1,0,0,3
0xd553Fe129584198F36DcF6e54Cd3176Af2d5BE0b,1,1,1,1,1,0,5
0xd58c85A05fD5b917cFcBACb859234866cd0662f4,0,0,0,0,1,0,1
0xd671422bdDC48942f8C1F8f5C8662Efb6aB0afF4,1,0,0,0,0,0,1
0xd70F8d026250e343072cF08C0d8133d98170f615,0,1,1,1,1,0,4
0xd7ba417C30d5e07Bb677b3A365591de3C87B920B,0,0,0,0,1,0,1
0xd7d9116ECcC83acc8b07dD3231745b917db1265a,0,0,0,0,1,0,1
0xd87d331aD1080eC64Ed342CcCF9a2a37d3DBC722,1,0,1,1,1,0,4
0xd8aAa186db7214926cdD4C8aB5Ef1d919913402F,0,0,1,1,0,0,2
0xd912F5fa792a61b9a1cE13969d084d44EA63aD30,0,1,0,0,1,0,2
0xd9433fEB77953cF723f672b1E1dAf228AA3F55ae,0,0,1,1,1,0,3
0xd9cf6912c1ae6626F83f28D2549Fd35c04ebc8bE,1,0,1,1,1,0,4
0xdAE80D5547F5B9431829eFeb2f654C17FD270b41,1,0,1,1,1,0,4
0xdB0AAe3B58Bbc6aEb9C2eD96266AB95cDe1b1EF2,0,1,1,0,1,0,3
0xdBaBaf9d5a1a51615980510dc48160A629C88b8f,1,0,1,1,1,0,4
0xdC06D8EaA3dC6C68a447849EDF0897E469386E67,0,0,0,0,1,0,1
0xdD0E8bc42f6126D0D2585b4Bf07692D9B172Fc77,1,0,1,1,1,0,4
0xdEFf8642e3F821EC39B8A53F7162DE7f04E558d2,1,0,0,0,0,0,1
0xdEcA951FD4dE77F1Aa4e36D7dE549Eee48070427,0,1,1,0,1,0,3
0xdFa8E3a0F2096eC0F3DCed725Fa703072922323D,0,1,0,0,0,0,1
0xda3b62C6f1611894e578c908EC90Ec2765872088,0,0,1,1,1,0,3
0xdb939c4fB6C138AF13A034028667359f1B8e74fc,0,0,0,0,1,0,1
0xdc11cA422d5B30726a0E0B88dF060dCDD2524F09,0,0,0,0,1,0,1
0xdd89316929A975D7F65507BD3Cb4DD2f724ef07c,0,0,0,0,0,1,1
0xdeC87Bd36d5e110110705A998AE44a6C33c3eF8D,0,0,0,1,0,0,1
0xdf34CDf9CD7F02364A0aa80a151293d327223ddd,0,0,0,0,1,0,1
0xdfc0dDf4a51fCf802C78B861D77B0E5E36552Ca0,1,0,0,0,0,0,1
0xe077317C204bc995D556d9376F1adf048b512729,0,0,0,0,1,0,1
0xe0f1766c2A8597B66eED94cCe9A79122D97521Be,0,0,0,0,1,0,1
0xe13aC87C5Eaf5A43a9aD2C20f84a4C84f3642373,0,0,0,0,1,0,1
0xe1830927C5E493E8215e0592aff9EEff1C678348,1,1,0,0,0,0,2
0xe1F7E15F3baFE9e2b999bA0758a5238De25113C0,0,1,1,0,1,0,3
0xe28a7B02CeC2CB86C8BDbEA239E68F4cDbCb2619,0,0,0,0,1,0,1
0xe2Ff710748F20E2d1C6D280e7FFdf4e98b50b8C3,0,0,0,0,1,0,1
0xe38D5840A51F7dA315b085BAcf144969A8006E72,0,0,1,1,1,0,3
0xe3D871d389BF78c091E29deCe83200E9d6B2B0C2,1,0,1,1,1,0,4
0xe3cc107321AB70cbd43CB2da37Ea4E46755C43cB,0,1,1,1,1,1,5
0xe40bBd3CD595b1B834719c3E113ea64bBAc20052,1,1,0,1,0,0,3
0xe5A6DF02bA73FBE067f74353d6E92078785f38ed,0,1,1,1,1,0,4
0xe5D71dDF0dD88F2D7eEcFE0A962f3DfE7023CF5C,0,0,1,1,1,0,3
0xe5b0f31b041E7730c3f8AEf407B0B4C0633EE4eE,1,0,1,1,1,1,5
0xe6cDda2373B1412ED990003532eCD04dfE49E9EC,0,0,1,1,0,0,2
0xe72eCfB5541E3fDA954dC75cE110F5Fe97fFe5F6,0,0,0,0,1,0,1
0xe7745349BD9F159f284705B71A265C2b3ceC7829,0,1,1,1,1,0,4
0xe7Bb57763020d3fADbD915Fb14b723F1811f6EF0,0,1,0,0,1,0,2
0xe7aDb29f87B09a60B53e9ab452DCFAB68df14AAc,1,1,1,1,1,0,5
0xe7ce7E18ff2EbEA17Ff648648c52f81acE9F7c70,1,0,0,0,0,0,1
0xe854E410fD76aba8Ef411724a4624E176aa5408e,0,1,0,1,1,0,3
0xe876658F26C160bEc8916E846c01BD46d392E001,0,0,0,0,1,0,1
0xe8A8b38E7733476dcd470E9Fa5eAe1fc3d4a2216,0,1,0,0,1,0,2
0xe8Cf545F7fCe035EF4719EaA8E07a96FD5349465,0,0,1,0,0,0,1
0xe8f194d5e1f59226C6f77028e82AB5564213F946,1,0,0,0,0,0,1
0xe94f4179FA923d2800cA24Eb47870150980c3314,0,0,1,1,1,0,3
0xe97C8CD528b9382abc7d504FDF55A559B4b1CE51,0,0,0,0,1,0,1
0xeA697F0E2d66d4B94DCb3da06BED0b8E62d199D6,1,0,1,0,0,0,2
0xeC5897C5466558Cef257401a92568B543aF6a864,1,0,0,0,0,0,1
0xeb90d9851be54C32c9d654643b16AbEE203BDBA7,0,1,1,1,1,0,4
0xebC5f2f4EA4Cc2D33E457350EdD017733d8522C7,0,0,0,0,1,0,1
0xebd13670628Bd8439De886D538B21bC17CfBc398,0,0,1,1,1,0,3
0xec1f7C4383C403694a98aDAF86c828c70efED4a7,0,0,0,0,1,0,1
0xed22f2a105E66EffC45579D242B7e409CeAcA240,0,1,1,1,1,0,4
0xed9F5fDbbe6B9ceA3791B0E469271db4a8A6Fcc2,0,1,1,1,1,0,4
0xedAD84802f46951b0d32AE3E00B18445FD0dbfE5,0,0,0,0,1,1,2
0xedC4F833E05feB31861f7aB2Cbaa18C5a3894fE6,0,0,1,1,1,0,3
0xee7031799FB3d362C729a04DE80d6df6d71539aa,0,0,0,0,1,0,1
0xef019F1905b3Cbe5B7A8DB4C4bAb2020471a2346,0,0,1,1,1,0,3
0xef4b1180961a50807c6E1ead073aBe3e26C183c2,0,0,0,0,1,0,1
0xf01Dd015Bc442d872275A79b9caE84A6ff9B2A27,1,1,1,1,1,0,5
0xf03fF8d14D57ffBB136F00172fCD3E9aD76c5fd8,0,0,0,0,1,0,1
0xf08006e55393c5123D6f11347CE0F8E6C6F9F021,0,0,0,0,1,0,1
0xf08Fc22abc7a83018631A0d2247b8c9cE0c0EF9c,1,0,0,0,0,0,1
0xf1b622Da801ee602E3FfEE5262108Dd2b9149E88,0,1,1,1,1,0,4
0xf1ba97C2AeF43627B5398f03E3416B200b5a49D2,1,1,1,1,0,0,4
0xf20A9d6e7125376a3a0015306aA61109eFC70832,0,1,0,0,0,0,1
0xf2DC787F600e1180bea8319A9CDb579F4a7D084e,1,1,0,0,1,0,3
0xf3284a18B5BaaFcFFe6E0635F5452F7f5a2A7dA4,1,0,1,0,0,0,2
0xf330Db6A0aA6489C5E05246EC0CEcB84d6002C28,0,0,0,1,0,0,1
0xf356269d9Da0fB940FdE1CE06bFa5b588d793D92,1,0,1,1,1,0,4
0xf390B67f0E6D5Cd1006bc5427eA0cDDbabaaBF84,0,0,0,0,1,0,1
0xf401Bd1cfa8Db087e04B901A0f84d407050Ddb8d,0,1,1,1,1,0,4
0xf419A4eB16146053A5311Df4727662EC98B3d58C,0,1,1,1,1,0,4
0xf46d36A35eCA074DAC347baB4F70D969E8Cbce59,1,0,1,1,1,0,4
0xf4E01905024D93f8c74CDeA51daf186F0876007B,0,0,0,0,1,0,1
0xf4bD058B86946dff0A6EF2a2977Ee4C40EFe8756,0,1,1,1,1,0,4
0xf4e7E6B600286fFba8154F5125420A0F78DB835d,1,0,0,0,0,0,1
0xf4f3145e7936cCf92a3167887f82fCbE128060a2,0,1,1,1,0,0,3
0xf5127A1D99B49027F61dCF56148a26EE5E7a42E5,0,1,1,1,1,0,4
0xf581CA238079ca967A78d28D63317aA835070726,0,1,1,1,0,0,3
0xf60aF0648fEFf8B67523eF997d8adFaBF4a9681D,0,0,0,0,1,0,1
0xf64eDB06673EB5be70953BD1ab473b5143B08302,1,0,1,1,1,0,4
0xf704d714eC68a378dfE0C24825932B9Dd38d1CCC,0,0,0,0,1,0,1
0xf7Ea93Bf0C74138Eda5c90e7cf6844c4bC786D3A,0,1,1,1,1,0,4
0xf7c6a011CCB9274876c1787e7bdA7Db3de4A2d1f,1,0,1,1,1,0,4
0xf838055D17759a9Ba621F9BB9160E76A0Ed3e279,0,0,0,0,1,0,1
0xf845A40a01763ba1b83462BEeCee331bc4653ED1,0,1,1,1,1,0,4
0xf87122C5713868aadE0F4c2F95ec7abBdF899217,0,1,0,0,1,0,2
0xf8D2eE42F97BD190B6c686D50Aa7d02D56Df167f,0,0,0,0,1,0,1
0xf9Bf898bF2f41Ade970D9fF718d6027a217c491c,1,0,0,0,0,0,1
0xf9E3fd576F6BEC76B0892827b4E491D5fC0875aE,0,0,0,0,1,0,1
0xf9fC307dcf585aA21dBBfc818d91cD13D0DAC282,0,0,0,0,1,0,1
0xfB35c4133bEE4EA46D8fa0693ED89165FAc8688F,0,1,1,1,1,0,4
0xfC04Fe45E0F1D06F1658faf1b3A29ebA37488b1a,1,0,1,1,1,0,4
0xfD308dfDB978b8eD3675A90394040C5B44989E8c,0,1,1,1,0,0,3
0xfD78195f247794f7935E42E11B4734753584528c,0,1,1,1,1,0,4
0xfDEcAcbE43b894D5eb25C7FA5BC705ad1D91fc2a,0,0,0,1,0,0,1
0xfDf951F2a35f0202ae627D3f3f2F17886Ae067BE,0,0,1,1,0,0,2
0xfc066c7e23148b2f2b1bcfE83AB7160D986Ca43F,0,1,1,1,1,0,4
0xfc7605AAfE26B64EA7e65BF26e2CDE327CB9E064,1,0,1,0,0,0,2
0xfcC0e9884e444b79874e0275724Fbf49f3060Ef8,0,0,0,0,1,0,1
0xfe074e3A6001192587b7d558815EcbfC03ed842a,0,0,0,0,1,0,1
0xfeAF7c4935dB62523f754E7821cF625ED54651b9,0,0,0,0,1,0,1
0xff4A6530B8B877Bfd9FA3fAa9da23B663B9c52B4,1,1,1,1,1,0,5
