0xDBC9C696Dafd0995F129c81EC7341AfCE6f54D88,5
0xd7DC3De042153778f7eC91732a2a8d2cBAf848F8,5
0xc4DA6319585Ff59912013338108ca895e48Ac733,5
0x209e39cEEdAaB165fB41E3c29BF3123be9e3d196,5
0xcFa1Bf8CA39A89B6c0E9AFF55454B20e589c0dA0,5
0x1604EfA11c5b7392BFd161f6194EB7d636e01C31,5
0xa553ef3500AB2d02A36a3a3C216999EcF7FB6B98,5
0x525132158d6966AD6BA7b729295a73616a8A06a8,5
0x84c9c7dc5091AD2cd6a196Cd86581D3A71D551fA,5
0xd1a5b91957530E1B3e9cfac1543467C60c352F69,5
0xf66d4094d0c66fC43494B453008f6853b4A45c89,5
0x3cF4D506A15e62F4eb8FdC823772cCD40a8D2E41,5
0x85EE7B2f099578e4d4a4358A60dee344D02b2F38,5
0x8477997B959b4f9C49146F1364Ce789FD0DE5EAb,5
0x1D54eE6c2e15B168F35a578Ca2BCf49F6A46c473,5
0x25A04Bc7379FAAbc0bE0421DA74191ea51713c8c,5
0x54cF78C31739B97F87381b19937d13F04DC9819f,5
0x83eE33564EA39Cc2152baD87F1D0d464D07FA3aB,5
0x7b56efC5039eaC595a175712F34344a7Ee105d1D,5
0xba06deFe02D820e5F04694e808A1e52254BD711C,5
0x69E20D17FdC2ED47395073C47DCBAD51e5b42126,5
0xd930CCafDbD00582D271F8c70Eb7a6ED9aE59ab6,5
0xA2c0905a8a1E66CC1633D2031ee21B18D4A42fA6,5
0xCA248AfBcC09E474EcfbEe249bA89f90db32cb5a,5
0xa462ed0E51c163D73d99d26ABa5a6C4b9Fb76108,5
0x78b8A76BEa31733777556033e2a116df66C4C41C,5
0x059F825206540feE5b529091c594a8809B0cF218,5
0x0413B621da3adD63B35a88f9C7abE1521DCE587a,5
0xB772ad4d6F1AcCfd91BEF9b7775ad1599BD51678,5
0xCAB7beF82f2A10E70AA39B51883C37ebE55Ba2d0,5
0x3a79822d218D9ab9fd4E5c4c992665F0206bA84f,5
0xF11a99EFE2453fAE8C26B81093428c2C9A786925,5
0x9C01672bCA7C85b7D0422B8cf93A1D4794DbF08A,5
0x88D0B1b3Ad75fe4f03FA30F8647653bb89c086D3,5
0x4c1A6E8Bdf2305949e0990ff2A34304a13a5E807,5
0x90EB7213Cb30Cb671f1057746d8139C5dcf9B6d1,5
0x38afAEdb78E2A0018860b06FE231292184CA14c3,5
0x86c16F44BC75851a9E2E16e28366aDD78169fEA9,5
0xF4b40B20572D117EAD7b5ca3C7eFf7d3CBdC4067,5
0x642a2deCc241887927B3bE5a3a4f857f0b877ccF,5
0x79185F6983859C1bc0c92713059eb6afAfc23168,5
0x39E9d92CFB2E39D71641EF67673fbeA4593b1318,5
0x2117085E7e4eE35825A9C71bbE46AAd8c01789f3,5
0xAB277F0ADdAbADa86A1222D125d80753216cAAD1,5
0xFED1b842a85B9F8402f716B24C2fB28A5BA42ebc,5
0x30b33e450735Eb5A617C2a4B5C66323079730532,5
0x3fAcaCE626D23515ef2f76D4b5F5f4d2a55AbdCA,5
0xbF77B8a74Db0844032cFfB3EEB487FC500765C4e,5
0x3e2f18E12fa3DE657CE80e603eBD120443D77523,5
0x8C58C739cc456091C0D1CeE900988059b32F4b19,5
0xed641737351A56b75C6C7da7f5AcB2eaBF11Bd36,5
0x82c5B52CCEfC6e2fC0a03871B70d9f0fbDa46d07,5
0x99FDd2a67ba5eC9fb98f451F0e88d0fbEc1eE121,5
0x20313BF6f3071fAe1F44E23f1aED6950030BD1Db,5
0xCef87676b7dFD1538e8C0dA209Af820dd057374E,5
0x9E6FD664132522Ce3ae5dB73724d7cc5f0193e7e,5
0x533230eD2657e7eBA5AE94520fe78955a6548238,5
0xB024C97E187892CA5da51eA942f136F72635bF50,5
0xCd0A87c465F768CF17A59E8b85691810a368e68A,5
0x5f20a0eE72Cab0162479874316fE6c199a0D5b67,5
0xe0b9280C599c9dEED1F81B121cf4aB6C995d5556,5
0x431AE3dAa822837C8fDAf0119D6d3A2BAc9cCD36,5
0x2F2F665974261C4129b1DC6c359BD259CD66f78A,5
0x8353a3190b99CBd2a04D140ECC294098975e002F,5
0x48B6af1CcE25922AA9E793352fC08f9AbDd2eF57,5
0x84B4fC4818b865CAe1Bc241EbfcC930D9bdDeE02,5
0x16ac527d938c36Caec5A6b0665ef7b456C22f7D2,5
0x9427Aae0cB493141bdc7082CD421DCC5978B3Ee8,5
0xf4e7E6B600286fFba8154F5125420A0F78DB835d,5
0xAb5aCc4E241cE7D533B852AEF548ab867F589459,5
0xd553Fe129584198F36DcF6e54Cd3176Af2d5BE0b,5
0x43D891C1b4118B709f3d63E9fC47daAA92E1112E,5
0x8974B25505Fbcf5A8c1Af1E19D61B56409F3bdeF,5
0xB9Dac5C3965e5C582faDdE3B383622747b22E1Ae,5
0xd4aFC7f0c3DdcBE0460956a2920c6a0B3520aA36,5
0x9a9B2eEfCAF60a1078453Dfb936B4A28b8eCa853,5
0xAdfa6eF1D6223225FEb30478601f69105010492E,5
0xA8129913F7961fc3C62325fea1490ECA51b81A71,5
0x60592902AF770D30ACC99292cF25b6EBc5E7A5Cd,5
0xfebf29DcF12423739aA0081411114Ca5B6cbd622,5
0x97f156Cd2542629D7ce897D7a8d4966233b1AcC5,5
0xFc7857fCADF861Ea9Bd6915dE1EB2B3FAFD8D212,5
0x59659e3270e7e143f8f1Bba1af3D237d8c9f9354,5
0x21BF63C0418D4f1D13f884C50498B2259B321b43,5
0x3a059ca2b7CeF069F021005e4713DFbEb91c5906,5
0x61e61AE4fCefB8FAc53cF628B27e41Dc8C7e64b0,5
0x59cF5C370817003de55EB4483777413fDC1FDfD3,5
0x76365F27a33296951De6207a81eC53d5305d06E7,5
0x157Ea7465237654286Ba3FdfAeFD145cafc8859E,5
0xc2703ea9da719578d5627f2D7E5B471E9281A268,5
0x06Aa626f74DB012538A6a38A6F12a46c66A8f334,5
0x32B3f9831C8eDbB70d1cb542c13AC5dA0035A7a7,5
0x59128E93Bc810A1bf673b1D4A1FD1635Fb53Ca12,5
0xc29ecc71078f799382431e94F37f7cD5D9e2046a,5
0x306b5629D35bC5D2Fbd3AB8C975b911dc1783A21,5
0x64Bec522dc88CDAb0D114Fac2Ce42d6Ef7D8dBf8,5
0x9830d6B37fe7488707cC4AD7F8B481D75eB2a8C2,5
0xA200369d36d9a1040bDddDf7F83995220E87211C,5
0x7Ac79c369a3585B19e068578d37916259E497616,5
0x465c63680F2a0B4277d9b4CEcC3f3310e531A77f,5
0xD4181cDA623bd99654ffA8E1fA0f26A6437F9F64,5
0x45a1FE688c01CCfd4606aC31D1F7b10FE2aa875e,5
0xf46d36A35eCA074DAC347baB4F70D969E8Cbce59,5
0xcF8373446363216f0daC6ace39cd3dB12cF8689b,5
0x7B4D11a3E5eaD71AD66fD70eff0Be1a5DD09336B,5
0x3D635c7E8545710535544E816c54f82deB3BDDb3,5
0x97b6653606DbE7075f72AE5c0A13e6691e8b8Dfe,5
0x6E703F9264375b88791c958053Be7834eD49d769,5
0x87e696610F11480Ed9D01B1e2E26a90eB5832a02,5
0x672C3b982325bE86E221fe5d0Eb5391ffA9CC8fC,5
0x9046F76AD22f913BbCF95A73336C569e1ac2e59a,5
0x10495E143d79296d5222497b7245294dc9e2D596,5
0x54B4B93E56a0C65B93CfDdb7327441661319ca51,5
0x1Be49f4c800ec9DE69D3D906ADC995c52B9A23D5,5
0xaF2519792Caf949318a7ed676509646D38f42FDf,5
0x2764F3102510e51a7d3543A09Fd7F49b1d5e2439,5
0x6D9E8325DC6a5c32884860b8BCA2B8bE515c85f5,5
0x36c0b20c23b8F4229Eb5F955C7e627dA60ce9372,5
0xF851CbaEc4C1FDe75b25EF1C2C14EE2C327134AB,5
0x373C9B9c898258DC69b7DDd42A82E741348A32E0,5
0x282d656A9d95c64522F6Bc1a42EE759DE81e8dc0,5
0xB4c5efF3c5FA2E8c4D9B42c347AE8971D90E69a1,5
0x3E52151b9F13c1F73c095BE69f6CF4fa3Eac14A2,5
0x9741a44e482Fb1AD798b1302b6A55D28f0dA2B55,5
0x455D8cc938049f8642e575a06a9c863BcE9a6163,5
0x8ae06d2a588F6A507E0997dcfaeBe5ccf6976bCC,5
0xe3f7ADad696F3864edeBbf1cf3B80279301edF91,5
0xe97f24237DAdB8A9b1d1319609e7fFfc0F223F78,5
0xe324c2478a8C2CB019c32609d60691f2fA362F0b,5
0x4913CFF514B8F77b0F1e89507E6CA835eFcd68f3,5
0xa53691012a1308F6A2383Ed3c534e152300a1951,5
0x55842426EcF8Bc5Ae830550e9cc8936Ddccb253c,5
0x3F9d4869D78d34Bb5102A8743D236Dc8BE5703ea,5
0xe40bBd3CD595b1B834719c3E113ea64bBAc20052,5
0x7DFf93fce783b91F347ce7BA7181ca4A02Ea9De0,5
0x0b493Af26Fa61E5FF84290cA934b7c85E3195505,5
0x0473f0ec1B6dcb14B2b80394bb2Ea73183316C70,5
0x29744bD7B37bDe14F74d281D3BAdBE68b299Be5f,5
0x243baE7765023FF1c25f6063177a5811C68C9A65,5
0xbbc91096961EDD3659D136f8ab3cb8C35b6a88F6,5
0xD5AC61810aD8ff017A3202FF099D72b7d1e86e23,5
0x3eb21666f8822BEb3Ede687F4b1147bf6EBf6a25,5
0x621ABa8bC0d8aBc56b3a0699ECb22d8A7d1F1A4f,5
0x2799aaa2c28425B6554914c459da470C5198BC4F,5
0x0FB6B07c2E7e9EaDa6548b3DA9997A19A9658841,5
0x47ACAeE373848a266A220125203460E3921677Ed,5
0x7aE877085666a610810774F39F42F783Fc89fF0A,5
0x97538e1a3821f3327Fe2a2fF4993f3d154f28B01,5
0xc37a4dBcCc856eb109334e5B166eB1606A3d204a,5
0x6038d5c18D866972bFba35c519E980a819541720,5
0xAb69Ec70B0Fe3A0C9F83ABBeB70F5dBfbf8D99fd,5
0x279E03847cA943E6504f284f06b2C4B979ce0198,5
0x269EBadc30c245B989aAf5CFd1B07202e156fb7B,5
0x0Be9cD8A94A328831B60a5245A154Ab23130E516,5
0x319862C994B1e8826CfC433832B3BF4339b65f02,5
0x42DF82dCa70821b7f69d3D84bA00923674d20881,5
0x4cB594C339658DBF7A7534B18C182Ab19CD23eeF,5
0xEd6F695F1Db79428c0aFeB1697AB3B553a3a7CB4,5
0x30063B5662db49C81D57E6734332907616e66035,5
0x275f16513119F0F9Ab75146fFD97697AC0aEc459,5
0x8B139211fD5f39C9f4943D0C2039957E8609e960,5
0xFBE21b2c323219a79b5FEe7dD4d6f5cA8a92BAE8,5
0x25e58696FBC8eB88301Ee06a57f77d9f0715Ec97,5
0x95B040599Eb3Ab880A4291E38b0598cC33993dE3,5
0x688c0a468ad7BE8Dc2e1cB92cc1b9b6fdca84d5A,5
0x8A04a8AA962184143ceBC4EA9295CB959a8cD259,5
0xB8e1f0f1E0AaB629eC07aE9e4FA680B58732c643,5
0x80B21C49b2cB7b3D8956e028a7776DF7863f4538,5
0xcFcFfE706f54910DD3C98f9A7297B76BF663295D,5
0x604287Db10B67e6DB030DfdFeEAB2cA40e641426,5
0x2D7Cd1Bdf1d1A03461687F9ac1Ea54E653214Be1,5
0x03A52d720faa3a92Ae7926A6Af607fbFe84cDf5e,5
0xD14e11eC83aeb082707B4DA3F880f22CF7A82841,5
0x4e65539bb5F893CCD2B71D3d807b5112e1b85dFb,5
0x0c384932f442467C23F8980d40989De3386f1242,5
0x033E0a61aC00288A6388D1c8BaD11a881cA9e212,5
0xd8aAa186db7214926cdD4C8aB5Ef1d919913402F,5
0x6B2b94B69F03f3B3A917778e610F41F1318A5bf0,5
0xBd2dc1E04E8131421b7578124eB92F79d4A39a19,5
0xD960650A583F5d18D3e29A1B8d7C382CD515b9DE,5
0xc57cFD16526aBB402b9cc82a423ff79aC691A66c,5
0x181F96993E04B4626C31d1F935981D3B6fe0D663,5
0x2713Cc0aE67Ae09F29563881ab4fd5eb74f272a0,5
0x70B3Eb071B028C6EB95EF9643a6ecD3eAa823A10,5
0xc6F38CA3B9F12a7C9B17c6d8E832779adC4F548D,5
0xB3566586517495b68f150bbb87136c875598A02a,5
0x74d0a27435d28b28c79B62AE971d6e8E634334BC,5
0x3CF282CD2DF98D8589598fdE938eEcD1Dac9671f,5
0xA8571fe2aA4663aAaC3328612f85c7C6A1F99bD5,5
0xa94586fBB5B736a3f6AF31f84EEcc7677D2e7F84,5
0x56D79fe635196e734cE29D7a8Ccd8014865E790C,5
0x23bBD657863FBc80c32925CC6f83e09EcFBe1573,5
0x644e420066Bc23683AB77bA8250079C5BCD4dCa7,5
0x86A1a48ce033d6fDa5a19D3584988475803bdb4C,5
0x1d1DC008ef7E70acc6251858710fE2C7D4e8e431,5
0xeAc5E702e9Da37ce8630d1Abf21DE99Ddb691D15,5
0x281cAa39D1877057F29BA185a7BdC9B66edAFf87,5
0x3090A8da23358422A98A0cC2DDEDa51ebdeB27d0,5
0x65Cbf9A496e5BC9CaED929b2007633Aca8b2EF2F,5
0xeFA1C087490536D2EA647819bC8450102D864E34,5
0xd670C6874347b5C905903985799AD03963B72De8,5
0xF586A2940180725ebE8f411824b0aB6fA589Ed60,5
0xe2F62DfeF10aC98830c9cD29EE240B18aEEB803c,5
0x78e09Dc6496C698c95fFE59E47c7D353439d41f8,5
0xF3a84d6e9dd7Eb9EC1e48F3e326d91F18f0f7f89,5
0x3Ed6dAE6cC1422e8759bfd2B4f4A253B5b6c6d84,5
0x28baDd4C4603D3FFda223FFf00cDf695402ee4dE,5
0xa7Ab74309974C46269E90b001a9a8858172a97b0,5
0x88E385Def57004Ec13a164F32C9E784594561072,5
0x8A2D2A4C1B05455b8F340A6bB98b0c08513A8555,5
0x38F0C7d7e92422B68f2d5b4a388c05Df6D531F52,5
0xc976695a56187cDA775775307194688908B00A4A,5
0x84Ff1226dE67066ad96854760eB7410a46070ff8,5
0x1ceB4110A956F29ea04bbdB599eCe5520C61F712,5
0x366F7B03ffa176C0226c2AC40c1615aD5BC649b3,5
0x3367A005c2bEf54f2836a616ce3E4Fa2d35910da,5
0x3d7505CB6e263EBD907E3dCC49e98E0fF8e6406B,5
0x7ec9932e7De1Ca2dC93A4EdF382ddF2e5D50a1E3,5
0xc9636B935FB6b3Ce48654a0009755D58F473c064,5
0xC767bB25506790b5B43EC61d8bc786F76e4E34C5,5
0x96539455E49b8DE5738f85C2347cf7955775f502,5
0x7a0FB632f86a8C8236aC8960b3a9cada3e7E0B30,5
0x31012d1270A826a8a40259583a639f5963C778DC,5
0xFeaCAF7B8Ce56b05D9cc9520f193B89cfA4aB51D,5
0x0630185128415D1Eb7b4C84Cbee0f9EE92Ee2d58,5
0x60100Ee93CaFbdE2015C524B857733b828968F29,5
0x2C21E5bDF5A29C6D6Dc89838C4815B539f9f8B89,5
0xD6fdB1DFe36AA8e57aE9CdbC18524f7607D684a3,5
0xeF530dBa0C0Bf455838275E0040102E631901057,5
0x5561134fF5b24700d1F8D45FC59F73d023eFfEB2,5
0x15551B41E61f017C89BfdC2d073881B6e3F9aF97,5
0x2Ed27928F116323742dfa0AF99dacD680cD7C495,5
0x69e463844Ff530ED20fA8D426799575Fa9C01c56,5
0xe1b66965333C01203fD50c3Fb7C908FC10fE83B7,5
0x6a484138CbB821054b01ADCe276FF21725424c92,5
0xab8Fd4C773F79eb6fCe87c0612b0473b2a408e70,5
0x20ca8E6a16e113392f3e2Cc6b05F57fcf2aBA323,5
0x01D8C737Cf92bAAd532a9F5D5eFb3193d639A9E2,5
0x989cB756d4c2b739B29C85FB2C25e6467feD1d3A,5
0x1baBb042DdCCA9064eB01A054BcdbF5ceb102592,5
0xd58603Dc6Fc45E32A10510EFC181EcEeA5293fF7,5
0x519290b3641D881a6AB5Df4C1b4494FaF1ccBC64,5
0x6ba7b6406e12a4c6dC6F96c4C7da06C9DdbF3022,5
0xE8dB79D4675Da12242Ff24E74ad532834c6900ab,5
0x2b5a0bE5940B63dE1eDdCCCa7bd977357e2488eD,5
0x894C933C4113fA86a84262F12610d4e8266e9194,5
0x3842f629011FD5E389c4CC433d554b2c2Ae6Eea0,5
0xdc30c9dE85e762909715234edC89203d7b76F808,5
0x63C00E100875AcE13b774E15D355E8994355cceE,5
0x5B8CaA75b84F81B655D76213ffcaD17E85771B53,5
0x9dd711B0cB4430F429231E5Cb9940DBD1952a36f,5
0xE2D435Be0c6A8380e55b6f7cb75a0b5E7D2565f9,5
0x59AA049E4E97be393108484d15ab0a9EcC230e25,5
0x11C559ADA283632e416fa7546e92a78c241aD618,5
0x49D5ee5cC9618c96F7De47C194Fb71953F857Be0,5
0x506685ad6E1D208d37547FD8d10a9124444251aC,5
0x4Db98d5fDCbC7c5416486afC7E83278D149BbFc6,5
0xCC434b2023E2fb25A2abBAA9B00c2eb160D588d2,5
0xe5b0f31b041E7730c3f8AEf407B0B4C0633EE4eE,5
0x4fc0e1BaFd06f57aE67c0145d50619Aeae946986,5
0xA3268eDfd84415472D9c30eCdEBa487f865Ee063,5
0x3E038a5868A52edc67bC3B1f3af78bbF6b78F3f1,5
0x034eb98b10a29Ea619973f0468D615F9b17E0a72,5
0x9427Aa92d3e3EED5862Ab186cbD215E2C52C0B0b,5
0xc5D73B410fDD6e237d696638D48FFe607286b62F,5
0x7D99C12a3BC65b303C88753Ae8a461975df91cbB,5
0x3C4ab48a4d03d04DF10f34098bEe869E5495AaF5,5
0x55E5d2bD0f0cd91Ae7a2Db67C888eD769f04A546,5
0x5a390d91dA3Ad218eE2e6c47bB6b3DfB4798f5BB,5
0x1C670dc214de4819730e7305703ec8C986B8C7fc,5
0xFf1d451826003B422AFDF5127593C6d2be0d6559,5
0x2D4c68C62648dcB47fB44997EfE0906f64A7074d,5
0x170c81a7451CFaD5DcA2be9681834a5118BA2886,5
0x098Eb7A11cEAa5F53022144E9A3c15604300fFb9,5
0x773E38db30035ead0650B20D85732f1cEFA7A1fe,5
0x22CF1e3d4Eaf3E6E6C55aB1fBd70E30A0a9e81f3,5
0xb69ADef1596b2b0f600452581C786E3Db7B87De6,5
0xfbF0736EB2ac1C4bB0193AE54c53e182B18037Fc,5
0xAcF74edE037468B5aaaD437fE8691E7f5eBF3441,5
0x7A9D37Cdc694a7330B6a53c805c87b893BDcfCDD,5
0xEd80D5A03e833D05BF190e116f22E5e447b8E39a,5
0xefb6d8B3DabC83FfF68612801a21a71E2aB40d55,5
0x65D5C1bD468c8fa81172A748E69374b63637b549,5
0x6A08D63d96bC3c27E48f03cbE947a14d849ef658,5
0x40594F31B9F2939851fBE64bFf6dff996c75Fbe7,5
0x1118003aeb105955eaC012884cB07B36e76e0181,5
0xc878D55d54169F358ab7280AB5DeBf2a529c23DD,5
0x65565Ae7A300ebbff1a5d8456667729Eb7554a74,5
0x3eb8F88422dFd2AeCd1969E24443281cdA239aCD,5
0x94520E2F86afD790263715f727d0d35F533f2A36,5
0x56463D50e1d58B2036B0Dad19784DF57D1Aa6E9b,5
0x1cf6FfC3DA1a9548A1ABF4736f58Da3Fd01DF302,5
0x133bb0332C9337c57175F62d0EAAf0e6497A3C08,5
0x2B5b64dF5E31A31d2E48dE94b15c2093bC4CC09C,5
0xaaC18004b8da51E8f9634649Ea8a0af107691af5,5
0xeBb28d2c512Ed1786b246C7a96328ab308ce0f42,5
0x0EEAc81cf8218691721A57CbEe4ed59770B02F8e,5
0xB823daf3c69098021D713f7905C5d83F7cc4B84b,5
0x32eaD40C2D0fA7e758f3953Fcca172e8918370F9,5
0xA859413e5ED63847F306e21249E7cA43d61e90CA,5
0x98488C8A8005E8cae743d571d2a0f87DB288Ea99,5
0x156548113552Bb52AE921a0B44794A6a5F588C9c,5
0xdBaBaf9d5a1a51615980510dc48160A629C88b8f,5
0x2a8cd414ec33108B67F3Eb45EED9e701FbB1e6Bb,5
0x157e14AEaA74Da672E1C6C36d4d86DC29cc436Cd,5
0xFc29552Ed5B83d5E72B2254d9597985a865F1dae,5
0x12Ff7B920Edf2ba45743C71f7a513F7a82030549,5
0xE97F557C7991ed5290234b3225254d12df62732d,5
0x4aA57F4785919a5a1A28749662Bdf7C92A33f9d0,5
0xB381dAEaa7b4e1252b153500DF5B04635614aeDa,5
0xdD4fB5aBcE1e0249F796257F103148742f940963,5
0xBEe68D5BbDd56FD814E59116F3E4b493A148A3c2,5
0x3E68FCA5b47bF0510DEBB0fa95d51c54B032A1C8,5
0x5DA3a6948ebF80A4ABf2AbA476A503c7cDEfC82E,5
0xefBEe49244701f596E49FB649b46A8853f085020,5
0xF6A1F53026dC95152269aB4fD5De04CbaffDb528,5
0xF34e7a227B6bA749055dfA61F933a9F3621d786c,5
0xFAC219Be81D0236e4167163111298934B53a6D95,5
0xF5CB452BB8D0a15e9b4230C55D9Cf1d75f14060B,5
0xaf45524B83fAd0a9C21C4Bd3b19743151DAe7Cc1,5
0x3Fad11631788b7aD02C3c5f8b8413b5785806a57,5
0x2C9A8ADD958f9766e38F40f7dCd8Fa5e64D1B7d3,5
0x779a391503DDe0e30Ba4e4a9bC17955ecF79Fccb,5
0x2Bf7145B9dA25567569C15C57758E6A13BBc00f2,5
0x91E543aff088216BeFEB4A9487aF7C76ec4BE135,5
0xfD102a750C595d95ACE7bDBeD17E8b444891610d,5
0x15Cee7Ac10A4208Ff96f340C237C4Cd531463CB9,5
0x3aD8b08FAbD4480Db468c3606e3C56AB0fAE2104,5
0x7415a096eC3D3fC08bCDFfa632DcbADb840a2286,5
0x226dd395D8493Ea3e456E52d5d82Dd7A5c91A691,5
0xDf61Fb3147892b8D6010836F77b1b25ccEEbA900,5
0x043AC44F8Cec7e359A31415f1e54459A8c2599a0,5
0xC7e223976061bc6BB9c9b612ABdDB36e82932e1A,5
0x4b0101B75A868c84B5927F172AfC4BDe558152A6,5
0xbBA58B57dA6c6A89aA64Fc0D534Db505366dc5b9,5
0x0B2153f172e29112E41bb4612952568510077Ee9,5
0x20ba40081ee0B8A80D075A167436a80242df7b64,5
0xC56766A430CB4C29Ab3219Cc5824cbEbe0156D0C,5
0xfe02da19bC266BfBa1b52dd468D7541DfC6887d1,5
0x4164A86802DaD6c0F5ed6A6381fbb926d1B88aB1,5
0x1c5bae0FB00eAc3C60b2A1Ffc0120F97Ac0B65D6,5
0xE9B8c6284A3B5a019AAA19f7B9B57dAB873480fd,5
0x8eDB0A111C3A0Cfd7f8728e08f7AF40Fdb923c45,5
0x727535d02Ee5eeD603e32d04C7f417F8eb502a0a,5
0xcF0379Baf3842e0288ED1e07A4A9730c2d6b9e0c,5
0x534D4E798B2644266E4C431545925aEB2cE764bb,5
0x591e167257177501955D8DDb511304552a86e2cB,5
0xdD61b2a56E18b1cABAbbCd4184e23Cf270218EcB,5
0xd7ba417C30d5e07Bb677b3A365591de3C87B920B,5
0x2A000BA2E9Dea487455d5C37713AD22D754d68b2,5
0xF8C03084E6a0e021DD1ea0445C2A4E25339C7a4B,5
0x7A9B1CEFd1f63C626982691A0640764B1d4FBADD,5
0x3e423A719FD2dA42c58D7fA5Db1Ac4e30d48CF58,5
0xe6e086a96422B458640dcd0ad225fe1Da986ced5,5
0xcD4f8fbB5d15587CE7f9e571dd2EE70EDb4fC5EC,5
0xf13f3023FD7ac2F867ca30C6baEc803c3405DA93,5
0xDCDE313436C5eB2985a9E5acB5f7B652b9902EF2,5
0x2E7FE8551847302a76C9c2201B7228fE382d8a82,5
0x4814b83b07d714Aecab48F1f54aF799f9AE9ad97,5
0x51149Eb573E0C60A7078345d63A1483F0f26DAF4,5
0x1982bD37E91Fd7a8c88805E9a7aa009fA804b1f9,5
0x266819E6C2Bc359EEF9f2F850E3701F56a16E8f7,5
0xfF1075a7a5A66eb5F137800BEe6e4b7Dc6a0851E,5
0xef4b1180961a50807c6E1ead073aBe3e26C183c2,5
0xD0886275a97757676f051B29D3b636bADcB1Acb5,5
0x9afe98C82a1D4f88997e6b4c76360915E1fDFe2f,5
0xD923dE646D3f0BB9Eb7f9169f259C79C3edE2188,5
0x4581b0c0D0d6Db8Bf970E93d6bAa004F0254d6Fb,5
0xE60C3013cefb4D3aCa6029abE55E5407f4e6aF3b,5
0xAC390A5FAf8b22Af31D374FE7b47EBef24743Aff,5
0xE885fe3ec9c3B713d515812E3B47004e231B7aF7,5
0x471da4B3400F0d47BAbe147d97c7198Fd32dFD02,5
0x5bcb86339f2B53CA52EdAdc4C692199a78f06E71,5
0xaB6207e9445dC9647268473886999e03dCaD9dcB,5
0xC529f8B3Ba2B9ffC16c00f108780E91E752D8567,5
0x056fcCf01e0e02bbf882157E4E2C4396780f9BE9,5
0x6Bb275953D6297261386A8eAC44db37e8f278eBF,5
0x656b51e1CEaD1d5C2dD64fA68A76aFB7eF91a528,5
0x5500C1fE02D4dcF51F12dfCb45e5e75B682e7581,5
0x827e647A715717B0cae020965c246285032A88d9,5
0x4709D322df6a5A2cd6e8b3E10BCdaE654A612C5A,5
0x91bf28E62b7752097aFc4aF2FdbD27d0B41f778f,5
0x4c644dccEa8580396fD0AADdA6fBBDca85aa26fd,5
0x140DAAD3f2DdF2CCe32436CA6265c4BBD1ccef92,5
0x0eB19e452B1cEaAF66f48612351fe1907F7dD512,5
0x3790cF357d380930C384762F6Aea7e86Eef6B1fC,5
0x8fc1A8eB3C6B6B27bAd2dfb13C8ac69d2d865dfE,5
0x491443278F8724368BE4F66FB2a4F6A1651C1B40,5
0xEFE5D701c06b165aa5Bf33682386b08cF8af174B,5
0xD2b4Ad96Ff7a5A908054f92799D34B4C0733443C,5
0xe97C8CD528b9382abc7d504FDF55A559B4b1CE51,5
0x78fC611C78E42632Fe4834eA358c5B649480C83e,5
0x67E4fF22e70da2C1ad40411f9762C75397F83A2B,5
0x614A88BDaC70ddB63c36Cde8918B9Cb3755Fc021,5
0x4CDD7811CCEdB0fFd3808B586bcafD6AB0ACb313,5
0x80092f94F8D3f9048624ed68F5a0DaBeAfB9FEDC,5
0x19655b64BC180742F8CC62129D2B29A4b76897De,5
0xf27Fc449689D31839940704A63A6150E7D5632d6,5
0x999b98242f5384E225a02aFceBb5Cfc817559e65,5
0x9679D527FA4bef2dfb5d883a8977FC69a2d054fE,5
0xc9a4792c9003366aFa9409EB46286b9AA7b0CD4E,5
0x2f6B67A9E7Ca9f025b786e455261EFe3C65FF7E8,5
0x6D8f146F0c8Be6F83D998653F1EF48bedce57Dd0,5
0x560545E7f8A76D47056e3928abBF44D4432afc2D,5
0x1693B582aA1B8a2E7a45C810443cCB2cbbf9f387,5
0x1D98061D96F0CBE97632e02CA6686D71b630667E,5
0x5c5502Ce1b4254470D11202320639f87858b4325,5
0xD5f1F24a16A780716FC0e0839E8616f49AA3c4FC,5
0x160727e44213162C77523bBA90fdC13abA7789fF,5
0x2c5CD47E355D3417a7F04A6Dee7DEEF6043D9b87,5
0xb16fD9113C315861b0E543c075400dA90451CfA6,5
0x8B0b774479f0A31053E361F4eeb0D4aD043e536B,5
0x5A71324138F3e2d2c9db328e1A1c5D5f312aEfF0,5
0xE8995aeE06F518dE9865917ead8AA489D1034649,5
0x7D3bF2cb39f5cEEeca91eCc8201Dc01616AD089f,5
0x18A6f239E133b04A7089A280Bf48cc84ccca0622,5
0x29A2a6D0C0E5777A2c9B9FdBF5d403411511fCBD,5
0x1b27B3D405eB29e255CB004e34Fd86f2803170f2,5
0x6fF5723435b7dfC2371B57Fb5cB4c373E5995C78,5
0x3B1925168A10632760C4fF9DDac7B6Ee7BD476ab,5
0xAaF48B7705Bf11f95D439d45053188D559a33983,5
0xF823F9D6f0E68E59B385B252d859782aD6BAdc72,5
0xA551C69f5EC2838928CEa71986e89E995141B768,5
0x2CdaDcd6Cdd9675eE64EB6aB4a6c3409e1702b4d,5
0x1A5F6f16B81627fF22C36614D7ba59A4EFC2E206,5
0x10Fedd3a2eCC9ABbDE294C1d13e1f71EB71F3aad,5
0x06C65D95B4d8E0A12cae98B8E48aE9b85C83Cd1b,5
0x054Becf10c79aFa4e60F75B187837bE9Fb83867D,5
0xcd730084abDfCcC6467C26EF20E7a8CA9a99b105,5
0x2390CF638130F6927Ab6E3312D496e0FA9285Dce,5
0x69440F6762160Eb39bb41FA438838B535379c180,5
0x7Edd0D7532AD40bB85d891C2E7201D656029060F,5
0xc047AC8BF1aa561b2385d39E129Aad4c27ea9237,5
0x406ADdFB84B51EE5127416124B8853F7525EF465,5
0x45f6D822f4Ca03F53dD70AEC6FE91c30eb93F48a,5
0x0EBA3c1E84866A65D99B116b2B3EA4529dA8916f,5
0x795621e214c6deB49d2d69404627B2E675607080,5
0x9516E80ba79b97D5085eA4553Df9E35022B1a656,5
0x39afE2176De832BE2A5164e5fC91E27D1355c88d,5
0xb2D33d830cC7a56c2C51002Ca75039117D449E2B,5
0xD89d8C4247931dc0aE095Cd1A223420d68dA7247,5
0xe288c91850490aad514c9e6A7A4E575CB8f35eC8,5
0x5678298b0A0b828242641a202ce132000166dbc4,5
0x791FA5bA351A97c0c6FCdF6e88b9814025bbf194,5
0xdE28390fd2f40252fD4Dc3869315684b9b0D3F9F,5
0x4d41E30d21B61DD782f8D08c2f6b33273655CE93,5
0x76bF269a56367542EF72A727bF583DC6d601eD91,5
0xD65ED38DEDEbb0353F89E83d4d4499F9656Ec01B,5
0x1508EF382d4F1F782E8121112214D8869Fa30668,5
0xf3cBE2FB844e4E33cC48Ad1Db04fc9BDd884a12a,5
0xB2020619B40aA268e3e2b6D6F6D7271bC93DAC14,5
0xB00b36e3c3B81f4B243931e4cFF30D22715b314C,5
0xAa22E4dA25515AF124FDCB1562537BB063573719,5
0x6d7e81ab0D18d955607e3F76B86b06dA5945bB0c,5
0x1F27b0482ace1B82cf7A4f0c55dfc2A05dfCfD75,5
0xe9fcD6A6F88A2FE2272E8e19A7c3895AA941dE24,5
0x9b9d813768A507003C5DDE12FeF9F065D58dFA1f,5
0xF39F35f3eD43b2c2525c28ea17b7b6AaCAf1272a,5
0x97219Ef57A528c1f28A07A8c028b13C25464AEA9,5
0xAcdb39B36AF8B5AF9394d46258FAdbAaC5da819C,5
0xe540Dd8777D1Ef341011558a09a193D9bD307588,5
0xb0C0f73f84CE7355E755846C123f0a5848304B52,5
0x78B061F0780cceeb7e5404593c504B848D2E9778,5
0x737295EB79806ff69Ae5DD67e8D04050C42f25D4,5
0xc6780877Ed6aBCF69930E76Bb1E133De153f372F,5
0xaEF1E5ab36D4f9F7227Fb216f0107F05CE2B1967,5
0xF4Cc8A6a89cEFdbdb515EaB3AC7d76C7F32BD61B,5
0xd002E731B302286009AbAAFD5E05A9853f5f3002,5
0x71df93Ae5A9a2ba5064aE90b9690b4fa9C413387,5
0x4889534D402551b0764860f56A11D4DD001af20e,5
0x55c80FD82B8dD363E83aEC55cc149A5fbCF4c505,5
0xd64b30D41bE28bAA86da483724E8B30954D857F9,5
0xb22dFc8EB2F8C32E745e4BF6b9ca71c84C628ff5,5
0xCD531EfADb2a5Fc230EE1B55a510Faa5E33a2FB8,5
0x0493b6988aDD9a904926937Abd80891c6F0D42ff,5
0xf74B0152CDEba79fE1877Af377278f9d6990744E,5
0x085b2D301b2066E794dA58D6CFECAd8b766d5C72,5
0xd414e847527e925902C79AFBA6c3bf03c519e818,5
0x703518C0B200F99FEca73743693B96F3F2d02E90,5
0xe3D871d389BF78c091E29deCe83200E9d6B2B0C2,5
0x73E00b82F448B4803DEA2ECdDA1cc9718eD391D9,5
0x042F53D7250c49f9DCCc54b1A1CFafB16d8A0633,5
0xD89Fa527A6BbD17Dc8B201482c0A410583FaDB63,5
0x25902857D7cdA9c099A39083251267e137c0D759,5
0x1522428B2BCE54085912C8fCDA4840787f67ba08,5
0x42Ea147b87D32e7213853bcf98f3e84870312e27,5
0x7d9A9d450E8E7223A001c148b5e27f49E0a570bC,5
0x7E5b4A91b2281d18FB69A9EA1b77f801D0eaDdcA,5
0xa6614E006c2a40cE4933A98E9d57CEa09EA47C02,5
0x94db828F971919dff4097E0D8970329CA5B95c1f,5
0x0c5FC2971D6234A6f66869c6Cf9b3e1F1cA48343,5
0xC3c0520E85C05774524ea356eb650CBe7F641Dd7,5
0x53F812f1a304c5E7a6dF8CF930B59331a4c4841B,5
0x05F761AacD63e4e96Bf98f0fE5614De5Ba90856C,5
0x1341df844780b66AF4ccC98Ae0F34be87eABe1d5,5
0x1EC2ff7A371fAb19bEf62a5f285FB09bF88C904C,5
0xe8560Fa7b864D69A4D5a81e58116088773FF8767,5
0xEF3623a9599cB59F916d189346aE02486131A98C,5
0xd78d319c5af8392b12Beb44Fb16d35cf266e0aaa,5
0x45d862D81d9B157bD666cD76894Dec84957A6ce9,5
0x219b0170762E43Dd903DBde5ffb1808C9d8A8e9B,5
0xd2e27021eB2F14A2CCcFa786bb8332E93fd7571d,5
0x3B3FC24d1732e4593CcaBCe3A89B7c25102ed3ce,5
0x749b762582d821a2704041F89248ac8acE3A0deF,5
0x4A5dA3Bd20915F61636E3Ed3146155377cb694eb,5
0x2435340CC2B4Be9Fa4016fAdAA9e8486C8C2678c,5
0x2600A539B907CC897736C9059F6b2d4941aDf37B,5
0x112f0174E51F3039668a9df8783451772EC9DdA9,5
0x14F7F67428395c088340AC3f58196Ff663199dd0,5
0xbF530634f854038ba3Cf8Ed3a0f9F1c5D78DA3C1,5
0xd2FafED4BE25cD3d72989eD8a97FF43BAf32E1D6,5
0x037B628d51b6e2921C85d098C823AFe33541bD6A,5
0x78dbA641814Cc43a2803a4CCEf4f0aCC369Bb9eF,5
0x1De37833529B3Ef0bAD542Aa841E647398A3Ea03,5
0x06a05D6d264B716562573A03F6E2a79eA725197a,5
0xd4b4b9f2283562A4918952db07f6D7a675fbA832,5
0xebd13670628Bd8439De886D538B21bC17CfBc398,5
0x8a4a50B13Fd2cb36FeB96c408CB98B4c9F2b8F25,5
0x4d39C2499Fac8EBb24D3b6B8A2c9729Ff12EC850,5
0x90672E9290319bB760e121Af4b3fE7A1F02FB64b,5
0x850496Aaf2425634446cf948fD7aeA33e0192A14,5
0x49838aA6c98260aa1738fbef639f9793333a5B60,5
0xE1A0d8d0E7D892B26f281aF727409772B3CfBd01,5
0xf763c1AA52BBbC4BDf1C4263f120E1497a7d4118,5
0x22c9783EFa52eAD1208f7F353226588C9aD6c5A3,5
0x4e9B98A9D423B81e2Bf8c9e81191233A6F2b080c,5
0xbBa382E4751F7cc272cF0CB7964f24c602F712c5,5
0xb754Be27D4EAb18Dfdd4cFe42b538A80170721A7,5
0x21Be8486BE03DBdf2c1B4c640EA6A1329108b56b,5
0x696125F821C924F642b9aa0816f3A19fCF334D0c,5
0x810F97bA4b071AA9c0469E79dcf71F6eaE540777,5
0xB60587E4cCC75fe7F9686D353839dfea2B3587c1,5
0xcEC96fed4B9866fb3C0CaeB5a9C52Ebc693f8e53,5
0xBC0242D0e55799cf4859Bf8Fdf8CF2d13a8925bb,5
0xAe83741c464E2E66d6430101C38D38A3c97116F6,5
0x5Fb3eEa7D572b3bF5306f4604FCB680eD1314499,5
0x49000B54784C0359A9ed744a5f3505d39043e451,5
0x54A272eb57Ef6817EB76096Ac384dFde240362ea,5
0x04c650b361A9f9DEcba87c6b87db11a67bfFcC4E,5
0xAc2aF0Ed1B7185e4346Cdbf439BDE79d897698Be,5
0x057561523E7819d19d7690ECa2ff05a138Fc3B4f,5
0x4DA04Ca44eF0A105f159ec8D9595423c1834FEBE,5
0x64706314E147aFd322fEe72037eFF17665eD9bE4,5
0xb6d990Bb31249C54cCfdA7F69E9DEf9DC0084Fb7,5
0x77517b021eB4a40577CD9F75c6F7f27Ba5B3a1E2,5
0x11315Cce8f009e4CB4234FFEAF2E860b84E5b0f6,5
0xd9cf6912c1ae6626F83f28D2549Fd35c04ebc8bE,5
0x946e86495BC2F2e9E963f16e7C480Bd1527fF5fD,5
0x91628188530F7B93919C81eb4D5dFE9D93ECb5bE,5
0xEd247337a571Fb566d62212768E8819B44d71d6a,5
0x0bF1fEe0f3DBb4031e4C12E2985df93F267D53AB,5
0x290dB8d204833eA62e25D581cBB472CFe09B876D,5
0x7185F37F81D132a185C2f4d19b8108C4a705bB3c,5
0xCB6222f4Df04385ea08E8DA2A5871131FF5F6cBA,5
0x4aaC28b42d754b7418B393263933CAbFD645b14E,5
0xCBBaE3E087810DCEaaab0Cc662E25A8F7c19aE3E,5
0x51F93a8f67DFdE27138d2484Fcb22561eADc6Fa5,5
0x1381E41841714EBFf9B96C7240Fd1E257f85811a,5
0x3AC5131C368c7342189b332306B65128b94b29e1,5
0xf1A3d0C2d8E548377e458B218F72195c4a181C74,5
0x3349B782F73cbDa9E9a4e5db1d0b4C399dE7c22B,5
0x8Af7B17787b38afF12e632fD7800f979fd75218A,5
0x13192B1056ED57eaa06BB7E49d70964A668e8604,5
0x4450dB99260EC3140B4690F1c6bDd64d5d9644A9,5
0x35eF983C0D040E2DeAeFCe5245F7193e01A8AaA8,5
0x4F5cb3F4a723B740F477CB2A31C6e503b97Aa408,5
0xf01Dd015Bc442d872275A79b9caE84A6ff9B2A27,5
0x2aE7b72b35d9a67c3B20A2C6A4c658f389764843,5
0xf773a42Ffbd360858A21B4952b0650544D6395c1,5
0x6A0FA26f13Eb31fad3E6E1252FBD70b4F1bB4667,5
0x12924049E2D21664E35387C69429c98E9891a820,5
0x6D3b4fA8930a6B148F828e47DEaF17b4aEBe4949,5
0xCA7269c528a0585A511a7f21F0B3Ed6faf519D15,5
0xd498f99BAfD467C5D06556D433Ba89e52686F74b,5
0xE403eC44167b8293B012e1736E9ecfAf22c93964,5
0x86D7933192B1fAccb62dB1e893dfe25D1e2104A7,5
0x9A3B2361ff56AC88888e69034251EF171b9d9FbE,5
0x8055F8af78DaDCbcC80a18EbaF9927f2Cb8930EA,5
0xCc4f1cb6064A69aC83A5133FFCf09217ae33c2CF,5
0x6e472166a7c2880164475bD875873EC6db196A70,5
0x473E9efAD7140f5675B9A73A26D38cF9D2d26Bd4,5
0xFD9Eb712D62d2660C23e68C625D53Cd551865271,5
0xb6704dfe3AaD48EB2755ADDD7328654479787961,5
0xAA790A3d69d15753b1c63A3475764Ac735e343b7,5
0x33833d4C0C9cF00ffcc8A5D7048A6C5d2821aBa9,5
0x4442E8F31023A9BC1f13fAeE9239bC79b3dBFa85,5
0xA6525f4402c4c1EA3DdC4c53f23A3205C2f981a7,5
0x10b6e1a1EDA38cdFa5c6D92891cA69876d363501,5
0x285185692c524fc3052e1706e0b400428e7F165A,5
0x5Ac80cE8f180E1D77F08a07bb78Fcd2d1e20e8Bb,5
0x413D1BF5d32a2d74ad78ff3C1aA110876e6B0629,5
0x5532A4b9B98bc29Ac0B136c745d291C4132a17b4,5
0x29168cce1A88138e9cdD3aEb509F1DfC6E21a857,5
0xEbb38C23D185Eb5315565e50a38ABAf5526b0952,5
0x262065ce46F223D9A15DD1737B1dE2869Fc21e65,5
0xa7e4e3283f64A3e3d5bD6d48B717D79c3C31FD9F,5
0x6Fe2b131A371D16DBa703db48763D45434457e8d,5
0x3c7F96edF54d6567d91bE151e40423A7ba86E8ad,5
0x15f438c3fed4eB5474e3BC3655D0AB3cFD0CDdf1,5
0x7533d66982E169ddF4F6A792e13d1Fc51b2F842c,5
0x935db1C5F15aD5751c790D9150c0c3D6b6087a40,5
0xEF149D3C65476fE1b306EA2EAFDFc054EDd5C1d5,5
0xc757282690d46b79Ddfeee49155419b313494D21,5
0x47Ad6569Ea3FD2bcA39bc1f96BD115c113E8f833,5
0x0d76D5196dB89f0F30AF5771fcbb897a79Bb0402,5
0xa08F235264EC058333DBbDF2be8dc57751dC2210,5
0xb5d05aA14b1aE48F6f6c53a2F4B25198C9028BFF,5
0xA93F416E8452b131A3B5F235Be8790af2B3Fec57,5
0x41ec28eceb137789032B2B505A57c1dA829934CD,5
0xDE29E31A9B1032c2f511d53b46253c4D096636Bc,5
0xB11BfC1D25c23a86e954ea7091fc34D88104279B,5
0x156AC784BaE328f6aFb6403460145BA8B029d3b5,5
0xBaEC8411237eA70df4dCbC7525e4c92941BD2a47,5
0x0AE12B81964df57596C724761701AEe57f91032F,5
0x9279492DC2123340aa00244987d4460d0e3cF070,5
0x32e6778Cf3Caa7b22DFDe095643Bee37f67F82aE,5
0x6E4F04cE5d6F37D4ce0CD4BDef747a9845792237,5
0xaEdE4A537Df0f9D1912445E6bE4eeD702fA6BFCf,5
0x68C4b0ddB0d99eBf37EeEf7AE134023443cd05a2,5
0x1ee3d743aD6d372ceaDf17a8f4432e8d1c8AA0D5,5
0xe45075a19EFef9A46aBB8C82484780b1E9abdC6d,5
0x77DFC9264676AdB779aCdEEeCA199c8A87d0A893,5
0xCd276d61a1Ab65A0C41890808E5A4fd769E3c277,5
0x9D55E3bABEeBF4e24EB857082586aC7d21DA0E4A,5
0x7887AAB40cDA8f1A3d807F4c54de269057371696,5
0xbBE7826f52b55387a1829F94147Db987E6106304,5
0x9eDC5c4Ce984999B7021D912c9538871311fA76a,5
0x3a460DAdc881B8d6eB47D71dd11F5959e77Edd51,5
0xC06d834FB0cAd4C7A3aD1754E42F938A6DDbC2A1,5
0xDf377232B1EcE4feBb5d0241718D707bb1491616,5
0xA624Ee90212b96b5E9AF1dAAAC2bEe3C06a3477c,5
0x687c1bc2EcE8A5e2D81ad078d08B1187B86a3675,5
0xBF9019f39B478938df968D331C282b06F7B436BA,5
0xdB75103d154F190734cBb4409d6Fe71169e2F7D3,5
0x1E4Ac0F985f910EC7AB29B49284870aDCab3731F,5
0x99b17456eD9C3EB3E2F4f292bCB515F8bb9F4640,5
0x9b8ba8C519cb207BCbeb73C5DAE3918a95BC238f,5
0xD4de8BD4fe769992Fdb0d32023094E7Fd6812c93,5
0x8cf6026C505E28fbC3F091A98F8b2587B0D5A6d3,5
0x1B081542303d27A705Fcff9512b45c58dd7dC4a9,5
0xdbfEaF48cBaD9b9B9AA3d46642c8cC65bBE73E88,5
0x6C991016b4588B3c73A984b87275f8FF8Ea72967,5
0x3b6CA30C608eb80f8b9c445045FF33CbF0fBC051,5
0xf4bD058B86946dff0A6EF2a2977Ee4C40EFe8756,5
0x4469Df785ef1223e6FB66050124f18Af80ff814d,5
0xd3932209fd8a5011931334ac99b8c6D526E035b0,5
0x27fbA0f365b5Bd48E1dBAaEE9D7bdF6A4F98032A,5
0x8eaaA758D821bA2D37635b23E512864004E5bdFF,5
0xD2876A4456C89a57fCE5098027Bc38BA562E2063,5
0xb0bFa24A73936D3B3FE05387d89E8FBba363c393,5
0x1c50953259FdA471F4d8cEB1dd2BB296105c9b32,5
0x168F87fBfe36B84E44B9d06278B2aA1CC73d7400,5
0x8ad8cD49eeEC6fEafA55aB430B2aD3d49c826536,5
0xDfA3f3aD925e01672016B7Fe08bd8804d551cc1F,5
0x9bb0819842d82e6f4436bbd2E2F7D1910929a882,5
0xa1403A5806e4e3EF8BcEc00B9755E0c8374b7447,5
0x305A8FdA6Ea72350124EE449B6D2F9cd7E9e99e3,5
0xCd5367827fc644E00db7d48f29A785D622Dd9E83,5
0x033A876783d4A68db84e357791B531B01191fce2,5
0x7d0B61474564FDedEE5B711B5Bc370D636AB6794,5
0xec433F0D6C7aEC0894D9A36683A6b23506feebe3,5
0x8D1F338F8abd714fd09ec13C100A0d7dF693cd5D,5
0xECeC63d08056F157350b2E28BA17D2F5C2a1d5Fd,5
0x9008E2A8C9F6E4Fe77CCF98b58652176e4451Ec0,5
0xedb4Ec2E401B984264b4bf8B7DD62a9ec11Ee37A,5
0x323C52594De60819F2009d54dE7d7Ad8D4b1a8F2,5
0xD838efbA49E0816Fd8C2d3B52C0b4632F030fd8A,5
0x4e79f7C7dEED79C53e73c6333BCE526D33c07C8E,5
0x3b1939DaE2C4C97A7B74beDc83c1a0C5673B2b1C,5
0x6C45a98B88b48026Fd7bcc7f21D7C35a73c6ac99,5
0xb4fe2ccDa14c4f4695B542c144a42b9d6008309f,5
0x8eeaAaDC0B41EB2e0432dE82F153EFCfc3B7E1e9,5
0x4cC78b26997E1b0C0Dc92123b3508c158Ee39910,5
0x294505b89F9621FB06E93a47aF70847B2484020b,5
0xBe71a7993d0BA3C7f3ECE9dC8C108EA9F0699297,5
0x14370497e509b13f52eA73F54159db6ca0aD5E24,5
0xeC5897C5466558Cef257401a92568B543aF6a864,5
0x0F9093c9d7fAD2829180a745e75a075E92C0E086,5
0x0eF6498F225ff805FFbB19701247AF4D2DbA5582,5
0xbc23B26568cE8ED7c3a0F576512c4a5BD7442eDE,5
0x5247719D4155257F57A28C90Ba8470598f398eDc,5
0x4c1eFe9Cb913fDe7C5E9Cb8DA70bd7fa3100Ec88,5
0x2D2EbcF70fd7301832e42709F10384Dc447a4244,5
0xe886E022919ddCd8e9Cb3D93e25C5a13892c43D5,5
0xA58Bde8592d092EA551C5868c7db0eFE5d87c613,5
0xD37FB977f826e6C0049d7fC4fC2cD49e2c64A439,5
0xaCd2acb55CFBDA29D771e0F2A99f4FDF50f67a3C,5
0x9D31289E75EE20bB02046775C0e976e00c37BB00,5
0xf11Dd9A09036D23aa59c8684F021974F2E42a6FD,5
0x8074B1285c0Fba1F4F9d0ef586c274Bd1e2fa509,5
0x3909e2591C958Ef17e61092B891e63F9ba34519F,5
0x85e830e99e718ab7a5C6F129ee5E3449A81f9Bfd,5
0x5A0Be8812c6b30d4BA0e7715ada6e216b00199f3,5
0x8b458561eCaf5197000b4dfFc5757800934f71EF,5
0x7d4053510C0E2cE0f127cf890FdB84F1A36cDC6D,5
0xFe7408CaEFF03E70D6Be1A060298f6d425E81Ee5,5
0x1871F42B4BAFeaF5FB95CDC57d32820fF687Fe74,5
0x7586bFB3CE385A14e3CEAF945F9E6772235D33C5,5
0xbf2539F8CDB7F3eEeD57aB6C4195dc190c199678,5
0x2B7815fE62d1487b0Eb728cc3bcC7B5a8F9C83a2,5
0xF38fFaE62d44bB3742ffA77bc2988df44dA449Bb,5
0xC8F81598ef59cf1D2beeF19f7f6F1991Ac619883,5
0xF7b8de5F139F24f4760460475EcB61e0e1319cAf,5
0x4bd78324Ba5a88c8b5eC40C44b9AC33edF4BC4e8,5
0x7BD4EC07f6466137A9155832cd6f3a8D4863D811,5
0x297141D643b04ac17A072E2E750C7E06706ea699,5
0x2a68272F9Ed46c0141494b4c7949C3FB40801683,5
0x9af6f946d80590E67E16eEC61360E4A7a92c76B8,5
0x04795cDEE2B677b46878896DAe76BE5CB174dAc6,5
0x4215a881dfA38fA2FAced28778c9366eF3E5FBb6,5
0xDD72385eB5e36262F05C0151C72555a3D0A2E30d,5
0xa5f146cBd3eE13F482315dD0F873c2bFbBc5F2C4,5
0x10b4ee99F35df1fDe98226eF7438Fec12909eF96,5
0x53fA4FB0924D660d5714dF2939b9A9dAdb9f25e6,5
0x0abf6C46bf2EEd15DA3509Adb6EBa1a2285d8563,5
0x4f5f385494A00737E6688f7B345144ac0a6FAc9b,5
0xDE82BA72fDd75dFF334b1cEb3E57e1945f1D7561,5
0x3540D804e6124757A49B805E944B48d14cb78B74,5
0x64A77D821a1022fd77B4d55EaEb0CA99131EF908,5
0x134AdE3f5E771f408BF7aB0a7AEff45364445BcD,5
0xc58c06Ad87d1d4539EB4Be88BD5d1269B197F1E5,5
0xA3DBEE0881D9287b962f491268B064468B325ae6,5
0xa61af5c80de946B814653a858a5f3b23506aEEC9,5
0x4fF49e4Ac5Fc86895f88E30bE37A343E71CBEd54,5
0x00173C4cB23E6d876fcb036bA954A2F9cfCafA19,5
0xEEe85b55F8C6EB0fb32ebD97006e05998CbeD341,5
0x436B10A32fa369bB636896Ef911CEaF05537B2f8,5
0xcBABb3d40b4BFd4A707377A5D33566aE816607D5,5
0x363467759BfD02C9E6182c9d2b3015645719A376,5
0xc2421b188db69C3C6a7e9BD40661b4b96cEe781c,5
0x8433a923365f79f1aC4624Efe1e69C68ea3B94A2,5
0xAAdb66fee1a106CeF8171F23602665c08dDD2854,5
0x24D20F4E413d54Fc5F78b381EE09fbeea1e19A0b,5
0x45E13B5680B07Cb88dC5781Dfb79C66e4773E2E9,5
0x13AE7D65560e668AEb788Ee28944D3fA3931D123,5
0x619401505fA2A98A2F513Fd981927d25c4c54C1d,5
0x29b85b666a45a50C358FE5e43fBbc9FF1bA792E1,5
0x9A608d9F416518b5F11acf3dC5594C90D6998e2c,5
0x433530204431BB396D6B768A6c5a52dB6146Ee1c,5
0x3c698d1E054A921dcf46Bc213CA407E39AE4Db8d,5
0xC2d118937292ed6614Cdef46ffE336E40731a7a8,5
0xAdEaa590811861c17f4461c100638332DBb16eC7,5
0x6Af1c53a7c57269a7E0D35871147488F673CF419,5
0x4D393a8c2dd969d6BDa1Cd2974543e2eD7bbAa35,5
0x1602E644d80036EE566E7893BCE6009FE63dB47a,5
0x928df1cC5eCb8659151e41B86FddBcbe1bEA6B73,5
0x2B062E868df35D6B9749e3d9062Ab2313B3C1a5f,5
0x09230C437666275687669d30dfC43Ba21a70efFd,5
0x19f126c87f36339972e6D9378f102f7edEb6f02d,5
0x1B2Ee83fb043a482f6012997C1192985749f5e31,5
0x8ED07226eFac3F6e3543626aCCf302095008b613,5
0x0b743d5CB4ea6AD4Ce1FEb376986D5ee8Ea2C52E,5
0x0949C8d6aa7aD809ea08216f327ecF8a3C6B6518,5
0x060A8fF613EfF557a1Fe487E7d7f18f6f1d12d93,5
0xF637FA99BE2bb8c7FB05DD9382f26e1B7CF03358,5
0x043145A2bf34706451D7653684e9cb2c5FFe7aAF,5
0xcb3b366cEd5aB2170D2Ac72a5A97c4747e9186D8,5
0x8a82e0BbfA749f3CE0eEe92560BDDeC563f3c2DF,5
0x88B0BE658E72C5518B37cE0A5625D3fD494dBAFA,5
0xc317b591DFd423C689B509048fE01A90a1920C99,5
0x55DD7D8Db617E34c37b43DB2e1Ef154e2558c6Df,5
0x4dD7AfA9C43Ea792E5da4C341054c6435c71c12e,5
0x314fd5D24E1Db1fd89c5b5B96025724ac51cE18c,5
0xa3dF90Bf8E8183A74b537B27e3955BA7D8De199c,5
0xfD51B2066E9742Cce38664E61f81D39990b83494,5
0x20946fe3Ac263145b3aD297fE4d3DaD2644d5010,5
0xaAe833D972e4a8dBcDcD007a5Bda0b22E5Ddf583,5
0xDa370FFb09574d557eEfAd2F41bd4fd3A53F27a0,5
0x4097Cfe0daffEb631181706C5ade6F12c4c8f267,5
0xA6DD08C2837d27049AC3BC73693D3C09a64Ac41E,5
0x2c84659c75C89d85D46729457D1BC98508A34aA8,5
0x47871D96fc60eb58C890fB841FeF819d510FFAd9,5
0x3A79a25F6002F737b671F08f4f5Ff6c93A1d30f1,5
0x39fE2Df7DA507D47372B845B5bd3B980E5B7f92f,5
0x28879fFD0Ca2265Dbf31c980aF0e1c3B5A93A610,5
0x8615B8bf02DFF79Ff5aFbB0acb097203a16A9AEc,5
0x288A4e70Eba5d4f92e28F8CCc561E9fC947304A1,5
0x916A19139059ec76EB0fBC260c0C13f8c558b6e4,5
0x494a38626ba7C9f73A9c9bE964cB3F9B323a24Cf,5
0xF79bE417550003399b60797140d5DcB59C2C0f77,5
0xA191a156B5869316259e8B2d8B364Bc0258f76b4,5
0x81360EB964e55441cC587955b9A039F1b60995D2,5
0x47B131b85401aE9e5f37F81312a80f7083c2BA02,5
0xFAb9933Ef539b812A17E4206B314147286cF2a74,5
0x3DbCA7e449985AF7AF074c83BCbF13FCcC2DeA88,5
0x617761e7f8f93A2E817618c910EB5C558e0f99Dc,5
0xB09c06876e24BF7b033112EA574c26B69479CC1a,5
0x61efC1Bf6e498D11009254Da019C354cf8849d2C,5
0x72656CdF1c5Bc08F7D95919e1b31Ca8a88de62c6,5
0xE20e4722f01B6E78C1a7D9d1b9De7576e4e2d11a,5
0xCBF9FD96c81823BF23E3e2F51CaBa189f29104f3,5
0x28a62f5c002401683d63Be20f53768f5C1c6E2cF,5
0xabcAeC399A891Ed703d3B6889D0F385B5DF135DC,5
0xF7Fff4bbd506f4994738C5C8C86A409FcA929e5b,5
0x56Eac0bAF81DCaB4b302C8008Ec95b466F0664AF,5
0x1A5B9A64189F54BBD3C01335e60C56c027fCF633,5
0xeCee211d2726304FC38A7cF9e51A96E24AD5dc23,5
0xA1e5a2899c82607274bd5346fb7C4Cc57A2B2969,5
0x3cC11C822B20f4bb207C69DFBa07A190C4A19546,5
0x20672d5837305C75757dFf548068AEb64e248f1B,5
0x55A5705453Ee82c742274154136Fce8149597058,5
0xb3d4206c39938B4A39596A80B1c6Ac57da2Cdfb5,5
0x0F9E9bfC9779246e5921e18a696CA9abD859c346,5
0x2b9A1bC94e76F9f4A8C46eA3CAC701808b1A9df1,5
0x63b6206f53954E123f5dB5284Be4bf416Ed56137,5
0x7014B6CD65b26c6FFd06153481Ee439ec2E38281,5
0x4B83c3CAf46c82a2c755242732a28FD296A9Db4B,5
0x8105FA2e9E9e8F8964C0ed9193614D352b24385F,5
0x1d1eC8969BD49833b6512483A75c62Fa98621e8b,5
0x692aA4F9f1D7139b08100A871D314454073eda7F,5
0xaF870161cEE20B9B04ae4aeEE5B623dc56d26e17,5
0x03Be29388047f753E969FF0f1e5313939b1BE038,5
0xc975E19e3Aa717d910c24b876D98bE2258e653d2,5
0x286438884Aadabd18058edA12EFE3FDFf840eFf3,5
0xc233d432df7E77Da2a868Dae63C6B4aEc7a50916,5
0x507303B99c42F35058B00f6Bb507cB2b094B616D,5
0xa5F7A90bAD45094aa676f81D580D8B93284E8506,5
0xe94Aa5E19eBf80c95FD1d55702Cfd30C6A1E2248,5
0xffAE606567923a901cCBB748915fDB63ea6F514E,5
0xF96a23502C48b3c7ee053db35367ee9B7660f2F5,5
0xCC459846FF7587A972CaEFF28315c8D20390c4bd,5
0x7513e092733a33eC89A509Aaf50771C32996b875,5
0x7314d37db36d7403Fe37669704eE9a33F589496E,5
0xE5C713540500A9702CF62637A3dEA58E804cC50a,5
0xcB15649D7B7a1eb01fb1ACD14809de6cF82Aa1A0,5
0x63d276074581b4F6838A8c810b9bAa315CaA4D7a,5
0xcB54ebF9e208ce6b09D6a2512227a7546FbD035f,5
0x6bE6C401398F5578E5F3c494008C44dB7DFdD29E,5
0xd2578c95C2DAF87E7542D4c305C95cef01295877,5
0x3441c4aE7cD4FDEfB0F6A2A4edDf423631CF6fA3,5
0x3cA32Dd3666eD1b69E86B86B420b058cAA8c1aaF,5
0x434Eb950eF67470F1c255BDAcd1b6A39e1c67A14,5
0x2DD7504C6d9CD7C7Fa0f551123A6eCc0F7602665,5
0xdE6785B0574e5867366d9E1732f968eac8B333BC,5
0xEc9c38f0A06ef3Ab2C549b3EB90c97e69E1E4E9F,5
0x9D3714cCEFf1e57D9653158c877dEF1E74bd6f20,5
0x2169Ec73eeB5287Ed3180b401B6383BEaf5a2011,5
0xFC397502e11b8e08935Df2295eCB8A79D2122975,5
0x79Bdda65C706CBdA69C0AD4C8da1d3e91724f48D,5
0x042276489F26ce13ABE72d0f947821D4D1034201,5
0x83bbe9CFCc205bb8E53cBa0b51d6db9386CE58B5,5
0x03A507043314ef13A83aFFFbAf15d89055F64666,5
0x3bae0F9811fB3869267CaFf8B5a1bAF00a352935,5
0x4c710B38199f589DD769D36eD52b6d0170cb83EE,5
0x646785852122c618CB2BB1a0AAdA44f1795D5a4C,5
0xB5E24042BDCEB8785E4DFa252c23F1e9AEf6DB4d,5
0x9F3C061270C4492bC65BF976762742a861e6236a,5
0xef50feE0c8861F3a022EE7a1F61bB11B6c5A1Fd8,5
0xA05D50785DFea1A5d3577c9ed9e100E335220804,5
0x38a0C07f7288872Eb759534AF7514960A6FCC1a5,5
0x61edBB3fe3d835b48a770fCBDedC1F988Dd53F82,5
0x408570441054B712a9F8b4c96101915C75e3f044,5
0xa9f5fc8C95E762537764FB5BF7F7e7DBDE5F69ba,5
0x758597A5671231211ed2DD13075c2f66cFaf4A9F,5
0xFA1E7B7113Cdca102df05B2aDC1122A3E99c624a,5
0x080BE6ddb9d0E2Afa36F05B2199b06A08826EE4E,5
0x25ef5e5004AA06490DdEe465444649857D5315b9,5
0x4310FceD738Ac2D50c199A3c2fF5ea1CA2735b86,5
0xC7e92F62C9f81CEe09CAc90D141DF6E20588C3F9,5
0xd9433fEB77953cF723f672b1E1dAf228AA3F55ae,5
0x6F625ca653FCb4cfA2424CBE958aeF8C6690c717,5
0x34925b991dce4e9A94490C8882a37c3Dc3C6C631,5
0x1998f627ad0F5904165b1796c4b111492365Dad2,5
0x486CF0ea88ef222BbDeBBE941eEbe9F72c136380,5
0x0D33d24eea04a3F776733cDfE2c0cDA228E8e7cE,5
0x9405f686Cd51eEcb2406bA0db15916675B796D71,5
0x22e2f326FE5A1d07E1214EB1C08346Fd816E8375,5
0x1676c4D77a30F1d9E7fAf0D54459bfcC207A14A1,5
0x28581D2854fBc981DBC9eA109105D73A70c527E7,5
0xb0a8B427EE85f03bfa78D278CCe007Cd90B31AAb,5
0xF619fc95d58B25B708f36a6452760314bf8BB173,5
0xF75aFb267D0869DaB374b117Fe73F4dddFF7ba7D,5
0x0daa08c9A794F5bE5E0c2A0B5410b3Ca0EDD9cb9,5
0x4F97A3aa19d2a274a96D67B8777F72cc526F3f4c,5
0xbc912D3Aba35cCB2c6c7ac0D445B9f3E866ADb41,5
0xEBCd250474C27cBaD3C56f3F34e08F97b370AC2d,5
0x387a4f838d5971399F38919c0D8fb3854C640bDF,5
0xBa55A4Ff5e6B79D66a410Aeb82f7E9c48e53a7bD,5
0x2Bf08f2E7bf56A5aA496ccC0D71a1D86e4b2910a,5
0x73E9fc119F747a5B63A06F705fA5ab1a174B559D,5
0x77Bc3254419072c5b554700B4d1C4f4C0c772Db4,5
0x2B39399cB22f7E2e7b450196f915817DFa6E976C,5
0x1ABa64C3535dD573ddAC5B922ee61E158B99F1B8,5
0x9A78d13f9Cb57eE73685a6c792E26c8dF0970667,5
0x3629b9B7986715a66a7C79fAbb834952C26b460d,5
0xdb21b58c882b08Ef367D2336AeD9E234A9Fb9b20,5
0x080CF7C73a6be337A2a2758a7095FF435e3dF70D,5
0xC0E96A12f4B8F0aB8057449b80200C251C502f79,5
0xf8F40DBF4e35CDbC404bCD8795DcA3b721d6aE08,5
0x58c5BcCddDE1660ed3CfAdca5261b069F546719f,5
0xc836bb138D419107e65d22dbb42377142446924E,5
0xf845A40a01763ba1b83462BEeCee331bc4653ED1,5
0xCe2D7f4e80C3ed1942D53E8DE406ef9B129F21e5,5
0xf578CB0BAEB867e3464F57e4EB7359bd4fcBa64A,5
0x2B627811B0C56BBBB86195aFfAE6702242cF5c82,5
0x7d5E6E52443433BB8df673844b16a391D770d001,5
0xAE64660EfB3223445c55cd76654e89101FB23830,5
0x307ad7472ce2c9667B13937d369eF9438A88fbda,5
0xCBD1CB6377F079Fe79d7AA4E6F5F0859735BF281,5
0x6B33Cfb9B0d6074ECdBBb888eE87d71D62e095e4,5
0x200e61f6394bc6a87b85EB54ba5716e3415033c7,5
0xD16E43Dc837E9E6A19C95C7436122F0a3F4BA6c5,5
0xD122F221d9C56afaC72b04dDc48f415e540376EB,5
0x371633f533626CDe63E4d9Fb11043A9E8C3ED51e,5
0x05A2d5a13c8610A26125Af7Cdc7f881995AD2fe7,5
0xe6bBe7112aD0F0aEa6183D904a2CC044D277A2a8,5
0x65fd4df72A4041F8F97EeF1f379766a5C4858aC3,5
0xfbAb7d1a5c77dfbdE04d5649D46e183906635ed4,5
0x8f6073FFCF8e4a5f90Ce473c3ce07FCFA07D1678,5
0xA515F7fB260095eebC860425493b8761B4FC9abd,5
0x5bE470cEa280c3DE66D79c2d9b021ce43C33681D,5
0xf0Df6d6ABB4BF183C49741255EB6839837A273E6,5
0x83FdCBB5678B7ee55C90d8e975829fE438c8B192,5
0x7886aD834484e953f47cFAAeb46AD9af0137ff12,5
0xA11F899d951dfaB8Db5A41a6B0e1d5Fd1a258Cd5,5
0xe5eB3553199604b98f2e7861Dea4420CD58C34D5,5
0xFf6e3780B0b8645B797a889fEEbe876C2fcCd06D,5
0xfD308dfDB978b8eD3675A90394040C5B44989E8c,5
0x42BC42766e797183E12112C835779a289Cd1A1FD,5
0x0af5C186086D974FFCEa169F8202D82D471d64ea,5
0xB7e7b0bFF7e556d033675CaDdcb496f44eFaa14e,5
0x99893Bfa2ab7307fE44Ac8366968505202D497ee,5
0x15C9aE61F5e189af05c21834DA316006735450E6,5
0x0E23F2A9c2b70Dbc4E8F900e69eC4ED82ff3F6D2,5
0x6FFFA8A9Ef64715E343a5FB6fEDcF95CfB085E6e,5
0x154Bd5d57D90cE903a71754b32BdA83240dB34AD,5
0xADE9E683Cfa84d4c47D74DE76AFe8c4d7042EB2b,5
0x52fb93047ACf981C64a3d54f9FB63d1634293766,5
0x463B61598d2e82f050a582132045C9079613445c,5
0x35F18a9Be523217b5dDDc68e54Ea1adD9841f580,5
0xe38D5840A51F7dA315b085BAcf144969A8006E72,5
0x956e5F0edc2995820511B6e27e85a3158C9Bdc13,5
0x0332A05C57a3c9C56F06329fef7B12f30dff8085,5
0x8cc8e6Bbd9f5fc21EA1B0C22de5FB799A958c36F,5
0x3a92e9760BC6Caf8e67aaB162ff045D2Cb927f1E,5
0x5C16Af050a49ECa861348fc07ec5f287aC047237,5
0xEef2C48947f9f6807cDd83455299481b3a76c967,5
0x65D619d41bE19EFE6D1f6Bfb6BdC43418015b05B,5
0x71560CbabD6F67485A9004fD75992bF52329B43B,5
0x27c1c08A4a12B005DB81521e42e3679710a8C5C8,5
0xCa5CaA294D558eBC386964FDE9562e1BDCA05144,5
0xC30b8088CbA3242D2B890E7f5aE4dF843E08f4D8,5
0x9e4C48c7c7d758Af0985fCc360ae6B7CDa662e70,5
0x6BDc1a9A9eB9d154904e53d1fD5C0FE965749Dd3,5
0x1c850d2bB346DA12f92FC06A8272274dd5EBBC3D,5
0x85CA517437174438C6f1F01C501045BE559C68De,5
0x4DaE0d73d43f22F7484671F68FE533D35E429599,5
0x8cbbEfCA28988b2eDD60ae4e44D170edE6ae01c5,5
0x0A10D65bF54be96F0e6D93b40720e4420D9Ac946,5
0xbfc9ca1c434ab19E5F75ACd2d603dc0621ef64E2,5
0x757a9D479F15ecd09F18D06b6131306DA4eD2dEf,5
0x9984F76f69a556c1E65bDc07c188245d74584c7e,5
0x486f55C7bcd6A1038d3227d0d046Ff57dfe70879,5
0x46Ed1eADA07D498d2FE8A2252c89E3bF3F95bFa1,5
0xb2ffA393F0b4072081eB2738EB8340bF877BaE38,5
0xE8cD1710D34fbe9606c89c683Ecc5091E6Ab9F20,5
0x984886312107a9ae23B8290D6C1D519A737283A2,5
0x268EF519eDBf507Ed9fF31a3EaE96c82cBE1bb0b,5
0x17424cCcCae665Fa85C3d424540e9FA87a5AF3a5,5
0x4bda94Aa5fa42e9e3747d9cC7f405a04E966fe8C,5
0x506e09E43a9f36493b4Dd91944f6fccEd3681d5a,5
0x100d878FCe93e8dA7a0866f24425CB4f410c41eE,5
0xcC4Cf561Ff49Ec0B8529aa745C6225123dc8B499,5
0x6c9d56671A152a9b310F808b88f522f01a223754,5
0x678312A2BdD03d7D26351886d303e9D6B15e4f47,5
0x9048DB4c4FF3f0CFA3936b9e33cAE17A2e66e9a8,5
0x77c51865Bc23121E4dB60ba0634aA274696B2A6D,5
0xF7d2Ac96785156c7b76Fed90BD0cED72A259EFAA,5
0xAB35D3b09dd65E228439C7c0a08c789581CeF989,5
0x1B09002ec1B5CE94A79547139Dc44769A2393A35,5
0xFe5c89fA6a990fD3C5836A9daCC72755c9150973,5
0xB87F7feAB8a9Db0be18e77F7ca96a0e517f2D379,5
0xD83E8205A4691B57f9161Afa05d90465cbbb5Ff3,5
0x0A38D92F3b911034fa48eeA8bF123F21fD7b34cf,5
0x89D39769eEf9f627D5f2efD4D212c6378B122836,5
0xcc9dA18732cb2Ecb9dda1a5b7864f7f15042C1b9,5
0x2D27723bC68d6a5B7539F067324afc5Ba6dbf92F,5
0xfB35c4133bEE4EA46D8fa0693ED89165FAc8688F,5
0xD0120710986D99463488FD7e76b7B26D33ce66b2,5
0xEd9bBf4711Eb9b8EE73f2B17aF40606069DEF6e2,5
0x77f28f9196974B110105aF5d0206aB019e9cDD95,5
0xFaFD546d900D588C65a3656F807E5247352c8Ce8,5
0x6DE7BCf1B07Ea00b39237CF48600E4E65B6ffbCa,5
0x66C71d3eCcFb6483Aa5A540088FaB522d71e55c8,5
0x79Ddbb3299b608418AE6d545bb1bE3f6f5ECc3C2,5
0xEE315119f3fcaAf91680167B967592B1a6935826,5
0xc1b1414E0d663eFb312635107af706EA232b3e79,5
0x596B5201B3Da8973CaCBe78A0399b998fF675DC3,5
0xeCdD39693DF73C1d38e9a4Cfc2775F5a2b8845e6,5
0x508C23c9f4cb4C0e00C3C95a12350792C38E8a81,5
0xa29A4C2c06A92E962417C25c31931A42e05B6d66,5
0xe3cc107321AB70cbd43CB2da37Ea4E46755C43cB,5
0xCA5f40D7f5177F6b1090cC5C52E18bc4c2F6F582,5
0x9c6cB4DB766797328E7cB5987Ba3796c935e570A,5
0x5d2b6a03721Ec823015EccE31e8173Ef40cbD369,5
0xa86693888186C3F4632f7EF237ef61C68e983443,5
0x17e78bDE92C171a7D8B28D9290d2F358755BE109,5
0x987315E6546492A8C284b17d9bdaE6ee1C5a184A,5
0xB73a62Fd2952Ed68243cbD338a1205a0cD68D300,5
0xEeC62edc33489ca70964797e16A894cD649427B9,5
0xDe7945f99f8dF3C03822c91656783699f0fFd7F8,5
0xE303a9962753EFDE83F441090c6132370E00Ba79,5
0x66633Cc6B84CD127A0bb84864c1a4eA0172469A6,5
0x37740372eE862Ab8701f49412F7765561caf6520,5
0x6941381b2D5611693e0DA51A99e7fca234D57C6F,5
0x073bd72a224946a368148399C1c8b558605D90bd,5
0xdB912FAb7AB5FD40F17fD470573b3B999c62232c,5
0x966bAc05eC0f9868b0e3AA28e6d18a7D00fEC75E,5
0x13A8a58959EEBEe7D45CD8fF2234E8986fFBEC88,5
0xE338B71FBdBd6644D3B5c85FA31854dE9a6Cd4F3,5
0x90AA5c7a67081409d0b826faCD34600463778a48,5
0xc3A6E2b72EE8478A85593Bfe86fCd612855BeAe2,5
0x4FDB2AF158E1c8577880dac726b32a5e43867ad1,5
0x6D67d7C698206857689de8EC6621d60cd6A1D79d,5
0x500bdf8B7680d651a934B8C595b7088553346F43,5
0x09b93AbCA90eC10B8572d257Ed691c8F82Fc1A3c,5
0xc1bc64efc56D7dBe2116c93d7CB7AA751c6E1a33,5
0xb1a3EB48091fcfC4EdD53745d4afb1763F004B88,5
0xda3b62C6f1611894e578c908EC90Ec2765872088,5
0x89f80508845277300e5bCd612904F7B4bf0d8369,5
0xaebAea3A77E0Fa4784654b32C5d49370e742c93C,5
0x9C5d711cfCB6e0818924F7CfcF02D439b431591E,5
0x327CA962Ab8bc501935E850c93b7e57036F474b5,5
0x45e61871751A911a96e85D98c7FE56cc4568F8d6,5
0x25b91DF6C082A9b5a994D2A700Ed55d13e6Cdfe8,5
0x745b8D2274aA4A29445816D7CF38b84bbe86296E,5
0x76FD0Bd4BD02e34eb58A79a96d0ed072300C972C,5
0x9Eb90fDC301d5C749E15E12E869aAA9914648Bc6,5
0xc5d8828C5c1D0bE9967a5fc15ecc6449e63eF7fd,5
0x47bbE20A39769279e550aA1dD0309C8515274284,5
0x8DF4373Ec4481DE7D37a111BbBea8abCF3587959,5
0xCAC6E59222451725C5AD6a5100f28D6a6C8B011a,5
0x5A8FB2421cf78e13C2fEEC0071aD1140299273A3,5
0x8455dA5Ba5F4F739Bbf34E97167f2Aa436287843,5
0x129b5B4a911315c136fBD758565131b24967de65,5
0x0724AfFB7D9390F9Fe3284c932371C9348a9805f,5
0xE0EaA12C606267527e270F8b7D88eC5F8F55b54b,5
0x8028bE0a226d59AEb1C1144ac8264aC28004241a,5
0xAcd54246EDa0c5638a247C4717a8782c21497eb6,5
0x4C6808d245a264D99A6f96a4f76F064836f07139,5
0x7EfD98f01A75Eba9E9E2e51abB94b74d0f03adFc,5
0x70796E8Deea0cB8A962917a22C3883f0F595664b,5
0x3989242c1D1FE5D650A17A041C4A277FED777D6D,5
0x6433fd0AAfAbe871bB44572d684DdfCD5D9d52B9,5
0xF97f261E2Fd4CB035412ABcde731d29c52DCE136,5
0xE9F58aC8Db945164D2938aB0afb2674B3bCEe4e3,5
0x6cCddc06415f66bAfd6499A189f8C212c143BFf1,5
0xF6b115Da93441B9C6FA3498be13101D8C798bB48,5
0x9970a71Bbd7ce3fD9db7AB2552D55b9bC90925A3,5
0x2bC92213796e277C4A4C51eE8f186805f0407955,5
0xF9bc677E223cdFC23b3003d02a207d1F29344640,5
0x865288100ff04bcB116c7E1b05156018fF517ae3,5
0x4c187372ca5bCC6b1C10c989bC94cC6C9f44406C,5
0x35b29Dff52995F390B787A667B9e9245a6Ca78bb,5
0x35b3F506065383Eb6196A235610EBD1fCAa36C45,5
0x94dB536B614151CF4B1159F74471d738803066c8,5
0x4851F5f975ed9e46ee275D2Fe95AbF8e24308afC,5
0x29128e764A3959204BcAb02B315ae22e7D1d7BBa,5
0x8eBa4b9C0cf390e3ECA11b3aBD0dF66060202350,5
0x58E300f72e8cFb6194C35E9B65f0929A13b3eAA3,5
0x48fCaa22770422b15Ada539Ee4c769cC041D7812,5
0x0a3234a2f7E0026364a6fa61b286c8b107E2CD3C,5
0x0BbDE37A5B38714164bab3A921Bf485D69F1B2cC,5
0x57Bbf050D8920E133869949C0C3803AFfc4015b2,5
0x76b849d7C7ad2803CA81fca5F0ca539063Bb22bD,5
0x522260E24588cF8FD97B6266565e08Fe8460fcF8,5
0x7a40E4513e337430678F1A0811207C788A7c08D2,5
0x3f17502dA0ac0235eD5CA05B621E73bFcB0a9B0e,5
0x61F3452194de23C765560415894f0249560eCbdD,5
0x6D0CECF442ad3aa5292c09E5843a7ABc387A8744,5
0xf7401c0e16D547FaAee4e156Dc1a272d8CEf5c15,5
0x905272e589418183A7177b0689eB9d0ffc7f7dcE,5
0x473F1332D5352C99A38C7f4F6cf7c35db4c72508,5
0xd020DcD3ed9A57554D98EB29C91f1746b40d22DC,5
0xb50a04b2AB02f88B20B75c82ec747143FA84f84d,5
0xC1c7474bD53104B9da90BbceecdeE90ED9269ba5,5
0xE42aCe1D1e686e9245F74795DA3433aec452Fd75,5
0xcdE212c5B66cddacd470C1aD045eA826fbbE486C,5
0xbF8Eaf9452ac7d75E287a6ADCB8271118E8d4F35,5
0x1708C67F9d3095c92DDCf92E920f11A0aB64eD53,5
0x1e0a32F18c1E75BE00B2A2D118d5278714755D17,5
0xEF87243Fe29c2453F87549e02982108a3B832952,5
0xA1aF9C704783F887dAe66A09ab123AaD6373df9e,5
0x20A6A6aCb4f7CaE11D302C52dfdc159154387161,5
0xd67B21c3Ab3DAa6C5F3506EBd581c58f54FE53B6,5
0xf356269d9Da0fB940FdE1CE06bFa5b588d793D92,5
0xeA697F0E2d66d4B94DCb3da06BED0b8E62d199D6,5
0x0ff33fE9BFd306B4973d94c5C02D43fd28fdCae3,5
0xE0E216283eef00895b6ABAa73848448596B85724,5
0x960e830E81c4B41d4Beabf6CeEab7C54b9ACD017,5
0x134F5a1e7aA655CE6104694a59C58E23cb28a9d8,5
0x5C72B98aa0C0fEe089e7bf4019c509d880E4199b,5
0x1F809a6131F81369157567062D48aeA6DD269E18,5
0x2e7735AdB640c4A1f6C72657c66FbD892D487d5D,5
0xba6C7A241bF13319E9aF78422749754082d8b75E,5
0x0D12338EA5db8c1732eFB9031cA4853C1128B1f0,5
0x11925475EBd17C662409d2c0c352f144AB1cA637,5
0x44686173ac5B0052679cBc4eC9Adffd16808dE27,5
0x135d94fca9769bd38606F030c079cAE200f29E15,5
0x852B888C15A64d69A1Ef16d26A48C1a1C2Ea4Ab4,5
0x46893bCCACaf54Cc656540E98c7fdD099b9F04C6,5
0x8e8Df6A0cED9830AF7841441d401f4c02647F940,5
0x32f3B99BFb91313310346CeBb5D9782D198dd1D7,5
0xce9b2365A2ffcB47260698965c1b89E5498770aB,5
0x1Fea22fa1A2bf9A277bd87418251475fBE64425e,5
0xD4BA10F4dD5aC8361e32fC6cfdAc0E72245807eC,5
0xbeF78e9aEDAD0F6fc67aA546dAC73FCd429CAD0d,5
0xB08669F723cB756aaAd81182467f3EE303992888,5
0xfaF261Ac8394a17E47dFD3F997c6D454F90ED074,5
0x1788285dcf1F93d912a98b315bdE81E6Cd4f2F01,5
0xa0020E26DbD5d2EA3f410905b15fbA7710EE30a3,5
0x868652499d1BC6204bE6D4823812Dc69211Ae938,5
0x47Fb98a9BB72302fd46e6A020FE02F6e7EcEd64D,5
0x242D350f89667D24c96124802be6a1Ac1a5fC660,5
0x531ae27470E2b32ea88ce27E33C122d50264E890,5
0x44708acA3bCc1670D83E8cDcEb0F3e63F66177C9,5
0xAC86865Ead332e31B1c2d414BA3991618C64A1F1,5
0x4a1Afcd803dCB7CF37B39606b7d911CcF3784772,5
0x86771A6f79ce5a53A651306CDAb5fB7198bf15c8,5
0x572a4716979814BCb06835D15C13d48c21860a17,5
0x4351b28c70FD7Ca621e0FA9A977ec58Ee89d2e81,5
0x6bC2B759A57288454049450D41f7aC15E3bA2aCC,5
0x0327cA1483773a655EDb50E872D94c3c235AA70d,5
0xb4B735e23ceDB8D535011eC7bAD430b66F1D467F,5
0x6ca661B2782c901624E7014D8763953d817C4184,5
0xA9Cc0Bc788fe5931902C0E392FDD94A4F2403a13,5
0xf1452D07489Aa448597baf5Bb6303856Da3C69ce,5
0x8f38a228719C85AD261d10B28ADCB76cCC334c82,5
0xA485329AA751FE7955661772DB841Db51e9a2E08,5
0x1cc42446804338f73C9cBa99B5a0e0A695fe1074,5
0xB24B961C30F5a4A0F599513c52b790c2b369d7e0,5
0x2895FF2286A610FE63c6412FCf2D46127439FA68,5
0x020Ee2b3876d33EdE0D7C751a3a4593CAB11b90b,5
0x6198A21292308cE287eb9e36e273c1773c5cA888,5
0x8b2244bC61c64c2F5BF90D43C3B93ec73C786E3b,5
0x3ca4bc7F14bd114364Bf2089B4A6C136E7A31edD,5
0x747c29e6D0529a5f174fA26645bCf8CA0C4d358a,5
0x3C516f085E94177Eaf0BdFB5b5eb1aB71052d064,5
0xA97EBF430875b4d9E2304effC172994c91618794,5
0xc11fCAED384BC75D2A40Fe4b6d6Ff1c50Fc0e9F2,5
0x8844529aE133B03DF0098F03575C728388348D63,5
0x3F0fCfb6971963bbD01c18531AF78AF6bAe2bb52,5
0xd2bE0f86eD46FA0eDc88592C5C58Bc25975b8561,5
0xb967688619d045B4feb7134ab9A72E66Bb900F11,5
0xA0cc04B4356B7b8db816030E8bf1977bBd75ECFD,5
0x34c7D0638Dab854c7246623575B7839031b4fEF6,5
0xF7d36A57Cbe154fd3d9134CAC44AB49019180E12,5
0x389014bA96E054C86a22B94B03ce66584841c9e0,5
0x7d8c68F50C8797B4bd69579FC19952f223eF50c0,5
0xF68cCa2ACb3C59371c28db60C6Cec55119d03C34,5
0x8481f52600269F7b32a0855A98FF22880A426228,5
0xFf8a7Fe3d801e49Ff0120e99A4170cF5003FD85d,5
0x0174c275B0e8226EEB199bfBBb6b5B30eC3D9135,5
0xbC8Fa485caAF8e4bEbE2A2540eFE29731835DB67,5
0x27e32Ef9576dc05F4D08d978106fC16351d4cb0c,5
0x4879032313fa7648bf821f9880ba2C645D0f356b,5
0x474eAc4A4D7932bD62ABE165aBD7D2b9F2e2F88D,5
0xfa2B5b90EE2d61c4F9DF06Db4b1D851239CF5Ca6,5
0xB4ebA1445087d18903A43231cC3ac577C0d87Bfd,5
0xFA0fa60682CA9E8cdB1266400b65edDDebE3C7a6,5
0x204B05cDac205913C9b900179eAae3264d03d644,5
0x161b1d3aB6cFd2b9F42Ec758FD5a9CEbD0808952,5
0x41F17D85FB4a6025656717894f63e54034b0611d,5
0xF9a072f58C903d65927541Ba75C3376F363c1FcF,5
0xFfE513fAB7a6F3314419EA2a894db2f8F23D9dD7,5
0x609ea0c7d913039d9D52fD0e72609020531eaC7C,5
0x8b36EA942aA14D6696Ff5E5393c54D9ae6Fbb342,5
0x312f1f29870185a81B3b9D127537475F49a273c6,5
0x819Fec659e1C225ce330B02e01f1e4c629E92A7a,5
0xdfc0dDf4a51fCf802C78B861D77B0E5E36552Ca0,5
0x6Fc03c7D90858866DbE7cf3dcfaf0948743E39B1,5
0x75963B63D551Fc3723F3Ca40bc43c45201b35f33,5
0xA9551E7424127648bbc7EA2b0dC78F8C6e023005,5
0x5F9211DbA600Ee22d9961fE35b767dA5EaA484f5,5
0x5e36B9EAE998093ccc8c688c53AA16ae04405678,5
0xaABEAb199E717C90e1608bFf914Dba33DdFfaB83,5
0xA78a738D4cf8C0F9939323ceED5aea9Ea1b42CD4,5
0x80b9F11600A39f3a4165468614B0e2b0365CC1D4,5
0xfC414DAf238a3cBea641F9eeD8959cA6aDAeE3fD,5
0xd3d415CBf39ECb1C071b6b66CC15aAF269852b10,5
0x3feb9298170A751e4E6c81195912fB6a5784139c,5
0x090DCe878960B6BC0d5746f67aAa984BEA3D396B,5
0xAba9FaD0213774FA1E58dc1eAa1417394f748a0F,5
0x6CbAe2A966C9bFac13A97B93427E2eDFfBCFC2d0,5
0xDc39435E5Bd6C0234E159e30022757efEf85e448,5
0x63A43A24DE2CE6B1BFED393f6FAD714B172a977e,5
0x1db5Fd3c59e8A3723AB3F044304fDBfE6Dc4Aaba,5
0xd5Be83b342B5AD3D661Bc47D9531416A5ED94ede,5
0xEa43e51cb4BAc05e8352157bfBfC15c1d8Fda8a6,5
0x2E3FcA35CbBb34DC9005EeD1CdBfEfF763CcEECa,5
0x994F96722575B64b27CDBe327498F34Aaa2f0043,5
0x0411731Be3b7cBA409ede437472b75004353D81A,5
0x40Ef3Ef4225E7c69188B8825F26c84983A468E7c,5
0x13bd5d9dff3fa6Eb1D3928f34afd0d2d9543989B,5
0x7bae01034704381D3f7B09D3C1F1FBd17D71Acb4,5
0x1eB4F5aE6E14F6376b7175656994F58ceA565C0d,5
0x872f290759082eAf251e33A8dC89606A765b6918,5
0xF3780714208e13763ab2D32F01416b7378591157,5
0xe0BBf9b2F219E2dFdE891CA2E8B7f08592092623,5
0x3C41520b9Cd2E7643d76bFa7eAD9CC16Eb9E972E,5
0x07c1789c79FcA508464601D7732C240A29bAB997,5
0xcD7b120422dF25e5881a0458FA17eC562c25e597,5
0x922887D0fd9382ee9f534f925A775102229A19B1,5
0x4605EB020c94C27BcD352497D151e171896498af,5
0x4AEE79Ccc1519403AC3182d392Ae4D54029D2d5C,5
0x98aB1d07435782C27bDE67dD0651955F27f314C3,5
0x92F2060ce26fEEC9B8A02e41F416895EB03e3f29,5
0x18EFeE97C630aBEFa71267121e49c12BEBcecced,5
0xB5395D151ADCaa8F666526cEfFbdce5B465B5fC1,5
0x0e19e07793aB72476990F639be823BD9fee4B99c,5
0x7157479DEBdaF3eF31755Cd5886B40A7519C5422,5
0x68831639265bE8228640B27E339dE05a12aa4701,5
0x57185a9EdEe0A7C807caA54d0BD14317cD3013F0,5
0x021114112f243887D66E3269153539B2F4d900bc,5
0x3DC5298ECa01E265694530eb502898E782095BC6,5
0xBcC613f440f7B5285cffed09bd1a553B928551aE,5
0x2eFdaf5e31A336B456a93A6Edb4F0e55e5bfe346,5
0x49f05543300790633b7B7fFA561a12Cf300CC02A,5
0x47240C2ba6C39dE527f6057BCe1B55A4e5E49C41,5
0x24BdD028322a5999D8A10E480192d8510E88CF7f,5
0x0913FfFbC33D8BFf0dd5aC994F874f03ccb2532a,5
0xa286bb40bf39473209389015166A2aAb74355809,5
0xA012B32d3568CC93713A5e63DF7a772Af034af9A,5
0xFE5628d04aE9db0a512545860fc5879F2e0dd5b6,5
0xCAd140517D40b5A03ae1cB989032993A429e248b,5
0x058f15b223985ed5832B8719ae3DFcA30847da72,5
0x073Eb1bC0dD9388d2c5Be2909f35bb9953D418A2,5
0xc9b4EAc1DD76dFb71fA27c4Ed42597Ab1CdB7852,5
0xcB85C7AcC156cE16a5D57F9db1565D90040AF3D5,5
0x42dD2A0502069c2C54CC44b679C1383CED3f7CCf,5
0xDDdC6A81fC8ec3150fD49B835150b9EC8d258E50,5
0x6574080a89289178426c3065eefa43982a3C2312,5
0x556A257F8Ef54Cc0ab7EaBBfC74302047F528A6D,5
0x8e22a7bdb25eb28c7dFb10664d8ed521aBBB494A,5
0xA88595Dc697b73f23B8C4FdD045eCF377059F197,5
0xD699203Ea1C9Bd9A0158F9446BEaA1bab7ab26B8,5
0x52A9693B4718CbEEa7EcF7a5A9a9A6A0Fda5f260,5
0x65DFd614C0Ab5fcBB63E459fA7bB0E90b7D9b17a,5
0x134dCFf9207D9f949EB87364299A5B8E1C1d737a,5
0xb283444Ca1b40Fe6965E987606552934bCC9fc5a,5
0x28091F0613f48258Ad41bf2f79CD5184eA69cdE2,5
0x3aa50e86b3aC589bf3a9b9D3f90Bb6801611e8ED,5
0xf71F50AD3d8E6c48cC15e7Ec29A62A0a9E17bE65,5
0x5115C23a954e9B946399574F6Ff465020e9DfC39,5
0xAec1028a1EfcC54Fd702A6fB409C27acb6f71041,5
0xE8b1EF36473Ae17b2f9236F1C19f99739bD969d1,5
0xF65A0F2E3799DD8f6c5b6831441513aABE07b375,5
0x94D850193221b3E9F7557480383698233E1D3F72,5
0x05427c09De33ccC5732F033087eBE08086614fFE,5
0x8061D2196Cd9d0D5335b6F37a0f27dd6Acd6b5D8,5
0xe8D30bBD4C1a398e19dF4654594fEf11e9e13eF6,5
0xd9939a0FF223AF886CBcF2C0140C4cC19a8b56FF,5
0xab7ac2D300a7326F81eF7a053eC9d4c03636c2C0,5
0x1d2622961ef6997Deb6B4Ffd3a81627A3Fdc13A5,5
0xD99ed378Cb155D070E29d680c6C32cb18f01D517,5
0x1d6fc8DF2fCc40474D55a42d1c04FCD9be9941ef,5
0xdAE80D5547F5B9431829eFeb2f654C17FD270b41,5
0x7babefFca22C2079569d573E7bFfbDA93368868e,5
0x0E9d6Ae20c982b43c219E9bEFd94ce2302264068,5
0x52FB914641daF95A7596a93684a50909fbCDf857,5
0xF34ffCB23746233102F781E745e42Fdb78ed532E,5
0x6caB60CD9A02d9eD9398e6B9389A1E4ba7266006,5
0x9B32E12d0678628aEE378dbDf92f7f66f3F4DF80,5
0x2F04b0BF294040739222cc4162aC951Ec44A5554,5
0x162AD50b8fedAa690F70642fB697B05Fc4e6328f,5
0x992f80E69DFe5D5feEDcA4c500aE50205f1f9861,5
0x7AEFe061908BFe931f64633c454ed8eC83431421,5
0x6B190ca03fF9cb582Fc80d0fa76069d8768b8B99,5
0x134A1fC52c13eB57Da610595509aAb389140Fdd9,5
0x58F2b059387CA0Bd613E720AB0c55c872e11e9Ca,5
0x77992a00f3eBE9e891f2f07E393F3062E4D4FFA3,5
0xa758b893faaD655f6944277eb9ece3fE54820a78,5
0xd011e3875e3D0229b0E186E64295aa47994c40d1,5
0x0a5503295a0cf364f39B9E175c4b08Ec8fc82D28,5
0x0aBF88A08E182F03EdB15985c60860D1D6435C54,5
0x248B01D2D65F319c45d90e3c09F5680b83338E18,5
0xB3CC09f18F9bea082829A3a92a338cC1E11d19FE,5
0x6CF9F1e84E8542Ba48b2A295b35F62dfE5f7B9FD,5
0x18Ef3E242A6e8A660E36eBD64949520f116a7d51,5
0x338c03aaA18E060158742FB984037f95F69e9246,5
0xa1bFf773114Ab4e98F931f44D9Ef8C06413EC326,5
0x1F1948894F6c7619fe9a5d305ce0bB4EcEd7e375,5
0x16Ae02d19C5FeD4407BCE1453f33FC191c8b48B3,5
0x01C6fbDaa7264E3A4174b1b66DB3b31BEE20beD3,5
0x9Aebf9743530ECe5E64908Fa14b70Ce8f6A1479f,5
0x524B12B03181c733C01FE3713a03cD5782C6b14b,5
0x1aBbaEFbFBcfa6480F0850F838838C04616d3B46,5
0x46659AaD6ddd0b63395D800200566E5DE4Ea9dAd,5
0xaB8461A734A7A936f895bB056b596D6180B76B6b,5
0xe184a6CA86BD604771B77558a49881f8b3A73699,5
0xDb10c9D924B58F5fad3FF0A72888FA10E740850a,5
0x1fb7D2BB6b5fFf5F73fFD026266554F11FfDb687,5
0x5FE922845A1F2Bf90289cA3609D6285B48B2bbec,5
0x7b91DE4Ef6CE7F960f0dE97d663DbcCd4f437b37,5
0xF18b36DeD7A3274177cd8bE5b044D03047647104,5
0x4913AB508a3F3Bac9f0e9390234f607328917e02,5
0x23E2A7F837766Fa4857aa9Dc908161829C43B846,5
0x549F70a833C13f171dF7eed465185ef9fD4969bc,5
0x0782b1906A15dDd2E4e8d1553efb176F392E01c6,5
0xCfCdF179C36Cc1fec04c5681E270fd5eEb4C5801,5
0xf419A4eB16146053A5311Df4727662EC98B3d58C,5
0x785cb064783B30B71c1f03119A561256F2b7db5f,5
0xc67256Ca58fF27b5f3D51b309ED248a35a202f6d,5
0x10916913A9C76EFA87946f1abA7d180E04633a71,5
0xb39BF4d0a51FBe4525D34928425317B7cDaf63E9,5
0x81f4c280b59FfD661cef347d0AB8be556b6365E6,5
0x04f56519dE241935905729A9120758616ffF0B36,5
0xF507d8235ec866CF78e5DA89e59BCf141346bEBE,5
0xE954F4c5249C505876DEC5324754Ac91471Ecc36,5
0x82E0D9d0DC14027BE54C44317542fD680A7766dc,5
0x1208614666298B08C8A3B49FeacA7dDB3A105d05,5
0x6213aeb0360262f671Ebb6C0093AaEf8b5A251aD,5
0x9b2b6D40827896be5693Bab53888a8b4D97c735f,5
0xc76984d6AB341EBe4E9Caf31e47bAcB1a99c279E,5
0x9F8B69EB4C91139cd7a8a8E55F16747b11564C67,5
0x11e7C5CAa6Dd51649DBa8667B2EdBd0eF65ca5b9,5
0x144579Ca8832050eEb8853e1A3793AC99F4b318a,5
0xC1b3334D515DC93C8aBc6DeABE7db21f05A1Fec0,5
0x9C88367275f6eA7d8F0b9416Ee927D22d9Ff7D28,5
0x3f602e2eBF0A3a1d6232603CFB18C32Fdcf848E1,5
0xf7c6a011CCB9274876c1787e7bdA7Db3de4A2d1f,5
0xadc43075f2e45dAf2dfA5230fac6Ba6aF6283bde,5
0x17bbFb308a68809be9C9fD027454B644FE16d712,5
0x844cb155C62514aeB236f17290d3c2413ccf295E,5
0xF0a89BDCbd4E8FB07Ff60e0b1230B4B5BD57ae07,5
0x70E7F45634a280A4dC335C5B84498c2c35c80f45,5
0xF37A1e05106bd964E5095B328D6Ac5629a1f6b54,5
0xBed1956821E5dD34B89244FDaD88457361254Fa7,5
0x2f52fD101A9d766A87B3b241Ccbe596337310761,5
0x87A73e01C03f0816b02042715E542E00De66f5c8,5
0x0f3C3349F89f11ca4035B0CcE3027E9Cc5FC0d55,5
0x17A7Aaa564511583E67C0A85DF4362745B2984bC,5
0x2CBD6b950675B1CEA7b60DB83a3264B90FD2458b,5
0xEec45A09A8A2AEe73082A40392201f6B5d4fa734,5
0xeeaf648ebE2fb130f073551f7d4A217C14E806ba,5
0x39a867418f331867CC7867b29622D6F74A574B25,5
0x61f7768cC2f52BaA74ccAaAb3118Bd3Eb809DAFb,5
0xC3EE19826F13b3509c8fEDcC5576552c36dd74BC,5
0x943720f374c2045B8A466bfaC252E3ea4b8e8f3b,5
0x1e9f7e255F5EE76241eF593b390fFe87FF419079,5
0x089349438a427B8648D0Ce6f88b0185070FF8061,5
0xA6703cef72eD7536f6648BA375eCF71DcD25d641,5
0xF87Eb3A8457Ae4e42AACE1733FC321d9D1A10678,5
0xc2E2dc43d03b53876C1B69DCd8Deb7FA6e520a54,5
0x2a2CAE83f1Ff1b537f5d5c5A20C97B0099726AF9,5
0x39786Bea63A45bd50e7164af942E706D01F8C8AA,5
0x0A5036Fe5c1c091745Dd8E1892CE1E8E9F0a73a8,5
0x54B937e7f96EE3195832a3EfDf363A168BC5c0d1,5
0x1d722F6a1FBD9378Fc04e91c3DfC16B6fE9d1e01,5
0xb5bb0D56Bd5BaD6A654de7b2D670e36134afa81b,5
0x39a7bd13D2A15c70f7C8e8c823910aC3b20E6dDb,5
